# Blender 4.3.2
# www.blender.org
mtllib bench1.mtl
o Cube
v 15.813322 -0.651585 7.284093
v -17.132248 -0.651585 7.284093
v -17.092175 -0.515975 -7.729475
v 15.813322 0.426580 7.299247
v 15.840616 -0.515975 -7.729475
v -17.092175 0.943344 -8.204644
v 15.840616 0.943344 -8.204644
v -17.105192 -0.374810 -7.250526
v -15.873310 -0.515975 -7.729475
v -17.132248 0.426580 7.299247
v -15.873310 0.943344 -8.204644
v 15.813322 -0.921038 5.457964
v -17.092175 0.589283 -8.742771
v 17.059483 -0.515975 -7.729475
v -17.132248 -0.921038 5.457964
v -17.092175 -0.656268 -7.846111
v -15.873310 -0.656268 -7.846111
v 17.059483 0.943344 -8.204644
v -15.873310 0.589283 -8.742771
v 15.813322 0.426580 5.442810
v 15.840616 0.589283 -8.742771
v -17.092175 0.015925 -9.190028
v -17.092175 -0.775645 -7.875185
v 17.026215 -0.651585 7.284093
v -15.873310 -0.775645 -7.875185
v -17.105192 -0.207467 -6.482949
v 15.840616 -0.656268 -7.846111
v -15.873310 0.015925 -9.190028
v -17.092175 -0.623751 -9.412788
v 17.059483 -0.656268 -7.846111
v -17.092175 -0.945310 -7.912123
v 17.026215 0.426580 7.299247
v -17.132248 0.426580 5.442810
v -15.873310 -0.945310 -7.912123
v 17.059483 0.589283 -8.742771
v -15.873310 -0.623751 -9.412788
v -17.008816 -0.392804 -7.259309
v -17.092175 -9.206570 -11.239136
v 15.840616 0.015925 -9.190028
v -17.092175 -9.212207 -9.704416
v -15.873310 -9.212207 -9.704416
v 15.840616 -0.775645 -7.875185
v 17.026215 -0.921038 5.457964
v -15.873310 -9.206570 -11.239136
v 17.059483 -0.775645 -7.875185
v 17.026215 0.426580 5.442810
v 17.059483 0.015925 -9.190028
v -15.919357 -0.651585 7.284093
v 15.813322 -1.847172 5.596490
v 15.840616 -0.623751 -9.412788
v -15.919357 0.426580 7.299247
v 15.840616 -0.945310 -7.912123
v 17.059483 -0.945310 -7.912123
v 15.813322 -1.462693 7.401905
v 17.059483 -0.623751 -9.412788
v -17.105192 15.231802 -10.652991
v -17.105192 15.399143 -9.885413
v 15.840616 -9.206570 -11.239136
v 15.840616 -9.212207 -9.704416
v 17.026215 -1.847172 5.596490
v 17.059483 -9.212207 -9.704416
v 17.026215 -1.462693 7.401905
v 17.059483 -9.206570 -11.239136
v -15.919357 -0.921038 5.457964
v 17.105192 -0.374810 -7.250526
v 15.813322 -2.703063 5.782567
v 15.813322 -2.158116 7.546194
v -15.919357 0.426580 5.442810
v -17.132248 -1.847172 5.596490
v 17.026215 -2.703063 5.782567
v 17.026215 -2.158116 7.546194
v 17.105192 -0.207467 -6.482949
v 15.813322 -3.921196 6.161938
v -17.132248 -1.462693 7.401905
v 15.813322 -3.239564 7.877376
v 17.026215 -3.921196 6.161938
v -15.919357 -1.847172 5.596490
v 17.026215 -3.239564 7.877376
v 15.813322 -6.824503 7.315571
v -15.919357 -1.462693 7.401905
v 17.008816 -0.392804 -7.259309
v 15.813322 -6.142872 9.031010
v 17.026215 -6.824503 7.315571
v -17.132248 -2.703063 5.782567
v 17.105192 15.231802 -10.652991
v 17.026215 -6.142872 9.031010
v -17.132248 -2.158116 7.546194
v 15.813322 -7.182919 7.466407
v 17.105192 15.399143 -9.885413
v 15.813322 -6.729955 9.255869
v 17.026215 -7.182919 7.466407
v -15.919357 -2.703063 5.782567
v 17.026215 -6.729955 9.255869
v 15.458597 1.109444 -7.574115
v -15.919357 -2.158116 7.546194
v 15.813322 -7.941345 7.671488
v 15.813322 -7.790471 9.511213
v 15.458597 13.747548 -10.329403
v 17.026215 -7.941345 7.671488
v 17.026215 -7.790471 9.511213
v -17.132248 -3.921196 6.161938
v 16.254465 -0.392804 -6.514883
v 15.813322 -9.193190 7.776202
v -17.132248 -3.239564 7.877376
v 15.813322 -9.164995 9.621887
v -15.458597 1.109444 -7.574115
v 17.026215 -9.193190 7.776202
v -15.919357 -3.921196 6.161938
v 17.026215 -9.164995 9.621887
v -15.919357 -3.239564 7.877376
v -15.458597 13.747548 -10.329403
v -17.132248 -6.824503 7.315571
v -16.254465 -0.392804 -6.514883
v -17.132248 -6.142872 9.031010
v -15.919357 -6.824503 7.315571
v -15.458597 1.276787 -6.806537
v -15.919357 -6.142872 9.031010
v -17.132248 -7.182919 7.466407
v -16.254465 0.392804 -6.514883
v -15.458597 13.914891 -9.561824
v -17.132248 -6.729955 9.255869
v -15.919357 -7.182919 7.466407
v 15.458597 1.276787 -6.806537
v -15.919357 -6.729955 9.255869
v -17.132248 -7.941345 7.671488
v 16.254465 0.392804 -6.514883
v 15.458597 13.914891 -9.561824
v -17.132248 -7.790471 9.511213
v -15.919357 -7.941345 7.671488
v -17.008816 0.392804 -6.613816
v -17.008816 -0.207467 -6.482949
v -15.919357 -7.790471 9.511213
v -17.132248 -9.193190 7.776202
v -17.008816 -0.374810 -7.250526
v -17.132248 -9.164995 9.621887
v -15.919357 -9.193190 7.776202
v 17.008816 -0.207467 -6.482949
v -15.919357 -9.164995 9.621887
v 17.008816 -0.120593 -6.501888
v 17.008816 0.392804 -6.613816
v 17.008816 -0.374810 -7.250526
v 16.439266 0.392804 -6.613816
v 16.354717 0.392804 -6.613816
v -16.254465 -0.207467 -6.482949
v -16.254465 -0.214429 -6.514883
v -16.254465 -0.060990 -6.514883
v 16.254465 -0.214429 -6.514883
v 16.254465 -0.060990 -6.514883
v 16.254465 -0.207467 -6.482949
v -17.008816 -0.392804 5.452024
v -17.008816 0.392804 5.443190
v -15.919357 0.392804 7.259309
v -15.919357 -0.392804 7.259309
v -16.254465 -0.392804 5.452024
v -15.919357 -0.392804 6.514883
v -15.919357 0.392804 6.514883
v -16.254465 0.392804 5.443190
v 17.008816 0.392804 5.443190
v 17.008816 -0.392804 5.452024
v 15.813322 -0.392804 7.259309
v 15.813322 0.392804 7.259309
v 15.813322 -0.392804 6.514883
v 16.254465 -0.392804 5.452024
v 16.254465 0.392804 5.443190
v 15.813322 0.392804 6.514883
v 15.840616 -0.344414 -7.259309
v 15.840616 -0.334525 -7.259309
v 17.008816 -0.344414 -7.259309
v 17.008816 -0.343685 -7.257312
v 17.059483 -0.343685 -7.257312
v 17.059483 1.156349 -7.584342
v 15.840616 1.156349 -7.584342
v -17.008816 -0.344414 -7.259309
v -17.008816 -0.343685 -7.257312
v -15.873310 -0.344414 -7.259309
v -15.873310 -0.334525 -7.259309
v -17.092175 -0.343685 -7.257312
v -17.092175 1.156349 -7.584342
v -15.873310 0.735618 -7.492616
v -17.070663 -0.343685 -7.257312
v -15.873310 1.156349 -7.584342
vn -1.0000 -0.0000 -0.0000
vn -0.0000 -0.0000 -1.0000
vn 1.0000 -0.0000 -0.0000
vn -0.0000 -0.0000 1.0000
vn -0.0000 -1.0000 -0.0000
vn -0.0000 1.0000 -0.0000
vn -0.0000 0.9771 -0.2130
vn -0.0000 -0.9770 0.2130
vn -0.0000 -0.9771 0.2130
vn -0.0000 -0.2130 -0.9770
vn -0.0000 -0.2130 -0.9771
vn -0.0000 0.2130 0.9770
vn -0.0000 0.2130 0.9771
vn -0.0000 0.9770 -0.2130
vn -0.0000 -0.0112 -0.9999
vn -0.0000 -0.0141 0.9999
vn -0.0000 -0.1479 -0.9890
vn -0.0000 0.2032 0.9791
vn -0.0000 0.1437 0.9896
vn -0.0000 -0.2124 -0.9772
vn -0.0000 0.2928 0.9562
vn -0.0000 -0.2973 -0.9548
vn -0.0000 0.3577 0.9338
vn -0.0000 0.3693 0.9293
vn -0.0000 -0.3693 -0.9293
vn -0.0000 -0.3879 -0.9217
vn -0.0000 0.0803 0.9968
vn -0.0000 0.2341 0.9722
vn -0.0000 -0.2610 -0.9653
vn -0.0000 -0.9999 0.0153
vn -0.0000 -0.0834 -0.9965
vn -0.0000 -0.6393 0.7690
vn -0.0000 -0.9394 0.3428
vn -0.0000 0.9458 -0.3248
vn -0.0000 0.8354 -0.5497
vn -0.0000 0.3289 -0.9444
vn -0.0000 -0.2366 0.9716
vn -0.0000 0.6151 -0.7885
vn -0.0000 -0.2127 0.9771
vn -0.0000 -1.0000 -0.0037
vn -0.0000 -0.2119 0.9773
vn -0.0000 0.2081 -0.9781
vn -0.0000 0.8354 -0.5496
vn -0.0000 -0.2131 -0.9770
vn -0.0000 -0.0113 -0.9999
vn 1.0000 -0.0000 0.0001
vn -1.0000 -0.0000 0.0001
vn -1.0000 -0.0000 -0.0001
vn -0.0000 -0.2974 -0.9548
vn 0.0006 -0.9391 0.3437
vn 1.0000 -0.0000 -0.0001
vn 0.0831 -0.0000 -0.9965
vn -0.0000 -0.9394 0.3427
vt 0.831070 0.530105
vt 0.804177 0.499367
vt 0.831052 0.529401
vt 0.048512 0.634409
vt 0.049567 0.636302
vt 0.019855 0.634409
vt 0.804158 0.598328
vt 0.805802 0.591076
vt 0.831051 0.567589
vt 0.832832 0.431161
vt 0.804158 0.461883
vt 0.804158 0.431161
vt 0.829450 0.636493
vt 0.804158 0.635811
vt 0.831024 0.635811
vt 0.831024 0.666550
vt 0.804158 0.665868
vt 0.829450 0.665868
vt 0.683365 0.498805
vt 0.684938 0.527478
vt 0.683365 0.527478
vt 0.829685 0.704548
vt 0.829475 0.704715
vt 0.804158 0.704033
vt 0.683365 0.461321
vt 0.684941 0.432647
vt 0.684941 0.461321
vt 0.829685 0.734772
vt 0.829475 0.734090
vt 0.829685 0.704625
vt 0.804226 0.795742
vt 0.829494 0.802994
vt 0.804158 0.796015
vt 0.833522 0.049464
vt 0.804147 0.042489
vt 0.833522 0.042489
vt 0.804147 0.018742
vt 0.833522 0.036488
vt 0.804147 0.036488
vt 0.112406 0.835167
vt 0.087157 0.811681
vt 0.112474 0.829436
vt 0.804147 0.356340
vt 0.832821 0.387069
vt 0.804147 0.387069
vt 0.155534 0.629419
vt 0.157237 0.025270
vt 0.157237 0.635947
vt 0.018742 0.018742
vt 0.049654 0.025328
vt 0.018742 0.025328
vt 0.194721 0.025270
vt 0.196423 0.629419
vt 0.194721 0.635947
vt 0.118051 0.635427
vt 0.117964 0.628831
vt 0.118051 0.628831
vt 0.804147 0.042214
vt 0.087138 0.635427
vt 0.087225 0.628831
vt 0.087225 0.635427
vt 0.019855 0.575724
vt 0.018754 0.575724
vt 0.018829 0.635597
vt 0.018773 0.634380
vt 0.018829 0.634380
vt 0.049613 0.575724
vt 0.048512 0.575724
vt 0.087225 0.605365
vt 0.088626 0.076764
vt 0.087740 0.605365
vt 0.087138 0.628831
vt 0.087225 0.625435
vt 0.116563 0.076764
vt 0.118051 0.018742
vt 0.117964 0.605365
vt 0.833522 0.042214
vt 0.235609 0.513264
vt 0.233907 0.025270
vt 0.235609 0.018742
vt 0.116563 0.083360
vt 0.274795 0.025270
vt 0.273093 0.513264
vt 0.273093 0.018742
vt 0.020230 0.577558
vt 0.048166 0.570973
vt 0.048166 0.577558
vt 0.480460 0.060980
vt 0.483734 0.018742
vt 0.484482 0.071464
vt 0.650621 0.050791
vt 0.650924 0.071453
vt 0.649828 0.071453
vt 0.649828 0.018742
vt 0.650621 0.020063
vt 0.649940 0.020063
vt 0.568158 0.020097
vt 0.569838 0.018800
vt 0.569734 0.020120
vt 0.569279 0.050855
vt 0.569182 0.060980
vt 0.565160 0.071464
vt 0.726988 0.018742
vt 0.728084 0.060906
vt 0.726988 0.060906
vt 0.649828 0.107671
vt 0.686188 0.660755
vt 0.687284 0.656824
vt 0.687284 0.660755
vt 0.728084 0.092618
vt 0.726988 0.119804
vt 0.726988 0.092618
vt 0.480681 0.092716
vt 0.568962 0.092716
vt 0.564918 0.107701
vt 0.564816 0.141192
vt 0.568940 0.162247
vt 0.564914 0.188860
vt 0.650924 0.107671
vt 0.649828 0.141139
vt 0.568865 0.119927
vt 0.484725 0.107701
vt 0.480778 0.119927
vt 0.484728 0.188860
vt 0.479941 0.275867
vt 0.480702 0.162247
vt 0.484826 0.141192
vt 0.728084 0.119804
vt 0.726988 0.162073
vt 0.650924 0.141139
vt 0.649828 0.188766
vt 0.728084 0.275533
vt 0.726988 0.298476
vt 0.726988 0.275533
vt 0.728084 0.162073
vt 0.650924 0.188766
vt 0.649828 0.302268
vt 0.569702 0.275867
vt 0.565676 0.302480
vt 0.565788 0.316507
vt 0.569765 0.340340
vt 0.565783 0.346185
vt 0.650924 0.302268
vt 0.649828 0.316279
vt 0.569838 0.298842
vt 0.483967 0.302480
vt 0.479804 0.298842
vt 0.728084 0.339932
vt 0.726988 0.393677
vt 0.726988 0.339932
vt 0.483855 0.316507
vt 0.479878 0.340340
vt 0.728084 0.298476
vt 0.650924 0.316279
vt 0.649828 0.345934
vt 0.686188 0.577891
vt 0.687284 0.573925
vt 0.687284 0.577891
vt 0.650924 0.345934
vt 0.649828 0.394894
vt 0.569204 0.394118
vt 0.565280 0.395164
vt 0.483860 0.346185
vt 0.480439 0.394118
vt 0.524445 0.050832
vt 0.526988 0.071464
vt 0.522966 0.060980
vt 0.522310 0.018800
vt 0.523990 0.020097
vt 0.522414 0.020120
vt 0.688807 0.020063
vt 0.689504 0.018742
vt 0.689488 0.020063
vt 0.689488 0.050791
vt 0.689504 0.071453
vt 0.688408 0.071453
vt 0.608414 0.018742
vt 0.611688 0.060980
vt 0.607666 0.071464
vt 0.765568 0.018742
vt 0.766664 0.060906
vt 0.765568 0.060906
vt 0.688408 0.107671
vt 0.357688 0.826485
vt 0.358784 0.822555
vt 0.358784 0.826485
vt 0.766664 0.092618
vt 0.765568 0.119804
vt 0.765568 0.092618
vt 0.523186 0.092716
vt 0.611468 0.092716
vt 0.607424 0.107701
vt 0.607322 0.141192
vt 0.611446 0.162247
vt 0.607420 0.188860
vt 0.689504 0.107671
vt 0.688408 0.141139
vt 0.611371 0.119927
vt 0.527231 0.107701
vt 0.523283 0.119927
vt 0.527234 0.188860
vt 0.522447 0.275867
vt 0.523208 0.162247
vt 0.527332 0.141192
vt 0.766664 0.119804
vt 0.765568 0.162073
vt 0.689504 0.141139
vt 0.688408 0.188766
vt 0.766664 0.275533
vt 0.765568 0.298476
vt 0.765568 0.275533
vt 0.766664 0.162073
vt 0.689504 0.188766
vt 0.688408 0.302268
vt 0.612208 0.275867
vt 0.608182 0.302480
vt 0.608294 0.316507
vt 0.612271 0.340340
vt 0.608289 0.346185
vt 0.689504 0.302268
vt 0.688408 0.316279
vt 0.612344 0.298842
vt 0.526473 0.302480
vt 0.522310 0.298842
vt 0.766664 0.339932
vt 0.765568 0.393677
vt 0.765568 0.339932
vt 0.526361 0.316507
vt 0.522384 0.340340
vt 0.766664 0.298476
vt 0.689504 0.316279
vt 0.688408 0.345934
vt 0.686188 0.619341
vt 0.687284 0.615375
vt 0.687284 0.619341
vt 0.689504 0.345934
vt 0.688408 0.394894
vt 0.611710 0.394118
vt 0.607786 0.395164
vt 0.526365 0.346185
vt 0.522945 0.394118
vt 0.398798 0.027095
vt 0.396045 0.077445
vt 0.396051 0.077058
vt 0.728089 0.437931
vt 0.726988 0.443425
vt 0.726988 0.437931
vt 0.355804 0.027095
vt 0.358561 0.077416
vt 0.357662 0.084172
vt 0.727033 0.431190
vt 0.049613 0.584088
vt 0.357498 0.089664
vt 0.354260 0.063409
vt 0.354872 0.040963
vt 0.048512 0.597965
vt 0.048512 0.584088
vt 0.396940 0.084172
vt 0.399731 0.040963
vt 0.397105 0.089664
vt 0.049613 0.620416
vt 0.048512 0.645448
vt 0.048512 0.620416
vt 0.728089 0.443425
vt 0.726988 0.448095
vt 0.049613 0.597965
vt 0.400343 0.063409
vt 0.397097 0.094335
vt 0.357527 0.100974
vt 0.355309 0.424279
vt 0.354162 0.088441
vt 0.400441 0.088441
vt 0.397076 0.100974
vt 0.357506 0.094335
vt 0.728089 0.448095
vt 0.726988 0.454733
vt 0.235008 0.839197
vt 0.233907 0.835966
vt 0.235008 0.835966
vt 0.728089 0.454733
vt 0.726988 0.778144
vt 0.049613 0.645448
vt 0.048512 0.981258
vt 0.399297 0.424279
vt 0.396045 0.424451
vt 0.315036 0.027095
vt 0.312279 0.077416
vt 0.313847 0.018742
vt 0.766674 0.437931
vt 0.765573 0.443425
vt 0.765573 0.437931
vt 0.441425 0.084172
vt 0.440756 0.018742
vt 0.442315 0.077058
vt 0.766599 0.431190
vt 0.766655 0.431161
vt 0.018754 0.584088
vt 0.019855 0.584088
vt 0.441260 0.089664
vt 0.438023 0.063409
vt 0.438635 0.040963
vt 0.018754 0.597965
vt 0.313178 0.084172
vt 0.315968 0.040964
vt 0.313343 0.089664
vt 0.439568 0.027095
vt 0.019855 0.620416
vt 0.018754 0.645448
vt 0.018754 0.620416
vt 0.766674 0.443425
vt 0.765573 0.448095
vt 0.019855 0.597965
vt 0.316580 0.063409
vt 0.313334 0.094335
vt 0.441289 0.100974
vt 0.439068 0.424279
vt 0.437925 0.088441
vt 0.316678 0.088441
vt 0.313314 0.100974
vt 0.441269 0.094335
vt 0.766674 0.448095
vt 0.765573 0.454733
vt 0.273593 0.839197
vt 0.272492 0.835966
vt 0.273593 0.835966
vt 0.766674 0.454733
vt 0.765573 0.778144
vt 0.019855 0.645448
vt 0.018754 0.981258
vt 0.315531 0.424279
vt 0.312279 0.424451
vt 0.804158 0.530105
vt 0.829704 0.499367
vt 0.829426 0.522854
vt 0.831066 0.528184
vt 0.831070 0.528212
vt 0.049567 0.634409
vt 0.018829 0.636302
vt 0.018829 0.634409
vt 0.019855 0.634022
vt 0.048512 0.634022
vt 0.831070 0.598328
vt 0.804158 0.596434
vt 0.804163 0.596406
vt 0.804177 0.597624
vt 0.805762 0.587677
vt 0.805525 0.567589
vt 0.832832 0.461883
vt 0.804158 0.636493
vt 0.804158 0.666550
vt 0.684938 0.498805
vt 0.804158 0.704715
vt 0.829685 0.704033
vt 0.683365 0.432647
vt 0.804158 0.734772
vt 0.804158 0.734090
vt 0.804158 0.790011
vt 0.804158 0.772256
vt 0.829475 0.772256
vt 0.804158 0.802994
vt 0.804147 0.049464
vt 0.833522 0.018742
vt 0.112474 0.835440
vt 0.112474 0.842419
vt 0.087138 0.842419
vt 0.112474 0.811681
vt 0.832821 0.356340
vt 0.155534 0.018742
vt 0.049654 0.018742
vt 0.196423 0.018742
vt 0.117964 0.635427
vt 0.018754 0.634380
vt 0.018742 0.635597
vt 0.020230 0.083367
vt 0.019855 0.592176
vt 0.048166 0.083367
vt 0.049654 0.635597
vt 0.049567 0.635597
vt 0.049567 0.634380
vt 0.049613 0.634380
vt 0.087138 0.018742
vt 0.088626 0.570809
vt 0.087816 0.605365
vt 0.116563 0.570809
vt 0.233907 0.519791
vt 0.088626 0.083360
vt 0.274795 0.519791
vt 0.020230 0.570973
vt 0.479804 0.018800
vt 0.650924 0.018742
vt 0.649940 0.050791
vt 0.565908 0.018742
vt 0.567704 0.050832
vt 0.728084 0.018742
vt 0.686188 0.656824
vt 0.728084 0.393677
vt 0.686188 0.573925
vt 0.650924 0.394894
vt 0.484362 0.395164
vt 0.526240 0.018742
vt 0.522869 0.050855
vt 0.688408 0.018742
vt 0.688807 0.050791
vt 0.612344 0.018800
vt 0.766664 0.018742
vt 0.357688 0.822555
vt 0.766664 0.393677
vt 0.686188 0.615375
vt 0.689504 0.394894
vt 0.526868 0.395164
vt 0.397609 0.018742
vt 0.356993 0.018742
vt 0.726988 0.431161
vt 0.727033 0.431161
vt 0.728089 0.431190
vt 0.358561 0.424451
vt 0.233907 0.839197
vt 0.728089 0.778144
vt 0.049613 0.981258
vt 0.442321 0.077445
vt 0.441196 0.035199
vt 0.766674 0.431161
vt 0.765573 0.431190
vt 0.766599 0.431161
vt 0.442321 0.424451
vt 0.272492 0.839197
vt 0.766674 0.778144
vt 0.019855 0.981258
s 0
usemtl Material
f 37/1/1 151/2/1 134/3/1
f 166/4/2 81/5/2 175/6/2
f 81/7/3 137/8/3 158/9/3
f 152/10/4 160/11/4 161/12/4
f 113/13/5 150/14/5 37/15/5
f 81/16/5 163/17/5 102/18/5
f 153/19/5 162/20/5 160/21/5
f 142/22/6 126/23/6 158/24/6
f 152/25/6 165/26/6 156/27/6
f 130/28/6 119/29/6 143/30/6
f 144/31/3 154/32/3 145/33/3
f 113/34/4 147/35/4 145/36/4
f 126/37/4 146/38/4 148/39/4
f 149/40/1 164/41/1 148/42/1
f 156/43/2 162/44/2 155/45/2
f 26/46/1 56/47/1 8/48/1
f 57/49/7 85/50/7 56/51/7
f 85/52/3 72/53/3 65/54/3
f 8/55/8 131/56/8 26/57/8
f 149/58/9 145/36/9 147/35/9
f 65/59/9 137/60/9 141/61/9
f 56/51/10 181/62/10 178/63/10
f 134/64/11 180/65/11 174/66/11
f 85/50/10 171/67/10 172/68/10
f 140/69/12 127/70/12 142/71/12
f 72/72/13 139/73/13 137/60/13
f 120/74/12 57/75/12 130/76/12
f 144/77/12 148/39/12 146/38/12
f 116/78/3 111/79/3 120/80/3
f 111/81/8 127/70/8 120/74/8
f 98/82/1 123/83/1 127/84/1
f 106/85/14 123/86/14 94/87/14
f 2/88/1 33/89/1 15/90/1
f 154/91/15 64/92/15 15/93/15
f 33/94/15 157/95/15 151/96/15
f 156/97/3 51/98/3 152/99/3
f 153/100/3 48/101/3 64/102/3
f 51/103/16 2/104/16 48/105/16
f 64/92/17 69/106/17 15/93/17
f 33/107/6 51/108/6 68/109/6
f 74/110/18 95/111/18 80/112/18
f 15/90/1 74/113/1 2/88/1
f 64/102/3 80/114/3 77/115/3
f 2/104/19 80/112/19 48/105/19
f 92/116/3 110/117/3 108/118/3
f 77/119/20 84/120/20 69/106/20
f 77/115/3 95/121/3 92/116/3
f 69/122/1 87/123/1 74/113/1
f 101/124/1 114/125/1 104/126/1
f 84/127/1 104/126/1 87/123/1
f 87/128/21 110/129/21 95/111/21
f 92/130/22 101/131/22 84/120/22
f 114/132/23 124/133/23 117/134/23
f 104/135/24 117/134/24 110/129/24
f 108/136/25 112/137/25 101/131/25
f 108/118/3 117/138/3 115/139/3
f 122/140/3 132/141/3 129/142/3
f 115/143/26 118/144/26 112/137/26
f 115/139/3 124/145/3 122/140/3
f 112/146/1 121/147/1 114/125/1
f 128/148/27 138/149/27 132/150/27
f 118/151/1 128/152/1 121/147/1
f 121/153/28 132/150/28 124/133/28
f 122/154/29 125/155/29 118/144/29
f 136/156/30 135/157/30 133/158/30
f 129/159/31 133/160/31 125/155/31
f 129/142/3 138/161/3 136/162/3
f 125/163/1 135/164/1 128/152/1
f 162/165/1 12/166/1 1/167/1
f 4/168/1 165/169/1 161/170/1
f 164/171/15 46/172/15 158/173/15
f 159/174/15 43/175/15 12/176/15
f 46/177/3 24/178/3 43/179/3
f 32/180/16 1/181/16 24/182/16
f 43/175/17 49/183/17 12/176/17
f 20/184/6 32/185/6 46/186/6
f 54/187/18 71/188/18 62/189/18
f 12/166/1 54/190/1 1/167/1
f 43/179/3 62/191/3 60/192/3
f 1/181/19 62/189/19 24/182/19
f 70/193/3 78/194/3 76/195/3
f 60/196/20 66/197/20 49/183/20
f 60/192/3 71/198/3 70/193/3
f 49/199/1 67/200/1 54/190/1
f 73/201/1 82/202/1 75/203/1
f 66/204/1 75/203/1 67/200/1
f 67/205/21 78/206/21 71/188/21
f 70/207/22 73/208/22 66/197/22
f 82/209/23 93/210/23 86/211/23
f 75/212/24 86/211/24 78/206/24
f 76/213/25 79/214/25 73/208/25
f 76/195/3 86/215/3 83/216/3
f 91/217/3 100/218/3 99/219/3
f 83/220/26 88/221/26 79/214/26
f 83/216/3 93/222/3 91/217/3
f 79/223/1 90/224/1 82/202/1
f 97/225/27 109/226/27 100/227/27
f 88/228/1 97/229/1 90/224/1
f 90/230/28 100/227/28 93/210/28
f 91/231/29 96/232/29 88/221/29
f 107/233/30 105/234/30 103/235/30
f 99/236/31 103/237/31 96/232/31
f 99/219/3 109/238/3 107/239/3
f 96/240/1 105/241/1 97/229/1
f 7/242/1 166/243/1 167/244/1
f 5/245/32 30/246/32 14/247/32
f 18/248/3 170/249/3 14/250/3
f 168/251/33 5/245/33 14/247/33
f 18/252/34 172/68/34 171/67/34
f 30/253/3 47/254/3 35/255/3
f 18/252/35 21/256/35 7/257/35
f 5/258/1 21/259/1 27/260/1
f 14/250/3 35/255/3 18/248/3
f 47/261/36 50/262/36 39/263/36
f 27/264/37 45/265/37 30/246/37
f 35/266/38 39/263/38 21/256/38
f 27/260/1 39/267/1 42/268/1
f 53/269/3 63/270/3 55/271/3
f 42/268/1 50/272/1 52/273/1
f 45/274/3 55/271/3 47/254/3
f 42/275/39 53/276/39 45/265/39
f 58/277/40 61/278/40 59/279/40
f 52/280/41 61/281/41 53/276/41
f 55/282/42 58/283/42 50/262/42
f 52/273/1 58/284/1 59/285/1
f 6/286/1 177/287/1 178/288/1
f 3/289/32 17/290/32 9/291/32
f 9/292/3 181/293/3 176/294/3
f 3/289/33 173/295/33 180/296/33
f 6/297/34 181/62/34 11/298/34
f 17/299/3 28/300/3 19/301/3
f 11/298/43 13/302/43 6/297/43
f 3/303/1 13/304/1 16/305/1
f 9/292/3 19/301/3 11/306/3
f 28/307/36 29/308/36 22/309/36
f 16/310/37 25/311/37 17/290/37
f 19/312/38 22/309/38 13/302/38
f 16/305/1 22/313/1 23/314/1
f 34/315/3 44/316/3 36/317/3
f 23/314/1 29/318/1 31/319/1
f 25/320/3 36/317/3 28/300/3
f 23/321/39 34/322/39 25/311/39
f 38/323/40 41/324/40 40/325/40
f 31/326/41 41/327/41 34/322/41
f 36/328/42 38/329/42 29/308/42
f 31/319/1 38/330/1 40/331/1
f 37/1/1 150/332/1 151/2/1
f 151/2/1 130/333/1 131/334/1
f 134/3/1 174/335/1 173/336/1
f 151/2/1 131/334/1 134/3/1
f 134/3/1 173/336/1 37/1/1
f 166/4/2 168/337/2 81/5/2
f 81/5/2 37/338/2 173/339/2
f 175/6/2 176/340/2 167/341/2
f 81/5/2 173/339/2 175/6/2
f 175/6/2 167/341/2 166/4/2
f 158/9/3 159/342/3 81/7/3
f 81/7/3 168/343/3 169/344/3
f 81/7/3 169/344/3 141/345/3
f 139/346/3 140/347/3 158/9/3
f 81/7/3 141/345/3 137/8/3
f 137/8/3 139/346/3 158/9/3
f 152/10/4 153/348/4 160/11/4
f 113/13/5 154/349/5 150/14/5
f 113/13/5 37/15/5 81/16/5
f 81/16/5 159/350/5 163/17/5
f 102/18/5 113/13/5 81/16/5
f 153/19/5 155/351/5 162/20/5
f 142/22/6 143/30/6 126/23/6
f 126/23/6 164/352/6 158/24/6
f 158/24/6 140/353/6 142/22/6
f 152/25/6 161/354/6 165/26/6
f 130/28/6 151/355/6 157/356/6
f 119/29/6 126/23/6 143/30/6
f 130/28/6 157/356/6 119/29/6
f 144/31/3 146/357/3 119/358/3
f 119/358/3 157/359/3 154/32/3
f 154/32/3 113/360/3 145/33/3
f 144/31/3 119/358/3 154/32/3
f 113/34/4 102/361/4 147/35/4
f 126/37/4 119/362/4 146/38/4
f 149/40/1 147/363/1 102/364/1
f 102/364/1 163/365/1 164/41/1
f 164/41/1 126/366/1 148/42/1
f 149/40/1 102/364/1 164/41/1
f 156/43/2 165/367/2 162/44/2
f 26/46/1 57/368/1 56/47/1
f 57/49/7 89/369/7 85/50/7
f 85/52/3 89/370/3 72/53/3
f 8/55/9 134/371/9 131/56/9
f 149/58/8 144/77/8 145/36/8
f 65/59/8 72/72/8 137/60/8
f 177/372/44 180/65/44 8/373/44
f 56/51/10 111/374/10 106/85/10
f 106/85/10 179/375/10 181/62/10
f 178/63/11 177/372/11 8/373/11
f 56/51/10 106/85/10 181/62/10
f 178/63/11 8/373/11 56/51/11
f 134/64/10 8/373/10 180/65/10
f 179/375/10 106/85/10 94/87/10
f 98/376/10 111/374/10 56/51/10
f 176/340/10 179/375/10 94/87/10
f 98/376/10 56/51/10 85/50/10
f 167/341/10 176/340/10 94/87/10
f 94/87/10 98/376/10 85/50/10
f 65/377/10 141/378/10 169/379/10
f 65/377/11 169/379/11 170/380/11
f 172/68/10 167/341/10 94/87/10
f 65/377/11 170/380/11 171/67/11
f 172/68/11 94/87/11 85/50/11
f 85/50/10 65/377/10 171/67/10
f 140/69/12 139/73/12 72/72/12
f 72/72/12 89/381/12 127/70/12
f 127/70/12 123/382/12 142/71/12
f 140/69/13 72/72/13 127/70/13
f 143/383/13 142/71/13 123/382/13
f 143/383/12 123/382/12 116/384/12
f 26/57/12 131/56/12 130/76/12
f 130/76/12 143/383/12 116/384/12
f 120/74/12 127/70/12 89/381/12
f 130/76/12 116/384/12 120/74/12
f 57/75/12 26/57/12 130/76/12
f 120/74/12 89/381/12 57/75/12
f 144/77/13 149/58/13 148/39/13
f 116/78/3 106/385/3 111/79/3
f 111/81/8 98/386/8 127/70/8
f 98/82/1 94/387/1 123/83/1
f 106/85/14 116/388/14 123/86/14
f 2/88/1 10/389/1 33/89/1
f 154/91/15 157/95/15 68/390/15
f 15/93/15 33/94/15 151/96/15
f 15/93/15 151/96/15 150/391/15
f 154/91/15 68/390/15 64/92/15
f 15/93/15 150/391/15 154/91/15
f 33/94/45 68/390/45 157/95/45
f 156/97/3 68/392/3 51/98/3
f 153/100/46 152/99/46 51/98/46
f 64/102/3 68/392/3 156/97/3
f 64/102/3 156/97/3 155/393/3
f 153/100/3 51/98/3 48/101/3
f 64/102/3 155/393/3 153/100/3
f 51/103/16 10/394/16 2/104/16
f 64/92/17 77/119/17 69/106/17
f 33/107/6 10/395/6 51/108/6
f 74/110/18 87/128/18 95/111/18
f 15/90/1 69/122/1 74/113/1
f 64/102/3 48/101/3 80/114/3
f 2/104/19 74/110/19 80/112/19
f 92/116/3 95/121/3 110/117/3
f 77/119/20 92/130/20 84/120/20
f 77/115/3 80/114/3 95/121/3
f 69/122/1 84/127/1 87/123/1
f 101/124/1 112/146/1 114/125/1
f 84/127/1 101/124/1 104/126/1
f 87/128/21 104/135/21 110/129/21
f 92/130/22 108/136/22 101/131/22
f 114/132/23 121/153/23 124/133/23
f 104/135/24 114/132/24 117/134/24
f 108/136/25 115/143/25 112/137/25
f 108/118/3 110/117/3 117/138/3
f 122/140/3 124/145/3 132/141/3
f 115/143/26 122/154/26 118/144/26
f 115/139/3 117/138/3 124/145/3
f 112/146/1 118/151/1 121/147/1
f 128/148/27 135/396/27 138/149/27
f 118/151/1 125/163/1 128/152/1
f 121/153/28 128/148/28 132/150/28
f 122/154/29 129/159/29 125/155/29
f 136/156/30 138/397/30 135/157/30
f 129/159/31 136/398/31 133/160/31
f 129/142/3 132/141/3 138/161/3
f 125/163/1 133/399/1 135/164/1
f 162/165/1 165/169/1 20/400/1
f 1/167/47 4/168/47 161/170/47
f 1/167/48 161/170/48 160/401/48
f 162/165/1 20/400/1 12/166/1
f 1/167/1 160/401/1 162/165/1
f 4/168/1 20/400/1 165/169/1
f 164/171/15 20/402/15 46/172/15
f 159/174/15 158/173/15 46/172/15
f 12/176/15 20/402/15 164/171/15
f 12/176/15 164/171/15 163/403/15
f 159/174/15 46/172/15 43/175/15
f 12/176/15 163/403/15 159/174/15
f 46/177/3 32/404/3 24/178/3
f 32/180/16 4/405/16 1/181/16
f 43/175/17 60/196/17 49/183/17
f 20/184/6 4/406/6 32/185/6
f 54/187/18 67/205/18 71/188/18
f 12/166/1 49/199/1 54/190/1
f 43/179/3 24/178/3 62/191/3
f 1/181/19 54/187/19 62/189/19
f 70/193/3 71/198/3 78/194/3
f 60/196/20 70/207/20 66/197/20
f 60/192/3 62/191/3 71/198/3
f 49/199/1 66/204/1 67/200/1
f 73/201/1 79/223/1 82/202/1
f 66/204/1 73/201/1 75/203/1
f 67/205/21 75/212/21 78/206/21
f 70/207/49 76/213/49 73/208/49
f 82/209/23 90/230/23 93/210/23
f 75/212/24 82/209/24 86/211/24
f 76/213/25 83/220/25 79/214/25
f 76/195/3 78/194/3 86/215/3
f 91/217/3 93/222/3 100/218/3
f 83/220/26 91/231/26 88/221/26
f 83/216/3 86/215/3 93/222/3
f 79/223/1 88/228/1 90/224/1
f 97/225/27 105/407/27 109/226/27
f 88/228/1 96/240/1 97/229/1
f 90/230/28 97/225/28 100/227/28
f 91/231/29 99/236/29 96/232/29
f 107/233/30 109/408/30 105/234/30
f 99/236/31 107/409/31 103/237/31
f 99/219/3 100/218/3 109/238/3
f 96/240/1 103/410/1 105/241/1
f 167/244/1 172/411/1 7/242/1
f 7/242/1 5/258/1 166/243/1
f 5/245/32 27/264/32 30/246/32
f 18/248/3 171/412/3 170/249/3
f 14/247/33 170/413/33 169/414/33
f 168/251/33 166/415/33 5/245/33
f 14/247/50 169/414/50 168/251/50
f 18/252/34 7/257/34 172/68/34
f 30/253/3 45/274/3 47/254/3
f 18/252/43 35/266/43 21/256/43
f 5/258/1 7/242/1 21/259/1
f 14/250/3 30/253/3 35/255/3
f 47/261/36 55/282/36 50/262/36
f 27/264/37 42/275/37 45/265/37
f 35/266/38 47/261/38 39/263/38
f 27/260/1 21/259/1 39/267/1
f 53/269/3 61/416/3 63/270/3
f 42/268/1 39/267/1 50/272/1
f 45/274/3 53/269/3 55/271/3
f 42/275/39 52/280/39 53/276/39
f 58/277/40 63/417/40 61/278/40
f 52/280/41 59/418/41 61/281/41
f 55/282/42 63/419/42 58/283/42
f 52/273/1 50/272/1 58/284/1
f 6/286/1 3/303/1 177/287/1
f 3/289/32 16/310/32 17/290/32
f 176/294/51 175/420/51 9/292/51
f 9/292/3 11/306/3 181/293/3
f 181/293/52 179/421/52 176/294/52
f 180/296/53 177/422/53 3/289/53
f 3/289/33 9/291/33 175/423/33
f 173/295/33 174/424/33 180/296/33
f 3/289/33 175/423/33 173/295/33
f 6/297/34 178/63/34 181/62/34
f 17/299/3 25/320/3 28/300/3
f 11/298/35 19/312/35 13/302/35
f 3/303/1 6/286/1 13/304/1
f 9/292/3 17/299/3 19/301/3
f 28/307/36 36/328/36 29/308/36
f 16/310/37 23/321/37 25/311/37
f 19/312/38 28/307/38 22/309/38
f 16/305/1 13/304/1 22/313/1
f 34/315/3 41/425/3 44/316/3
f 23/314/1 22/313/1 29/318/1
f 25/320/3 34/315/3 36/317/3
f 23/321/39 31/326/39 34/322/39
f 38/323/40 44/426/40 41/324/40
f 31/326/41 40/427/41 41/327/41
f 36/328/42 44/428/42 38/329/42
f 31/319/1 29/318/1 38/330/1
o Cube.002
v -15.988076 2.042741 -7.011013
v -15.988076 1.854811 -6.909259
v -17.569315 2.055391 -6.952988
v -15.988076 1.944273 -6.981425
v -16.777658 2.044431 -7.003261
v -16.744244 1.950153 -6.974819
v -16.777658 1.881608 -6.915101
v -15.988076 1.875291 -6.944075
v -16.744244 1.901588 -6.948524
v -17.358067 2.049074 -6.981962
v -17.358067 1.955233 -6.931152
v -17.152868 1.953422 -6.959824
v -15.988076 2.110624 -5.735880
v -15.988076 2.323855 -5.721585
v -17.569315 2.311204 -5.779609
v -15.988076 2.143738 -5.712748
v -16.777658 2.137421 -5.741722
v -16.744244 2.169500 -5.719648
v -16.777658 2.322165 -5.729337
v -15.988076 2.222006 -5.707500
v -16.744244 2.224603 -5.715955
v -17.358067 2.211046 -5.757773
v -17.358067 2.317521 -5.750635
v -17.152868 2.221334 -5.730949
v -15.988076 6.098921 -7.895318
v -17.569315 6.111571 -7.837293
v -15.988076 6.312151 -7.881022
v -16.777658 6.100611 -7.887566
v -15.988076 6.200769 -7.909402
v -16.744244 6.198172 -7.900948
v -17.358067 6.211729 -7.859129
v -17.358067 6.105254 -7.866267
v -17.152868 6.201441 -7.885953
v -15.988076 6.279037 -7.904155
v -16.777658 6.285354 -7.875181
v -16.744244 6.253275 -7.897254
v -15.988076 6.380034 -6.605890
v -15.988076 6.567965 -6.707644
v -17.569315 6.367384 -6.663914
v -15.988076 6.478503 -6.635478
v -16.777658 6.378345 -6.613642
v -16.744244 6.472622 -6.642084
v -16.777658 6.541168 -6.701801
v -15.988076 6.547484 -6.672827
v -16.744244 6.521188 -6.668379
v -17.358067 6.373701 -6.634940
v -17.358067 6.467543 -6.685750
v -17.152868 6.469354 -6.657078
v 15.988076 2.042741 -7.011013
v 17.569315 2.055391 -6.952988
v 15.988076 1.854811 -6.909259
v 16.777658 2.044431 -7.003261
v 15.988076 1.944273 -6.981425
v 16.744244 1.950153 -6.974819
v 17.358067 1.955233 -6.931152
v 17.358067 2.049074 -6.981962
v 17.152868 1.953422 -6.959824
v 15.988076 1.875291 -6.944075
v 16.777658 1.881608 -6.915101
v 16.744244 1.901588 -6.948524
v 15.988076 2.323855 -5.721585
v 15.988076 2.110624 -5.735880
v 17.569315 2.311204 -5.779609
v 15.988076 2.222006 -5.707500
v 16.777658 2.322165 -5.729337
v 16.744244 2.224603 -5.715955
v 16.777658 2.137421 -5.741722
v 15.988076 2.143738 -5.712748
v 16.744244 2.169500 -5.719648
v 17.358067 2.317521 -5.750635
v 17.358067 2.211046 -5.757773
v 17.152868 2.221334 -5.730949
v 15.988076 6.098921 -7.895318
v 15.988076 6.312151 -7.881022
v 17.569315 6.111571 -7.837293
v 15.988076 6.200769 -7.909402
v 16.777658 6.100611 -7.887566
v 16.744244 6.198172 -7.900948
v 16.777658 6.285354 -7.875181
v 15.988076 6.279037 -7.904155
v 16.744244 6.253275 -7.897254
v 17.358067 6.105254 -7.866267
v 17.358067 6.211729 -7.859129
v 17.152868 6.201441 -7.885953
v 15.988076 6.380034 -6.605890
v 17.569315 6.367384 -6.663914
v 15.988076 6.567965 -6.707644
v 16.777658 6.378345 -6.613642
v 15.988076 6.478503 -6.635478
v 16.744244 6.472622 -6.642084
v 17.358067 6.467543 -6.685750
v 17.358067 6.373701 -6.634940
v 17.152868 6.469354 -6.657078
v 15.988076 6.547484 -6.672827
v 16.777658 6.541168 -6.701801
v 16.744244 6.521188 -6.668379
v -16.442385 6.630162 -8.191564
v -16.442385 6.442231 -8.089810
v -18.023623 6.642812 -8.133539
v -16.442385 6.531693 -8.161976
v -17.231966 6.631852 -8.183812
v -17.198553 6.537573 -8.155371
v -17.231966 6.469028 -8.095652
v -16.442385 6.462711 -8.124626
v -17.198553 6.489008 -8.129075
v -17.812376 6.636495 -8.162514
v -17.812376 6.542653 -8.111704
v -17.607176 6.540843 -8.140375
v -16.442385 6.698045 -6.916431
v -16.442385 6.911275 -6.902136
v -18.023623 6.898625 -6.960160
v -16.442385 6.731158 -6.893299
v -17.231966 6.724841 -6.922273
v -17.198553 6.756920 -6.900200
v -17.231966 6.909585 -6.909888
v -16.442385 6.809427 -6.888052
v -17.198553 6.812024 -6.896506
v -17.812376 6.798467 -6.938324
v -17.812376 6.904942 -6.931186
v -17.607176 6.808755 -6.911500
v -16.442385 10.686340 -9.075869
v -18.023623 10.698991 -9.017845
v -16.442385 10.899571 -9.061574
v -17.231966 10.688030 -9.068117
v -16.442385 10.788189 -9.089952
v -17.198553 10.785593 -9.081499
v -17.812376 10.799150 -9.039680
v -17.812376 10.692675 -9.046819
v -17.607176 10.788861 -9.066504
v -16.442385 10.866458 -9.084706
v -17.231966 10.872774 -9.055732
v -17.198553 10.840695 -9.077805
v -16.442385 10.967455 -7.786441
v -16.442385 11.155384 -7.888195
v -18.023623 10.954803 -7.844465
v -16.442385 11.065923 -7.816029
v -17.231966 10.965764 -7.794193
v -17.198553 11.060043 -7.822635
v -17.231966 11.128588 -7.882353
v -16.442385 11.134905 -7.853379
v -17.198553 11.108608 -7.848930
v -17.812376 10.961121 -7.815491
v -17.812376 11.054962 -7.866302
v -17.607176 11.056774 -7.837629
v 15.533767 6.630162 -8.191564
v 17.115005 6.642812 -8.133539
v 15.533767 6.442231 -8.089810
v 16.323349 6.631852 -8.183812
v 15.533767 6.531693 -8.161976
v 16.289934 6.537573 -8.155371
v 16.903757 6.542653 -8.111704
v 16.903757 6.636495 -8.162514
v 16.698559 6.540843 -8.140375
v 15.533767 6.462711 -8.124626
v 16.323349 6.469028 -8.095652
v 16.289934 6.489008 -8.129075
v 15.533767 6.911275 -6.902136
v 15.533767 6.698045 -6.916431
v 17.115005 6.898625 -6.960160
v 15.533767 6.809427 -6.888052
v 16.323349 6.909585 -6.909888
v 16.289934 6.812024 -6.896506
v 16.323349 6.724841 -6.922273
v 15.533767 6.731158 -6.893299
v 16.289934 6.756920 -6.900200
v 16.903757 6.904942 -6.931186
v 16.903757 6.798467 -6.938324
v 16.698559 6.808755 -6.911500
v 15.533767 10.686340 -9.075869
v 15.533767 10.899571 -9.061574
v 17.115005 10.698991 -9.017845
v 15.533767 10.788189 -9.089952
v 16.323349 10.688030 -9.068117
v 16.289934 10.785593 -9.081499
v 16.323349 10.872774 -9.055732
v 15.533767 10.866458 -9.084706
v 16.289934 10.840695 -9.077805
v 16.903757 10.692675 -9.046819
v 16.903757 10.799150 -9.039680
v 16.698559 10.788861 -9.066504
v 15.533767 10.967455 -7.786441
v 17.115005 10.954803 -7.844465
v 15.533767 11.155384 -7.888195
v 16.323349 10.965764 -7.794193
v 15.533767 11.065923 -7.816029
v 16.289934 11.060043 -7.822635
v 16.903757 11.054962 -7.866302
v 16.903757 10.961121 -7.815491
v 16.698559 11.056774 -7.837629
v 15.533767 11.134905 -7.853379
v 16.323349 11.128588 -7.882353
v 16.289934 11.108608 -7.848930
v -16.409615 10.919535 -9.114346
v -16.406916 10.731625 -9.012592
v -17.990870 10.909489 -9.056321
v -16.408201 10.821077 -9.084758
v -17.199139 10.909892 -9.106594
v -17.164373 10.816103 -9.078152
v -17.196802 10.747086 -9.018435
v -16.407211 10.752102 -9.047408
v -17.163675 10.767544 -9.051857
v -17.779552 10.906204 -9.085296
v -17.778206 10.812372 -9.034485
v -17.573004 10.813507 -9.063158
v -16.410587 10.987411 -7.839213
v -16.413647 11.200620 -7.824918
v -17.994541 11.165277 -7.882942
v -16.411064 11.020521 -7.816081
v -17.200474 11.002872 -7.845055
v -17.167521 11.035428 -7.822982
v -17.203123 11.187597 -7.832670
v -16.412188 11.098782 -7.810834
v -17.168314 11.090525 -7.819288
v -17.781878 11.068161 -7.861106
v -17.783407 11.174623 -7.853968
v -17.576849 11.081392 -7.834282
v -16.467831 14.975296 -9.998651
v -18.049088 14.965250 -9.940626
v -16.470890 15.188505 -9.984356
v -17.257355 14.965653 -9.990899
v -16.469292 15.077134 -10.012735
v -17.225342 15.063684 -10.004281
v -17.839296 15.068431 -9.962462
v -17.837770 14.961967 -9.969601
v -17.633972 15.061090 -9.989286
v -16.470413 15.155394 -10.007488
v -17.260004 15.150378 -9.978514
v -17.226133 15.118782 -10.000587
v -16.471865 15.256381 -8.709223
v -16.474562 15.444291 -8.810977
v -18.052757 15.221038 -8.767247
v -16.473276 15.354839 -8.738811
v -17.261341 15.243359 -8.716975
v -17.229282 15.338107 -8.745417
v -17.263676 15.406164 -8.805135
v -16.474268 15.423814 -8.776161
v -17.229979 15.386666 -8.771711
v -17.841623 15.230387 -8.738274
v -17.842968 15.324218 -8.789083
v -17.637817 15.328974 -8.760411
v 15.563246 11.378468 -9.114346
v 17.144138 11.413811 -9.056322
v 15.565944 11.190557 -9.012592
v 16.352722 11.391490 -9.106594
v 15.564658 11.280009 -9.084758
v 16.320663 11.296741 -9.078152
v 16.934351 11.310631 -9.034485
v 16.933006 11.404462 -9.085296
v 16.729198 11.305875 -9.063157
v 15.565649 11.211035 -9.047408
v 16.355059 11.228683 -9.018435
v 16.321362 11.248181 -9.051857
v 15.559212 11.659552 -7.824918
v 15.562272 11.446343 -7.839213
v 17.140471 11.669598 -7.882942
v 15.560673 11.557714 -7.810834
v 16.348736 11.669195 -7.832670
v 16.316725 11.571163 -7.819288
v 16.351387 11.484470 -7.845055
v 15.561795 11.479454 -7.816081
v 16.317516 11.516066 -7.822982
v 16.929152 11.672882 -7.853968
v 16.930679 11.566418 -7.861106
v 16.725353 11.573759 -7.834283
v 15.505030 15.434228 -9.998651
v 15.501969 15.647437 -9.984356
v 17.085924 15.469572 -9.940626
v 15.503569 15.536067 -10.012735
v 16.294506 15.447251 -9.990899
v 16.259695 15.544323 -10.004281
v 16.291855 15.631975 -9.978514
v 15.502446 15.614326 -10.007488
v 16.258904 15.599420 -10.000587
v 16.874788 15.460225 -9.969601
v 16.873260 15.566688 -9.962462
v 16.668230 15.553455 -9.989286
v 15.500996 15.715313 -8.709223
v 17.082253 15.725359 -8.767247
v 15.498298 15.903224 -8.810977
v 16.290520 15.724956 -8.716975
v 15.499582 15.813771 -8.738811
v 16.255754 15.818745 -8.745417
v 16.869589 15.822475 -8.789083
v 16.870935 15.728642 -8.738274
v 16.664385 15.821342 -8.760411
v 15.498592 15.882747 -8.776160
v 16.288183 15.887763 -8.805135
v 16.255058 15.867305 -8.771711
v -15.989680 0.452041 7.218551
v -15.989680 0.509196 7.424475
v -17.570919 0.511425 7.219195
v -15.989680 0.458861 7.321142
v -16.779263 0.459975 7.218637
v -16.745848 0.466615 7.316888
v -16.779263 0.509494 7.397049
v -15.989680 0.479841 7.396729
v -16.745848 0.481385 7.370102
v -17.359671 0.481772 7.218873
v -17.359671 0.510312 7.321701
v -17.154472 0.481961 7.317055
v -15.989680 1.710067 7.437510
v -15.989680 1.771679 7.232874
v -17.570919 1.712295 7.232231
v -15.989680 1.740017 7.410407
v -16.779263 1.710364 7.410086
v -16.745848 1.739052 7.383755
v -16.779263 1.763745 7.232790
v -15.989680 1.762633 7.335295
v -16.745848 1.754973 7.330873
v -17.359671 1.711182 7.334736
v -17.359671 1.741948 7.232553
v -17.154472 1.739627 7.330706
v -15.989680 0.497102 3.067338
v -17.570919 0.556486 3.067983
v -15.989680 0.558714 2.862704
v -16.779263 0.505036 3.067424
v -15.989680 0.506149 2.964920
v -16.745848 0.513808 2.969342
v -17.359671 0.557599 2.965477
v -17.359671 0.526834 3.067662
v -17.154472 0.529154 2.969507
v -15.989680 0.528764 2.889807
v -16.779263 0.558417 2.890128
v -16.745848 0.529730 2.916459
v -15.989680 1.816740 3.081663
v -15.989680 1.759585 2.875739
v -17.570919 1.757356 3.081019
v -15.989680 1.809919 2.979073
v -16.779263 1.808807 3.081577
v -16.745848 1.802166 2.983326
v -16.779263 1.759287 2.903164
v -15.989680 1.788940 2.903485
v -16.745848 1.787396 2.930111
v -17.359671 1.787009 3.081340
v -17.359671 1.758469 2.978513
v -17.154472 1.786820 2.983160
v 15.986472 0.452041 7.218551
v 17.567711 0.511425 7.219195
v 15.986472 0.509196 7.424475
v 16.776052 0.459975 7.218637
v 15.986472 0.458861 7.321142
v 16.742640 0.466615 7.316888
v 17.356462 0.510312 7.321701
v 17.356462 0.481772 7.218873
v 17.151264 0.481961 7.317055
v 15.986472 0.479841 7.396729
v 16.776052 0.509494 7.397049
v 16.742640 0.481385 7.370102
v 15.986472 1.771679 7.232874
v 15.986472 1.710067 7.437510
v 17.567711 1.712295 7.232231
v 15.986472 1.762633 7.335295
v 16.776052 1.763745 7.232790
v 16.742640 1.754973 7.330873
v 16.776052 1.710364 7.410086
v 15.986472 1.740017 7.410407
v 16.742640 1.739052 7.383755
v 17.356462 1.741948 7.232553
v 17.356462 1.711182 7.334736
v 17.151264 1.739627 7.330706
v 15.986472 0.497102 3.067338
v 15.986472 0.558714 2.862704
v 17.567711 0.556486 3.067983
v 15.986472 0.506149 2.964920
v 16.776052 0.505036 3.067424
v 16.742640 0.513808 2.969342
v 16.776052 0.558417 2.890128
v 15.986472 0.528764 2.889807
v 16.742640 0.529730 2.916459
v 17.356462 0.526834 3.067662
v 17.356462 0.557599 2.965477
v 17.151264 0.529154 2.969507
v 15.986472 1.816740 3.081663
v 17.567711 1.757356 3.081019
v 15.986472 1.759585 2.875739
v 16.776052 1.808807 3.081577
v 15.986472 1.809919 2.979073
v 16.742640 1.802166 2.983326
v 17.356462 1.758469 2.978513
v 17.356462 1.787009 3.081340
v 17.151264 1.786820 2.983160
v 15.986472 1.788940 2.903485
v 16.776052 1.759287 2.903164
v 16.742640 1.787396 2.930111
v -15.739278 0.452041 2.605016
v -15.737656 0.509196 2.810935
v -17.320463 0.511425 2.618112
v -15.738470 0.458862 2.707605
v -16.528833 0.459974 2.611320
v -16.494646 0.466615 2.709305
v -16.527428 0.509494 2.789728
v -15.737874 0.479841 2.783189
v -16.494228 0.481385 2.762518
v -17.109222 0.481771 2.616127
v -17.108414 0.510312 2.718952
v -16.903255 0.481961 2.712689
v -15.737554 1.710067 2.823969
v -15.739165 1.771679 2.619341
v -17.320360 1.712295 2.631148
v -15.737767 1.740017 2.796868
v -16.527327 1.710364 2.802763
v -16.494122 1.739051 2.776170
v -16.528723 1.763745 2.625473
v -15.738358 1.762632 2.721756
v -16.494535 1.754973 2.723289
v -17.108311 1.711182 2.731987
v -17.109116 1.741948 2.629806
v -16.903149 1.739627 2.726340
v -15.771966 0.497102 -1.546067
v -17.353153 0.556486 -1.532971
v -15.773578 0.558715 -1.750696
v -16.561522 0.505036 -1.539763
v -15.772772 0.506149 -1.648483
v -16.528881 0.513808 -1.638107
v -17.142715 0.557599 -1.637136
v -17.141911 0.526833 -1.534956
v -16.937492 0.529154 -1.634723
v -15.773364 0.528764 -1.723594
v -16.562918 0.558417 -1.717054
v -16.529297 0.529729 -1.690987
v -15.771852 1.816740 -1.531743
v -15.773475 1.759585 -1.737660
v -17.353048 1.757357 -1.519936
v -15.772661 1.809919 -1.634330
v -16.561411 1.808807 -1.525611
v -16.528770 1.802166 -1.624122
v -16.562817 1.759287 -1.704020
v -15.773257 1.788940 -1.709915
v -16.529190 1.787396 -1.677335
v -17.141804 1.787009 -1.521277
v -17.142614 1.758469 -1.624101
v -16.937386 1.786820 -1.621071
v 16.235884 0.452041 2.353221
v 17.817080 0.511425 2.341415
v 16.237505 0.509197 2.559139
v 17.025440 0.459974 2.347090
v 16.236692 0.458862 2.455810
v 16.992802 0.466615 2.445601
v 17.606644 0.510312 2.445580
v 17.605835 0.481772 2.342756
v 17.401415 0.481961 2.442550
v 16.237288 0.479841 2.531394
v 17.026846 0.509494 2.525499
v 16.993219 0.481386 2.498815
v 16.235996 1.771679 2.367546
v 16.237608 1.710066 2.572175
v 17.817184 1.712295 2.354450
v 16.236803 1.762633 2.469962
v 17.025553 1.763745 2.361242
v 16.992912 1.754973 2.459587
v 17.026949 1.710365 2.538534
v 16.237394 1.740017 2.545073
v 16.993326 1.739052 2.512466
v 17.605942 1.741948 2.356436
v 17.606747 1.711182 2.458615
v 17.401522 1.739627 2.456202
v 16.203196 0.497102 -1.797861
v 16.201584 0.558714 -2.002491
v 17.784391 0.556487 -1.809669
v 16.202389 0.506148 -1.900278
v 16.992754 0.505036 -1.803993
v 16.958567 0.513808 -1.901810
v 16.991356 0.558417 -1.981284
v 16.201797 0.528764 -1.975388
v 16.958151 0.529730 -1.954690
v 17.573147 0.526833 -1.808326
v 17.572342 0.557599 -1.910507
v 17.367180 0.529154 -1.904861
v 16.203308 1.816740 -1.783537
v 17.784494 1.757356 -1.796633
v 16.201687 1.759585 -1.989455
v 16.992865 1.808807 -1.789841
v 16.202499 1.809920 -1.886125
v 16.958677 1.802166 -1.887825
v 17.572445 1.758469 -1.897472
v 17.573254 1.787009 -1.794648
v 17.367287 1.786820 -1.891210
v 16.201904 1.788940 -1.961709
v 16.991459 1.759287 -1.968249
v 16.958258 1.787396 -1.941039
v -15.756061 0.452041 -2.344305
v -15.756061 0.509196 -2.138381
v -17.337299 0.511425 -2.343661
v -15.756061 0.458861 -2.241714
v -16.545643 0.459975 -2.344219
v -16.512228 0.466615 -2.245968
v -16.545643 0.509494 -2.165805
v -15.756061 0.479841 -2.166127
v -16.512228 0.481386 -2.192753
v -17.126051 0.481772 -2.343982
v -17.126051 0.510312 -2.241155
v -16.920853 0.481961 -2.245801
v -15.756061 1.710067 -2.125345
v -15.756061 1.771678 -2.329981
v -17.337299 1.712295 -2.330625
v -15.756061 1.740017 -2.152448
v -16.545643 1.710364 -2.152770
v -16.512228 1.739051 -2.179101
v -16.545643 1.763745 -2.330067
v -15.756061 1.762632 -2.227561
v -16.512228 1.754973 -2.231983
v -17.126051 1.711182 -2.228119
v -17.126051 1.741948 -2.330303
v -16.920853 1.739627 -2.232150
v -15.756061 0.497102 -6.495517
v -17.337299 0.556486 -6.494873
v -15.756061 0.558714 -6.700152
v -16.545643 0.505036 -6.495431
v -15.756061 0.506149 -6.597936
v -16.512228 0.513808 -6.593514
v -17.126051 0.557599 -6.597378
v -17.126051 0.526833 -6.495194
v -16.920853 0.529154 -6.593348
v -15.756061 0.528764 -6.673049
v -16.545643 0.558417 -6.672728
v -16.512228 0.529730 -6.646397
v -15.756061 1.816740 -6.481193
v -15.756061 1.759584 -6.687117
v -17.337299 1.757356 -6.481837
v -15.756061 1.809919 -6.583784
v -16.545643 1.808806 -6.481278
v -16.512228 1.802166 -6.579529
v -16.545643 1.759287 -6.659692
v -15.756061 1.788940 -6.659370
v -16.512228 1.787395 -6.632745
v -17.126051 1.787009 -6.481515
v -17.126051 1.758469 -6.584342
v -16.920853 1.786820 -6.579696
v 16.220091 0.452041 -2.344305
v 17.801331 0.511425 -2.343661
v 16.220091 0.509196 -2.138381
v 17.009672 0.459975 -2.344219
v 16.220091 0.458861 -2.241714
v 16.976259 0.466615 -2.245968
v 17.590084 0.510312 -2.241155
v 17.590084 0.481772 -2.343982
v 17.384884 0.481961 -2.245801
v 16.220091 0.479841 -2.166127
v 17.009672 0.509494 -2.165805
v 16.976259 0.481386 -2.192753
v 16.220091 1.771678 -2.329981
v 16.220091 1.710067 -2.125345
v 17.801331 1.712295 -2.330625
v 16.220091 1.762632 -2.227561
v 17.009672 1.763745 -2.330067
v 16.976259 1.754973 -2.231983
v 17.009672 1.710364 -2.152770
v 16.220091 1.740017 -2.152448
v 16.976259 1.739051 -2.179101
v 17.590084 1.741948 -2.330303
v 17.590084 1.711182 -2.228119
v 17.384884 1.739627 -2.232150
v 16.220091 0.497102 -6.495517
v 16.220091 0.558714 -6.700152
v 17.801331 0.556486 -6.494873
v 16.220091 0.506149 -6.597936
v 17.009672 0.505036 -6.495431
v 16.976259 0.513808 -6.593514
v 17.009672 0.558417 -6.672728
v 16.220091 0.528764 -6.673049
v 16.976259 0.529730 -6.646397
v 17.590084 0.526833 -6.495194
v 17.590084 0.557599 -6.597378
v 17.384884 0.529154 -6.593348
v 16.220091 1.816740 -6.481193
v 17.801331 1.757356 -6.481837
v 16.220091 1.759584 -6.687117
v 17.009672 1.808806 -6.481278
v 16.220091 1.809919 -6.583784
v 16.976259 1.802166 -6.579529
v 17.590084 1.758469 -6.584342
v 17.590084 1.787009 -6.481515
v 17.384884 1.786820 -6.579696
v 16.220091 1.788940 -6.659370
v 17.009672 1.759287 -6.659692
v 16.976259 1.787395 -6.632745
vn -0.0000 -0.9770 0.2130
vn 1.0000 -0.0000 -0.0000
vn -0.0000 0.2130 0.9770
vn -1.0000 -0.0000 -0.0000
vn -0.0000 0.9770 -0.2130
vn -0.0100 -0.2878 -0.9577
vn -0.0114 -0.4761 -0.8793
vn -0.0255 -0.8617 -0.5069
vn -0.0874 -0.8141 -0.5741
vn -0.1336 -0.4719 -0.8715
vn -0.0374 -0.3007 -0.9530
vn -0.0361 -0.4758 -0.8788
vn -0.0255 -0.5725 0.8195
vn -0.0114 -0.0669 0.9977
vn -0.0100 0.1370 0.9905
vn -0.0374 0.1232 0.9917
vn -0.1336 -0.0663 0.9888
vn -0.0874 -0.5013 0.8608
vn -0.0361 -0.0668 0.9971
vn -0.0100 -0.1370 -0.9905
vn -0.0374 -0.1232 -0.9917
vn -0.1336 0.0663 -0.9888
vn -0.0874 0.5013 -0.8608
vn -0.0255 0.5725 -0.8195
vn -0.0114 0.0669 -0.9977
vn -0.0361 0.0668 -0.9971
vn -0.0100 0.2878 0.9577
vn -0.0114 0.4761 0.8793
vn -0.0255 0.8617 0.5069
vn -0.0874 0.8141 0.5741
vn -0.1336 0.4719 0.8715
vn -0.0374 0.3007 0.9530
vn -0.0361 0.4758 0.8788
vn 0.0100 -0.2878 -0.9577
vn 0.0374 -0.3007 -0.9530
vn 0.1336 -0.4719 -0.8715
vn 0.0874 -0.8141 -0.5741
vn 0.0255 -0.8617 -0.5069
vn 0.0114 -0.4761 -0.8793
vn 0.0361 -0.4758 -0.8788
vn 0.0100 0.1370 0.9905
vn 0.0114 -0.0669 0.9977
vn 0.0255 -0.5725 0.8195
vn 0.0874 -0.5013 0.8609
vn 0.1336 -0.0663 0.9888
vn 0.0374 0.1232 0.9917
vn 0.0361 -0.0668 0.9971
vn 0.0100 -0.1370 -0.9905
vn 0.0114 0.0669 -0.9977
vn 0.0255 0.5725 -0.8195
vn 0.0874 0.5013 -0.8609
vn 0.1336 0.0663 -0.9888
vn 0.0374 -0.1232 -0.9917
vn 0.0361 0.0668 -0.9971
vn 0.0100 0.2878 0.9577
vn 0.0374 0.3007 0.9530
vn 0.1336 0.4719 0.8715
vn 0.0874 0.8141 0.5741
vn 0.0255 0.8617 0.5069
vn 0.0114 0.4761 0.8793
vn 0.0361 0.4758 0.8788
vn -0.0100 -0.2130 -0.9770
vn -0.0375 -0.2129 -0.9764
vn -0.1390 -0.2109 -0.9676
vn -0.0347 -0.9765 0.2129
vn -0.1287 -0.9689 0.2112
vn -0.4366 -0.8790 0.1916
vn -0.0100 0.2130 0.9770
vn -0.0375 0.2129 0.9764
vn -0.1390 0.2109 0.9676
vn -0.0347 0.9765 -0.2129
vn -0.1287 0.9689 -0.2112
vn -0.4366 0.8790 -0.1916
vn -0.0000 -0.1370 -0.9906
vn -0.0000 0.0669 -0.9978
vn -0.0000 0.5727 -0.8198
vn -0.0000 0.2878 0.9577
vn -0.0000 0.4761 0.8794
vn -0.0000 0.8619 0.5070
vn 0.4366 0.8790 -0.1916
vn 0.1287 0.9689 -0.2112
vn 0.0347 0.9765 -0.2129
vn 0.0100 -0.2130 -0.9770
vn 0.0375 -0.2129 -0.9764
vn 0.1390 -0.2109 -0.9676
vn 0.0100 0.2130 0.9770
vn 0.0375 0.2129 0.9764
vn 0.1390 0.2109 0.9676
vn 0.0347 -0.9765 0.2129
vn 0.1287 -0.9689 0.2112
vn 0.4366 -0.8790 0.1916
vn -0.0000 -0.2878 -0.9577
vn -0.0000 -0.4761 -0.8794
vn -0.0000 -0.8619 -0.5070
vn -0.0000 0.1370 0.9906
vn -0.0000 -0.0669 0.9978
vn -0.0000 -0.5727 0.8198
vn -0.0000 -0.2130 -0.9770
vn -0.0874 -0.5013 0.8609
vn -0.0874 0.5013 -0.8609
vn -0.0255 0.8617 0.5068
vn -0.0874 0.8141 0.5740
vn 0.0874 -0.5013 0.8608
vn 0.0874 0.5013 -0.8608
vn 0.0255 0.8617 0.5068
vn 0.0140 -0.9769 0.2130
vn 0.9999 0.0144 -0.0000
vn -0.0031 0.2130 0.9770
vn -0.9999 -0.0144 -0.0000
vn -0.0140 0.9769 -0.2130
vn -0.0059 -0.2879 -0.9577
vn -0.0045 -0.4762 -0.8793
vn -0.0131 -0.8619 -0.5069
vn -0.0757 -0.8153 -0.5741
vn -0.1203 -0.4611 -0.8792
vn -0.0331 -0.3012 -0.9530
vn -0.0292 -0.4763 -0.8788
vn -0.0169 -0.5493 0.8355
vn -0.0104 -0.0670 0.9977
vn -0.0120 0.1368 0.9905
vn -0.0391 0.1227 0.9917
vn -0.1327 -0.0682 0.9888
vn -0.0802 -0.5025 0.8608
vn -0.0351 -0.0674 0.9971
vn -0.0086 -0.1371 -0.9905
vn -0.0356 -0.1237 -0.9917
vn -0.1346 0.0644 -0.9888
vn -0.0946 0.5000 -0.8608
vn -0.0337 0.5720 -0.8195
vn -0.0123 0.0667 -0.9977
vn -0.0370 0.0663 -0.9971
vn -0.0142 0.2919 0.9563
vn -0.0182 0.4759 0.8793
vn -0.0393 0.8611 0.5068
vn -0.0991 0.8128 0.5741
vn -0.1404 0.4699 0.8715
vn -0.0417 0.3002 0.9530
vn -0.0429 0.4753 0.8788
vn 0.0147 -0.2876 -0.9576
vn 0.0417 -0.3002 -0.9530
vn 0.1404 -0.4699 -0.8715
vn 0.0991 -0.8128 -0.5740
vn 0.0370 -0.8465 -0.5311
vn 0.0182 -0.4759 -0.8793
vn 0.0429 -0.4753 -0.8788
vn 0.0081 0.1326 0.9911
vn 0.0123 -0.0667 0.9977
vn 0.0337 -0.5721 0.8195
vn 0.0946 -0.5000 0.8609
vn 0.1346 -0.0644 0.9888
vn 0.0356 0.1237 0.9917
vn 0.0370 -0.0663 0.9971
vn 0.0120 -0.1368 -0.9905
vn 0.0104 0.0670 -0.9977
vn 0.0188 0.5728 -0.8195
vn 0.0802 0.5025 -0.8609
vn 0.1327 0.0682 -0.9888
vn 0.0391 -0.1227 -0.9917
vn 0.0351 0.0674 -0.9971
vn 0.0059 0.2879 0.9577
vn 0.0331 0.3012 0.9530
vn 0.1260 0.4872 0.8641
vn 0.0757 0.8153 0.5740
vn 0.0131 0.8619 0.5069
vn 0.0045 0.4762 0.8793
vn 0.0292 0.4763 0.8788
vn -0.0070 -0.2131 -0.9770
vn -0.0345 -0.2134 -0.9764
vn -0.1360 -0.2129 -0.9676
vn -0.0207 -0.9769 0.2129
vn -0.1148 -0.9707 0.2112
vn -0.4239 -0.8852 0.1916
vn -0.0131 0.2128 0.9770
vn -0.0406 0.2123 0.9764
vn -0.1420 0.2089 0.9676
vn -0.0487 0.9759 -0.2129
vn -0.1426 0.9670 -0.2112
vn -0.4492 0.8727 -0.1916
vn 0.0020 -0.1370 -0.9906
vn -0.0010 0.0669 -0.9978
vn -0.0082 0.5726 -0.8198
vn -0.0041 0.2877 0.9577
vn -0.0068 0.4761 0.8794
vn -0.0124 0.8619 0.5070
vn 0.4239 0.8852 -0.1916
vn 0.1148 0.9707 -0.2112
vn 0.0207 0.9769 -0.2129
vn 0.0131 -0.2128 -0.9770
vn 0.0406 -0.2123 -0.9764
vn 0.1420 -0.2089 -0.9676
vn 0.0070 0.2131 0.9770
vn 0.0345 0.2134 0.9764
vn 0.1360 0.2129 0.9676
vn 0.0487 -0.9759 0.2129
vn 0.1426 -0.9670 0.2112
vn 0.4491 -0.8727 0.1916
vn 0.0041 -0.2877 -0.9577
vn 0.0068 -0.4761 -0.8794
vn 0.0124 -0.8618 -0.5070
vn -0.0020 0.1370 0.9906
vn 0.0010 -0.0669 0.9978
vn 0.0082 -0.5726 0.8198
vn 0.0031 -0.2130 -0.9770
vn -0.0000 -0.0109 0.9999
vn -0.0000 0.9999 0.0109
vn -0.0000 0.0109 -0.9999
vn -0.0100 -0.9974 0.0708
vn -0.0114 -0.9635 0.2674
vn -0.0255 -0.6867 0.7265
vn -0.0874 -0.7416 0.6652
vn -0.1269 -0.9596 0.2511
vn -0.0374 -0.9961 0.0801
vn -0.0361 -0.9629 0.2673
vn -0.0255 0.6708 0.7412
vn -0.0114 0.9575 0.2883
vn -0.0106 0.9961 0.0880
vn -0.0374 0.9941 0.1016
vn -0.1336 0.9490 0.2857
vn -0.0874 0.7270 0.6811
vn -0.0361 0.9569 0.2881
vn -0.0106 -0.9961 -0.0880
vn -0.0374 -0.9941 -0.1016
vn -0.1336 -0.9490 -0.2857
vn -0.0874 -0.7270 -0.6811
vn -0.0255 -0.6708 -0.7412
vn -0.0114 -0.9575 -0.2883
vn -0.0361 -0.9569 -0.2881
vn -0.0100 0.9974 -0.0708
vn -0.0114 0.9635 -0.2674
vn -0.0255 0.6867 -0.7265
vn -0.0874 0.7416 -0.6651
vn -0.1269 0.9596 -0.2511
vn -0.0374 0.9961 -0.0800
vn -0.0361 0.9629 -0.2673
vn 0.0106 -0.9977 0.0663
vn 0.0374 -0.9961 0.0800
vn 0.1330 -0.9508 0.2799
vn 0.0874 -0.7416 0.6651
vn 0.0255 -0.6867 0.7265
vn 0.0114 -0.9635 0.2674
vn 0.0361 -0.9629 0.2673
vn 0.0100 0.9957 0.0925
vn 0.0114 0.9575 0.2883
vn 0.0255 0.6708 0.7412
vn 0.0874 0.7270 0.6811
vn 0.1336 0.9490 0.2857
vn 0.0374 0.9941 0.1016
vn 0.0361 0.9569 0.2881
vn 0.0100 -0.9957 -0.0925
vn 0.0114 -0.9575 -0.2883
vn 0.0255 -0.6708 -0.7412
vn 0.0874 -0.7270 -0.6811
vn 0.1336 -0.9490 -0.2857
vn 0.0374 -0.9941 -0.1016
vn 0.0361 -0.9569 -0.2881
vn 0.0106 0.9977 -0.0663
vn 0.0374 0.9961 -0.0800
vn 0.1330 0.9508 -0.2799
vn 0.0874 0.7415 -0.6652
vn 0.0255 0.6867 -0.7265
vn 0.0114 0.9635 -0.2674
vn 0.0361 0.9629 -0.2673
vn -0.0100 -0.9999 -0.0109
vn -0.0375 -0.9992 -0.0108
vn -0.1390 -0.9902 -0.0107
vn -0.0347 -0.0108 0.9993
vn -0.1287 -0.0108 0.9916
vn -0.4366 -0.0098 0.8996
vn -0.0100 0.9999 0.0109
vn -0.0375 0.9992 0.0108
vn -0.1390 0.9902 0.0107
vn -0.0347 0.0108 -0.9993
vn -0.1287 0.0108 -0.9916
vn -0.4366 0.0098 -0.8996
vn -0.0000 -0.9961 -0.0880
vn -0.0000 -0.9575 -0.2883
vn -0.0000 -0.6710 -0.7415
vn -0.0000 0.9978 -0.0663
vn -0.0000 0.9636 -0.2674
vn -0.0000 0.6869 -0.7268
vn 0.4366 0.0098 -0.8996
vn 0.1287 0.0108 -0.9916
vn 0.0347 0.0108 -0.9993
vn 0.0100 -0.9999 -0.0109
vn 0.0375 -0.9992 -0.0108
vn 0.1390 -0.9902 -0.0107
vn 0.0100 0.9999 0.0109
vn 0.0375 0.9992 0.0108
vn 0.1390 0.9902 0.0107
vn 0.0347 -0.0108 0.9993
vn 0.1288 -0.0108 0.9916
vn 0.4366 -0.0098 0.8996
vn -0.0000 -0.9978 0.0663
vn -0.0000 -0.9636 0.2675
vn -0.0000 -0.6869 0.7267
vn -0.0000 0.9961 0.0880
vn -0.0000 0.9575 0.2883
vn -0.0000 0.6710 0.7415
vn -0.0000 -0.9999 -0.0109
vn 0.0079 -0.0109 0.9999
vn 1.0000 -0.0000 -0.0079
vn 0.0001 0.9999 0.0109
vn -1.0000 -0.0000 0.0079
vn -0.0079 0.0109 -0.9999
vn -0.0095 -0.9977 0.0664
vn -0.0093 -0.9635 0.2675
vn -0.0198 -0.6867 0.7267
vn -0.0822 -0.7416 0.6658
vn -0.1249 -0.9596 0.2521
vn -0.0367 -0.9961 0.0803
vn -0.0339 -0.9629 0.2675
vn -0.0197 0.6708 0.7414
vn -0.0091 0.9575 0.2884
vn -0.0093 0.9961 0.0881
vn -0.0366 0.9941 0.1019
vn -0.1314 0.9490 0.2868
vn -0.0820 0.7270 0.6818
vn -0.0338 0.9569 0.2884
vn -0.0113 -0.9961 -0.0879
vn -0.0382 -0.9941 -0.1013
vn -0.1359 -0.9489 -0.2847
vn -0.0928 -0.7270 -0.6804
vn -0.0313 -0.6708 -0.7410
vn -0.0137 -0.9575 -0.2882
vn -0.0383 -0.9569 -0.2878
vn -0.0106 0.9974 -0.0707
vn -0.0135 0.9635 -0.2673
vn -0.0312 0.6867 -0.7263
vn -0.0926 0.7416 -0.6644
vn -0.1289 0.9596 -0.2501
vn -0.0380 0.9961 -0.0797
vn -0.0382 0.9629 -0.2670
vn 0.0111 -0.9977 0.0662
vn 0.0380 -0.9961 0.0798
vn 0.1352 -0.9508 0.2788
vn 0.0926 -0.7416 0.6644
vn 0.0312 -0.6867 0.7263
vn 0.0135 -0.9635 0.2673
vn 0.0382 -0.9629 0.2670
vn 0.0107 0.9957 0.0924
vn 0.0137 0.9575 0.2882
vn 0.0313 0.6708 0.7410
vn 0.0928 0.7270 0.6804
vn 0.1359 0.9490 0.2846
vn 0.0382 0.9941 0.1013
vn 0.0383 0.9569 0.2878
vn 0.0093 -0.9961 -0.0881
vn 0.0091 -0.9575 -0.2884
vn 0.0197 -0.6708 -0.7414
vn 0.0820 -0.7270 -0.6818
vn 0.1314 -0.9490 -0.2868
vn 0.0366 -0.9941 -0.1019
vn 0.0338 -0.9569 -0.2884
vn 0.0095 0.9977 -0.0664
vn 0.0367 0.9961 -0.0803
vn 0.1308 0.9508 -0.2809
vn 0.0822 0.7416 -0.6658
vn 0.0198 0.6867 -0.7267
vn 0.0093 0.9635 -0.2675
vn 0.0339 0.9629 -0.2675
vn -0.0101 -0.9999 -0.0108
vn -0.0376 -0.9992 -0.0106
vn -0.1391 -0.9902 -0.0097
vn -0.0268 -0.0108 0.9996
vn -0.1209 -0.0108 0.9926
vn -0.4295 -0.0098 0.9030
vn -0.0374 0.9992 0.0111
vn -0.1389 0.9902 0.0118
vn -0.0426 0.0108 -0.9990
vn -0.1366 0.0108 -0.9906
vn -0.4436 0.0098 -0.8961
vn -0.0007 -0.9961 -0.0880
vn -0.0023 -0.9575 -0.2883
vn -0.0058 -0.6710 -0.7415
vn -0.0005 0.9978 -0.0663
vn -0.0021 0.9636 -0.2674
vn -0.0057 0.6869 -0.7267
vn 0.4295 0.0098 -0.9030
vn 0.1209 0.0108 -0.9926
vn 0.0268 0.0108 -0.9996
vn 0.0374 -0.9992 -0.0111
vn 0.1389 -0.9902 -0.0118
vn 0.0101 0.9999 0.0108
vn 0.0376 0.9992 0.0106
vn 0.1391 0.9902 0.0097
vn 0.0426 -0.0108 0.9990
vn 0.1366 -0.0108 0.9906
vn 0.4436 -0.0098 0.8962
vn 0.0005 -0.9978 0.0663
vn 0.0021 -0.9636 0.2675
vn 0.0057 -0.6869 0.7267
vn 0.0007 0.9961 0.0880
vn 0.0023 0.9575 0.2883
vn 0.0058 0.6710 0.7415
vn -0.0001 -0.9999 -0.0109
vn -0.0374 -0.9961 0.0800
vn -0.0874 0.7416 -0.6652
vn 0.0874 -0.7416 0.6652
vn 0.0874 0.7416 -0.6651
vn -0.0000 0.6869 -0.7267
vn 0.1390 -0.9902 -0.0108
vn 0.1390 0.9902 0.0108
vn 0.1287 -0.0108 0.9916
vn -0.0000 -0.9636 0.2674
vn -0.0106 -0.2923 -0.9563
vn -0.0263 -0.8462 -0.5322
vn -0.1261 -0.4723 -0.8724
vn -0.0263 -0.5479 0.8361
vn -0.0106 0.1323 0.9912
vn -0.1261 -0.0664 0.9898
vn -0.0106 -0.1323 -0.9912
vn -0.1261 0.0664 -0.9898
vn -0.0263 0.5479 -0.8361
vn -0.0106 0.2923 0.9563
vn -0.0263 0.8462 0.5322
vn -0.1261 0.4723 0.8724
vn 0.0106 -0.2923 -0.9563
vn 0.1261 -0.4723 -0.8724
vn 0.0263 -0.8462 -0.5322
vn 0.0106 0.1323 0.9912
vn 0.0263 -0.5479 0.8361
vn 0.1261 -0.0664 0.9898
vn 0.0106 -0.1323 -0.9912
vn 0.0263 0.5479 -0.8361
vn 0.1261 0.0664 -0.9898
vn 0.0106 0.2923 0.9563
vn 0.1261 0.4723 0.8724
vn 0.0263 0.8462 0.5322
vn -0.0263 0.5480 -0.8361
vn -0.0263 0.8462 0.5321
vn 0.0263 0.5480 -0.8361
vn 0.0263 0.8462 0.5321
vn -0.1288 -0.9689 0.2112
vn -0.1288 0.9689 -0.2112
vn -0.0064 -0.2924 -0.9563
vn -0.0142 -0.8465 -0.5322
vn -0.1261 -0.4873 -0.8641
vn -0.0188 -0.5728 0.8195
vn -0.0125 0.1321 0.9912
vn -0.1251 -0.0682 0.9898
vn -0.0081 -0.1326 -0.9911
vn -0.1270 0.0645 -0.9898
vn -0.0342 0.5475 -0.8361
vn -0.0147 0.2876 0.9576
vn -0.0370 0.8465 0.5311
vn -0.1328 0.4705 0.8724
vn 0.0142 -0.2919 -0.9563
vn 0.1328 -0.4705 -0.8724
vn 0.0991 -0.8128 -0.5741
vn 0.0393 -0.8611 -0.5068
vn 0.0086 0.1371 0.9905
vn 0.0342 -0.5475 0.8361
vn 0.1270 -0.0645 0.9898
vn 0.0125 -0.1321 -0.9912
vn 0.0169 0.5493 -0.8354
vn 0.0802 0.5025 -0.8608
vn 0.1251 0.0682 -0.9898
vn 0.0064 0.2924 0.9563
vn 0.1203 0.4611 0.8792
vn 0.0757 0.8153 0.5741
vn 0.0142 0.8465 0.5322
vn -0.4491 0.8727 -0.1916
vn -0.0124 0.8618 0.5071
vn -0.0106 -0.9977 0.0663
vn -0.0263 -0.7079 0.7058
vn -0.0874 -0.7416 0.6651
vn -0.1330 -0.9508 0.2799
vn -0.0263 0.6924 0.7210
vn -0.0100 0.9957 0.0925
vn -0.1261 0.9499 0.2860
vn -0.0100 -0.9957 -0.0925
vn -0.1261 -0.9499 -0.2860
vn -0.0263 -0.6924 -0.7210
vn -0.0106 0.9977 -0.0663
vn -0.0263 0.7079 -0.7058
vn -0.0874 0.7415 -0.6652
vn -0.1330 0.9508 -0.2799
vn 0.0100 -0.9974 0.0708
vn 0.1269 -0.9596 0.2511
vn 0.0263 -0.7079 0.7058
vn 0.0106 0.9961 0.0880
vn 0.0263 0.6924 0.7210
vn 0.1261 0.9499 0.2860
vn 0.0106 -0.9961 -0.0880
vn 0.0263 -0.6924 -0.7210
vn 0.1261 -0.9499 -0.2860
vn 0.0100 0.9974 -0.0708
vn 0.1269 0.9596 -0.2511
vn 0.0263 0.7079 -0.7058
vn -0.1390 -0.9902 -0.0108
vn -0.1288 -0.0108 0.9916
vn -0.1390 0.9902 0.0108
vn -0.1288 0.0108 -0.9916
vn 0.1288 0.0108 -0.9916
vn -0.0101 -0.9974 0.0711
vn -0.0207 -0.7079 0.7060
vn -0.1308 -0.9508 0.2809
vn -0.0206 0.6924 0.7212
vn -0.0099 0.9956 0.0927
vn -0.1238 0.9499 0.2870
vn -0.0107 -0.9957 -0.0924
vn -0.1283 -0.9499 -0.2850
vn -0.0320 -0.6924 -0.7208
vn -0.0111 0.9977 -0.0663
vn -0.0319 0.7079 -0.7056
vn -0.0926 0.7416 -0.6645
vn -0.1352 0.9508 -0.2788
vn 0.0106 -0.9974 0.0707
vn 0.0380 -0.9961 0.0797
vn 0.1289 -0.9596 0.2501
vn 0.0319 -0.7079 0.7056
vn 0.0113 0.9961 0.0879
vn 0.0320 0.6924 0.7208
vn 0.1283 0.9499 0.2850
vn 0.0099 -0.9956 -0.0927
vn 0.0206 -0.6924 -0.7212
vn 0.0820 -0.7269 -0.6818
vn 0.1238 -0.9499 -0.2870
vn 0.0101 0.9974 -0.0711
vn 0.1249 0.9596 -0.2521
vn 0.0207 0.7079 -0.7060
vn -0.4436 0.0098 -0.8962
vn 0.4436 -0.0098 0.8961
vn 0.0021 -0.9636 0.2674
vn 0.0874 0.7416 -0.6652
vt 0.341436 0.755894
vt 0.313518 0.783877
vt 0.313518 0.755906
vt 0.576321 0.721636
vt 0.548349 0.749608
vt 0.548349 0.721636
vt 0.833318 0.115596
vt 0.805346 0.087634
vt 0.833318 0.087634
vt 0.116308 0.745028
vt 0.088337 0.773000
vt 0.088337 0.745028
vt 0.235146 0.797267
vt 0.263064 0.769308
vt 0.263064 0.797279
vt 0.834008 0.183470
vt 0.833318 0.184160
vt 0.833318 0.183475
vt 0.312817 0.783876
vt 0.312456 0.784534
vt 0.312279 0.783873
vt 0.313506 0.784567
vt 0.313475 0.785071
vt 0.312835 0.784537
vt 0.087646 0.745028
vt 0.088337 0.744337
vt 0.087318 0.744365
vt 0.087675 0.744366
vt 0.312813 0.784892
vt 0.342114 0.783864
vt 0.341424 0.784555
vt 0.341436 0.783866
vt 0.804147 0.115614
vt 0.804684 0.116267
vt 0.804327 0.116276
vt 0.805346 0.116292
vt 0.804655 0.115601
vt 0.805346 0.115596
vt 0.805346 0.116812
vt 0.116308 0.744337
vt 0.116999 0.745028
vt 0.116308 0.743828
vt 0.116970 0.744366
vt 0.804684 0.116634
vt 0.805346 0.184160
vt 0.804655 0.183470
vt 0.805346 0.183475
vt 0.087646 0.772999
vt 0.087318 0.773660
vt 0.087138 0.772998
vt 0.088337 0.773690
vt 0.088337 0.774197
vt 0.087675 0.773660
vt 0.263742 0.797281
vt 0.263052 0.797971
vt 0.804147 0.183457
vt 0.804684 0.184126
vt 0.804327 0.184117
vt 0.087675 0.774017
vt 0.834008 0.115601
vt 0.833318 0.116292
vt 0.234445 0.797268
vt 0.234084 0.797933
vt 0.233907 0.797271
vt 0.235134 0.797959
vt 0.235103 0.798470
vt 0.234463 0.797931
vt 0.116999 0.772999
vt 0.116308 0.773690
vt 0.116308 0.773000
vt 0.833318 0.116812
vt 0.833979 0.116267
vt 0.833979 0.116634
vt 0.234441 0.798291
vt 0.833318 0.154817
vt 0.834008 0.155507
vt 0.833318 0.155512
vt 0.833318 0.154296
vt 0.833979 0.154841
vt 0.548349 0.750298
vt 0.547658 0.749608
vt 0.313506 0.755214
vt 0.312813 0.754883
vt 0.313475 0.754703
vt 0.312817 0.755905
vt 0.312456 0.755240
vt 0.312835 0.755243
vt 0.804655 0.087639
vt 0.805346 0.086948
vt 0.804147 0.087652
vt 0.804684 0.086982
vt 0.341424 0.755202
vt 0.342114 0.755893
vt 0.576321 0.750298
vt 0.576982 0.750626
vt 0.576321 0.750805
vt 0.577012 0.749608
vt 0.576321 0.749608
vt 0.577340 0.750268
vt 0.576982 0.750269
vt 0.804655 0.155507
vt 0.805346 0.154817
vt 0.805346 0.155512
vt 0.804147 0.155494
vt 0.804684 0.154842
vt 0.263052 0.768619
vt 0.263742 0.769310
vt 0.548349 0.720945
vt 0.547688 0.720616
vt 0.548349 0.720437
vt 0.547658 0.721636
vt 0.805346 0.154296
vt 0.804684 0.154475
vt 0.804327 0.154832
vt 0.833318 0.086948
vt 0.834008 0.087639
vt 0.577012 0.721636
vt 0.577340 0.720973
vt 0.577519 0.721635
vt 0.576321 0.720945
vt 0.235134 0.768607
vt 0.234441 0.768282
vt 0.235103 0.768102
vt 0.234445 0.769297
vt 0.235146 0.769296
vt 0.234084 0.768639
vt 0.234463 0.768637
vt 0.087138 0.745027
vt 0.088337 0.743828
vt 0.233907 0.769300
vt 0.576321 0.720437
vt 0.577519 0.749607
vt 0.341393 0.754691
vt 0.312279 0.755902
vt 0.441108 0.750165
vt 0.413190 0.778148
vt 0.413190 0.750176
vt 0.184197 0.745548
vt 0.156225 0.773520
vt 0.156225 0.745548
vt 0.833318 0.250292
vt 0.805346 0.222330
vt 0.833318 0.222330
vt 0.508975 0.726604
vt 0.481003 0.754575
vt 0.481003 0.726604
vt 0.548898 0.817454
vt 0.576815 0.789494
vt 0.576815 0.817466
vt 0.834008 0.318166
vt 0.833318 0.318856
vt 0.833318 0.318170
vt 0.411951 0.778143
vt 0.412508 0.778807
vt 0.412129 0.778805
vt 0.413179 0.778837
vt 0.412489 0.778147
vt 0.413147 0.779341
vt 0.480312 0.726603
vt 0.481003 0.725913
vt 0.479804 0.726602
vt 0.480341 0.725941
vt 0.412485 0.779162
vt 0.441786 0.778134
vt 0.441097 0.778825
vt 0.441108 0.778136
vt 0.804655 0.250297
vt 0.804327 0.250972
vt 0.804147 0.250310
vt 0.805346 0.250988
vt 0.805346 0.250292
vt 0.805346 0.251508
vt 0.804685 0.250963
vt 0.508975 0.725913
vt 0.509665 0.726603
vt 0.509636 0.725583
vt 0.509636 0.725941
vt 0.804684 0.251330
vt 0.805346 0.318856
vt 0.804655 0.318166
vt 0.805346 0.318170
vt 0.480312 0.754575
vt 0.479984 0.755235
vt 0.479804 0.754574
vt 0.481003 0.755266
vt 0.480341 0.755593
vt 0.480341 0.755236
vt 0.577493 0.817467
vt 0.576804 0.818158
vt 0.804147 0.318153
vt 0.804684 0.318822
vt 0.804327 0.318813
vt 0.834008 0.250297
vt 0.833318 0.250988
vt 0.548197 0.817455
vt 0.547836 0.818120
vt 0.547658 0.817458
vt 0.548886 0.818146
vt 0.548855 0.818657
vt 0.548215 0.818117
vt 0.509665 0.754575
vt 0.508975 0.755266
vt 0.508975 0.754575
vt 0.833979 0.251330
vt 0.833318 0.251508
vt 0.548193 0.818477
vt 0.833318 0.289513
vt 0.834009 0.290203
vt 0.833318 0.290208
vt 0.833318 0.288992
vt 0.833979 0.289537
vt 0.156225 0.774210
vt 0.155534 0.773520
vt 0.413147 0.748973
vt 0.412508 0.749513
vt 0.412485 0.749153
vt 0.412489 0.750175
vt 0.413179 0.749485
vt 0.411951 0.750172
vt 0.412129 0.749511
vt 0.804655 0.222335
vt 0.805346 0.221644
vt 0.804327 0.221687
vt 0.804684 0.221678
vt 0.441097 0.749473
vt 0.441786 0.750163
vt 0.184197 0.774210
vt 0.184858 0.774537
vt 0.184197 0.774717
vt 0.184888 0.773520
vt 0.184197 0.773520
vt 0.185216 0.774180
vt 0.184858 0.774181
vt 0.804655 0.290203
vt 0.805346 0.289513
vt 0.805346 0.290208
vt 0.804327 0.289528
vt 0.804685 0.289537
vt 0.576804 0.788805
vt 0.577493 0.789496
vt 0.156225 0.744348
vt 0.155564 0.744886
vt 0.155564 0.744528
vt 0.155534 0.745548
vt 0.156225 0.744857
vt 0.804685 0.289171
vt 0.805346 0.288992
vt 0.833318 0.221644
vt 0.834008 0.222335
vt 0.185395 0.745547
vt 0.184858 0.744886
vt 0.185216 0.744885
vt 0.184197 0.744857
vt 0.184888 0.745548
vt 0.548886 0.788793
vt 0.548193 0.788468
vt 0.548855 0.788289
vt 0.548197 0.789484
vt 0.548898 0.789483
vt 0.547836 0.788826
vt 0.548215 0.788823
vt 0.508975 0.725404
vt 0.481003 0.725404
vt 0.804148 0.290190
vt 0.547658 0.789487
vt 0.184197 0.744348
vt 0.185395 0.773519
vt 0.441065 0.748961
vt 0.804147 0.222348
vt 0.235143 0.701349
vt 0.262983 0.727334
vt 0.235143 0.729416
vt 0.640685 0.790184
vt 0.668652 0.818155
vt 0.640683 0.818155
vt 0.116141 0.702281
vt 0.088328 0.677049
vt 0.116141 0.674100
vt 0.480478 0.822483
vt 0.508445 0.794511
vt 0.508447 0.822483
vt 0.641248 0.748944
vt 0.669088 0.722959
vt 0.669088 0.751027
vt 0.185225 0.705743
vt 0.184538 0.706366
vt 0.184538 0.705675
vt 0.234444 0.729468
vt 0.234083 0.730156
vt 0.233907 0.729505
vt 0.235131 0.730109
vt 0.235099 0.730619
vt 0.234462 0.730129
vt 0.479855 0.823115
vt 0.479807 0.822468
vt 0.184539 0.706865
vt 0.185196 0.706402
vt 0.185197 0.706753
vt 0.234439 0.730488
vt 0.263618 0.727948
vt 0.262971 0.728027
vt 0.087138 0.705374
vt 0.087671 0.705975
vt 0.087317 0.706022
vt 0.088328 0.705930
vt 0.087642 0.705307
vt 0.088328 0.705229
vt 0.480495 0.793805
vt 0.479890 0.793433
vt 0.480549 0.793256
vt 0.479804 0.794496
vt 0.480475 0.794511
vt 0.263596 0.728306
vt 0.262939 0.728536
vt 0.087672 0.706344
vt 0.156724 0.702727
vt 0.156067 0.703314
vt 0.156038 0.702649
vt 0.156725 0.703418
vt 0.156068 0.703665
vt 0.509157 0.822468
vt 0.508466 0.823158
vt 0.509542 0.823085
vt 0.509147 0.823115
vt 0.669764 0.751078
vt 0.669076 0.751720
vt 0.155713 0.703267
vt 0.155534 0.702583
vt 0.509185 0.823443
vt 0.116800 0.702887
vt 0.116142 0.702982
vt 0.640012 0.748855
vt 0.640567 0.749558
vt 0.640189 0.749532
vt 0.640549 0.748892
vt 0.509716 0.794455
vt 0.509144 0.793820
vt 0.509540 0.793791
vt 0.508464 0.793805
vt 0.509155 0.794496
vt 0.508518 0.793256
vt 0.509182 0.793433
vt 0.184538 0.677494
vt 0.185196 0.676888
vt 0.185225 0.677562
vt 0.668725 0.819410
vt 0.669352 0.818846
vt 0.669390 0.819233
vt 0.669362 0.818170
vt 0.668671 0.818861
vt 0.669924 0.818212
vt 0.234462 0.700734
vt 0.235131 0.700656
vt 0.233907 0.701438
vt 0.234444 0.701400
vt 0.669747 0.818875
vt 0.087671 0.676461
vt 0.088328 0.676357
vt 0.087642 0.677126
vt 0.087317 0.676508
vt 0.262971 0.698573
vt 0.263659 0.699215
vt 0.262983 0.699266
vt 0.669364 0.790199
vt 0.669749 0.789581
vt 0.669926 0.790240
vt 0.668674 0.789508
vt 0.668654 0.790184
vt 0.087672 0.676110
vt 0.088330 0.675859
vt 0.669392 0.789223
vt 0.669354 0.789552
vt 0.156038 0.674468
vt 0.156725 0.673845
vt 0.156724 0.674546
vt 0.155534 0.674402
vt 0.156068 0.673800
vt 0.669723 0.722345
vt 0.669764 0.723011
vt 0.669076 0.722266
vt 0.669701 0.721986
vt 0.640702 0.818861
vt 0.640012 0.818170
vt 0.640098 0.819233
vt 0.640060 0.818846
vt 0.155713 0.673754
vt 0.156068 0.673431
vt 0.116142 0.673409
vt 0.116829 0.674032
vt 0.116143 0.672911
vt 0.116800 0.673374
vt 0.640062 0.789552
vt 0.640705 0.789508
vt 0.641205 0.719674
vt 0.640567 0.720164
vt 0.640544 0.719805
vt 0.640549 0.720825
vt 0.641236 0.720183
vt 0.641248 0.720876
vt 0.640189 0.720137
vt 0.156726 0.703916
vt 0.480497 0.823158
vt 0.641236 0.749637
vt 0.509718 0.822426
vt 0.116829 0.702213
vt 0.640012 0.720787
vt 0.640014 0.790199
vt 0.669045 0.721757
vt 0.184538 0.676793
vt 0.640756 0.819410
vt 0.087138 0.677193
vt 0.263659 0.727282
vt 0.163422 0.812875
vt 0.155534 0.841000
vt 0.155534 0.813037
vt 0.412156 0.701712
vt 0.420440 0.612978
vt 0.420440 0.707431
vt 0.413152 0.560773
vt 0.441122 0.466321
vt 0.441124 0.560773
vt 0.640217 0.583691
vt 0.648500 0.672425
vt 0.640217 0.678144
vt 0.358455 0.637611
vt 0.366343 0.609811
vt 0.366343 0.637773
vt 0.644684 0.437602
vt 0.645345 0.435294
vt 0.645374 0.437564
vt 0.644683 0.435232
vt 0.645344 0.434013
vt 0.645372 0.433271
vt 0.644682 0.433413
vt 0.644681 0.432647
vt 0.645879 0.434986
vt 0.640020 0.581592
vt 0.640216 0.581358
vt 0.645881 0.437460
vt 0.645701 0.435220
vt 0.413150 0.462417
vt 0.412457 0.462559
vt 0.413148 0.461935
vt 0.413151 0.464027
vt 0.412488 0.463029
vt 0.413151 0.466321
vt 0.412489 0.464162
vt 0.412460 0.466359
vt 0.412131 0.464236
vt 0.648500 0.575640
vt 0.648704 0.577831
vt 0.648500 0.577972
vt 0.648695 0.574396
vt 0.648695 0.575603
vt 0.644682 0.532055
vt 0.645343 0.534213
vt 0.644682 0.534349
vt 0.645373 0.532017
vt 0.645700 0.534140
vt 0.640216 0.680476
vt 0.640012 0.678285
vt 0.640019 0.681719
vt 0.640020 0.680512
vt 0.644681 0.535959
vt 0.645370 0.535817
vt 0.644680 0.536441
vt 0.645342 0.535347
vt 0.412490 0.563082
vt 0.412461 0.560811
vt 0.413152 0.563143
vt 0.412490 0.564362
vt 0.412459 0.565104
vt 0.413151 0.564962
vt 0.413150 0.565728
vt 0.411951 0.563390
vt 0.648695 0.674523
vt 0.648500 0.674757
vt 0.411953 0.560916
vt 0.412132 0.563155
vt 0.616713 0.437603
vt 0.616050 0.435294
vt 0.616712 0.435233
vt 0.615513 0.437460
vt 0.616022 0.437565
vt 0.420635 0.610879
vt 0.420644 0.613119
vt 0.615511 0.434986
vt 0.616050 0.434014
vt 0.615692 0.435221
vt 0.616711 0.433414
vt 0.616019 0.433272
vt 0.616710 0.432648
vt 0.441783 0.464163
vt 0.441812 0.466359
vt 0.441122 0.464027
vt 0.441782 0.463029
vt 0.441810 0.462559
vt 0.441121 0.462417
vt 0.441119 0.461935
vt 0.412156 0.604927
vt 0.411959 0.603683
vt 0.412155 0.603213
vt 0.411951 0.607118
vt 0.412156 0.607259
vt 0.442140 0.464236
vt 0.442319 0.466464
vt 0.616711 0.532055
vt 0.616049 0.534214
vt 0.616020 0.532017
vt 0.616711 0.534349
vt 0.616048 0.535347
vt 0.616018 0.535817
vt 0.616710 0.535959
vt 0.616708 0.536441
vt 0.420439 0.709763
vt 0.420634 0.711007
vt 0.420438 0.711478
vt 0.420644 0.707572
vt 0.615691 0.534140
vt 0.615511 0.531913
vt 0.441784 0.563082
vt 0.441123 0.563144
vt 0.442321 0.560916
vt 0.441814 0.560812
vt 0.411960 0.703811
vt 0.411951 0.701571
vt 0.442319 0.563390
vt 0.441784 0.564363
vt 0.442141 0.563156
vt 0.441122 0.564963
vt 0.441812 0.565105
vt 0.441121 0.565729
vt 0.645879 0.531912
vt 0.640012 0.583832
vt 0.163463 0.841544
vt 0.155576 0.841706
vt 0.640215 0.579644
vt 0.411951 0.466463
vt 0.648704 0.672284
vt 0.366384 0.638448
vt 0.358497 0.638286
vt 0.648499 0.676472
vt 0.412156 0.704044
vt 0.412155 0.705759
vt 0.366384 0.609104
vt 0.358455 0.609649
vt 0.358497 0.608942
vt 0.163463 0.812201
vt 0.420438 0.608931
vt 0.420439 0.610645
vt 0.419877 0.816825
vt 0.411951 0.844893
vt 0.411992 0.817078
vt 0.547863 0.673329
vt 0.556147 0.584598
vt 0.556147 0.679048
vt 0.481006 0.531483
vt 0.508976 0.442767
vt 0.508977 0.537216
vt 0.594040 0.583548
vt 0.602324 0.672280
vt 0.594040 0.677998
vt 0.320204 0.851326
vt 0.312279 0.823258
vt 0.320164 0.823510
vt 0.341451 0.464520
vt 0.342142 0.466710
vt 0.341452 0.466890
vt 0.342112 0.463165
vt 0.342113 0.464446
vt 0.342140 0.462417
vt 0.341451 0.462701
vt 0.341449 0.461935
vt 0.342648 0.464027
vt 0.593843 0.581525
vt 0.594039 0.581254
vt 0.342649 0.466502
vt 0.342469 0.464299
vt 0.481003 0.433129
vt 0.480311 0.433130
vt 0.481001 0.432647
vt 0.481004 0.434739
vt 0.480341 0.433606
vt 0.480313 0.436930
vt 0.481004 0.437033
vt 0.479984 0.434740
vt 0.480342 0.434739
vt 0.602323 0.575535
vt 0.602528 0.577726
vt 0.602324 0.577830
vt 0.602518 0.574402
vt 0.602519 0.575536
vt 0.341451 0.561339
vt 0.342111 0.563362
vt 0.341450 0.563633
vt 0.342141 0.561159
vt 0.342468 0.563215
vt 0.594039 0.680368
vt 0.593835 0.678177
vt 0.593842 0.681722
vt 0.593843 0.680442
vt 0.341449 0.565243
vt 0.342138 0.564960
vt 0.341448 0.565725
vt 0.342111 0.564496
vt 0.480343 0.533655
vt 0.480314 0.531379
vt 0.481005 0.533853
vt 0.480343 0.534936
vt 0.480312 0.535672
vt 0.481004 0.535672
vt 0.481003 0.536438
vt 0.479804 0.533854
vt 0.602519 0.674453
vt 0.602323 0.674650
vt 0.479985 0.533656
vt 0.479806 0.531379
vt 0.313480 0.472623
vt 0.312818 0.470450
vt 0.313480 0.470253
vt 0.312789 0.472727
vt 0.312460 0.470450
vt 0.556342 0.582425
vt 0.556351 0.584701
vt 0.312279 0.470252
vt 0.312817 0.469170
vt 0.313479 0.468434
vt 0.312787 0.468434
vt 0.313477 0.467668
vt 0.509637 0.440744
vt 0.509667 0.442946
vt 0.508976 0.440473
vt 0.509636 0.439610
vt 0.509664 0.439146
vt 0.508975 0.438863
vt 0.508973 0.438381
vt 0.547863 0.576509
vt 0.547666 0.575156
vt 0.547862 0.574691
vt 0.547658 0.578700
vt 0.547863 0.578879
vt 0.509994 0.440891
vt 0.510173 0.443155
vt 0.313478 0.569367
vt 0.312788 0.567176
vt 0.313479 0.567072
vt 0.312816 0.570500
vt 0.312816 0.569367
vt 0.312785 0.570976
vt 0.313477 0.570977
vt 0.313476 0.571459
vt 0.556147 0.681342
vt 0.556341 0.682476
vt 0.556145 0.682953
vt 0.556351 0.679151
vt 0.312458 0.569366
vt 0.312279 0.567176
vt 0.509668 0.537396
vt 0.508977 0.539586
vt 0.510175 0.537604
vt 0.509638 0.539660
vt 0.547667 0.675353
vt 0.547658 0.673150
vt 0.510173 0.540078
vt 0.509638 0.540941
vt 0.509995 0.539807
vt 0.508976 0.541405
vt 0.509666 0.541689
vt 0.508975 0.542171
vt 0.342648 0.560951
vt 0.593835 0.583727
vt 0.419877 0.845343
vt 0.411992 0.845596
vt 0.594038 0.579644
vt 0.479804 0.436930
vt 0.602528 0.672176
vt 0.602320 0.677234
vt 0.594038 0.682187
vt 0.602322 0.676468
vt 0.547863 0.675624
vt 0.547862 0.677234
vt 0.320204 0.822808
vt 0.312319 0.822555
vt 0.312280 0.472727
vt 0.556143 0.579644
vt 0.547860 0.573925
vt 0.556145 0.580409
vt 0.556147 0.582228
vt 0.366343 0.676606
vt 0.358455 0.704730
vt 0.358455 0.676768
vt 0.480009 0.678155
vt 0.488293 0.589420
vt 0.488293 0.683873
vt 0.235108 0.656114
vt 0.263077 0.561662
vt 0.263079 0.656114
vt 0.312484 0.618708
vt 0.320767 0.707442
vt 0.312484 0.713161
vt 0.726988 0.844297
vt 0.734875 0.816497
vt 0.734875 0.844459
vt 0.576831 0.437603
vt 0.577491 0.435294
vt 0.577521 0.437565
vt 0.576830 0.435232
vt 0.577491 0.434014
vt 0.577519 0.433271
vt 0.576829 0.433413
vt 0.576828 0.432647
vt 0.578026 0.434986
vt 0.312287 0.616609
vt 0.312483 0.616375
vt 0.578028 0.437460
vt 0.577848 0.435221
vt 0.235105 0.557757
vt 0.234413 0.557899
vt 0.235104 0.557275
vt 0.235106 0.559367
vt 0.234443 0.558369
vt 0.235106 0.561661
vt 0.234444 0.559503
vt 0.234415 0.561699
vt 0.234086 0.559576
vt 0.320767 0.610657
vt 0.320972 0.612848
vt 0.320767 0.612989
vt 0.320962 0.609413
vt 0.320963 0.610620
vt 0.576829 0.532055
vt 0.577490 0.534213
vt 0.576829 0.534349
vt 0.577520 0.532017
vt 0.577847 0.534140
vt 0.312483 0.715493
vt 0.312279 0.713302
vt 0.312286 0.716736
vt 0.312287 0.715530
vt 0.576828 0.535959
vt 0.577517 0.535817
vt 0.576827 0.536441
vt 0.577489 0.535347
vt 0.234446 0.658422
vt 0.234417 0.656151
vt 0.235107 0.658484
vt 0.234445 0.659703
vt 0.234414 0.660445
vt 0.235106 0.660303
vt 0.235105 0.661069
vt 0.233907 0.658730
vt 0.320963 0.709540
vt 0.320767 0.709774
vt 0.233908 0.656256
vt 0.234087 0.658496
vt 0.548860 0.437603
vt 0.548197 0.435294
vt 0.548859 0.435233
vt 0.547660 0.437461
vt 0.548169 0.437565
vt 0.488488 0.587322
vt 0.488497 0.589561
vt 0.547658 0.434986
vt 0.548197 0.434014
vt 0.547839 0.435221
vt 0.548858 0.433414
vt 0.548166 0.433272
vt 0.548857 0.432648
vt 0.263738 0.559503
vt 0.263768 0.561700
vt 0.263077 0.559368
vt 0.263737 0.558370
vt 0.263765 0.557900
vt 0.263076 0.557758
vt 0.263075 0.557276
vt 0.480009 0.581369
vt 0.479812 0.580126
vt 0.480008 0.579655
vt 0.479804 0.583560
vt 0.480009 0.583702
vt 0.264095 0.559577
vt 0.264275 0.561804
vt 0.548858 0.532055
vt 0.548196 0.534214
vt 0.548167 0.532017
vt 0.548858 0.534349
vt 0.548195 0.535347
vt 0.548165 0.535817
vt 0.548857 0.535959
vt 0.548855 0.536441
vt 0.488293 0.686206
vt 0.488487 0.687449
vt 0.488292 0.687920
vt 0.488497 0.684014
vt 0.547838 0.534140
vt 0.547658 0.531913
vt 0.263740 0.658422
vt 0.263079 0.658484
vt 0.264276 0.656256
vt 0.263769 0.656152
vt 0.479813 0.680253
vt 0.479804 0.678013
vt 0.264275 0.658731
vt 0.263739 0.659703
vt 0.264096 0.658496
vt 0.263078 0.660303
vt 0.263767 0.660445
vt 0.263076 0.661069
vt 0.578026 0.531912
vt 0.312279 0.618849
vt 0.366384 0.705275
vt 0.358497 0.705437
vt 0.312482 0.614661
vt 0.233907 0.561804
vt 0.320972 0.707301
vt 0.734917 0.845133
vt 0.727029 0.844971
vt 0.320766 0.711489
vt 0.480009 0.680487
vt 0.480008 0.682201
vt 0.734917 0.815790
vt 0.726988 0.816335
vt 0.727029 0.815628
vt 0.366384 0.675931
vt 0.488292 0.585374
vt 0.488293 0.587088
vt 0.833979 0.184126
vt 0.342073 0.784524
vt 0.116970 0.744008
vt 0.263701 0.797943
vt 0.116970 0.773660
vt 0.833979 0.154475
vt 0.547688 0.750269
vt 0.804327 0.086991
vt 0.342073 0.755230
vt 0.263701 0.768649
vt 0.547688 0.720974
vt 0.833979 0.086982
vt 0.576982 0.720974
vt 0.263021 0.798482
vt 0.833979 0.318822
vt 0.479984 0.725941
vt 0.441746 0.778794
vt 0.481003 0.755772
vt 0.577453 0.818130
vt 0.833979 0.250963
vt 0.509636 0.755236
vt 0.833979 0.289171
vt 0.155564 0.774181
vt 0.441746 0.749500
vt 0.577453 0.788836
vt 0.833979 0.221678
vt 0.576773 0.818669
vt 0.479853 0.793820
vt 0.669723 0.751740
vt 0.234083 0.700761
vt 0.263618 0.698553
vt 0.116801 0.673023
vt 0.163422 0.840838
vt 0.648499 0.573925
vt 0.640215 0.682190
vt 0.411960 0.604890
vt 0.420635 0.709800
vt 0.155576 0.812363
vt 0.419837 0.844641
vt 0.312319 0.851073
vt 0.602322 0.573925
vt 0.547667 0.576436
vt 0.556342 0.681342
vt 0.594036 0.682953
vt 0.366343 0.704568
vt 0.320766 0.608942
vt 0.312482 0.717207
vt 0.479813 0.581333
vt 0.488488 0.686242
vt 0.358497 0.676093
s 0
usemtl Material.001
f 243/429/54 183/430/54 232/431/54
f 267/432/55 231/433/55 256/434/55
f 218/435/56 242/436/56 266/437/56
f 196/438/57 207/439/57 184/440/57
f 219/441/58 255/442/58 208/443/58
f 185/444/59 186/445/59 182/446/59
f 189/447/60 187/448/60 185/449/60
f 188/450/61 189/447/61 183/430/61
f 192/451/62 190/452/62 188/450/62
f 191/453/63 192/454/63 184/440/63
f 191/453/64 187/455/64 193/456/64
f 187/448/65 190/452/65 193/457/65
f 197/458/66 198/459/66 194/460/66
f 197/461/67 202/462/67 199/463/67
f 200/464/68 201/465/68 195/466/68
f 204/467/69 202/462/69 200/464/69
f 203/468/70 204/469/70 196/438/70
f 198/470/71 205/471/71 203/468/71
f 199/463/72 202/462/72 205/472/72
f 209/473/73 210/474/73 206/475/73
f 213/476/74 211/477/74 209/478/74
f 212/479/75 213/476/75 207/439/75
f 216/480/76 214/481/76 212/479/76
f 215/482/77 216/483/77 208/443/77
f 215/484/78 211/485/78 217/486/78
f 211/477/79 214/481/79 217/487/79
f 221/488/80 222/489/80 218/435/80
f 225/490/81 223/491/81 221/492/81
f 224/493/82 225/490/82 219/441/82
f 228/494/83 226/495/83 224/493/83
f 227/496/84 228/497/84 220/498/84
f 227/499/85 223/500/85 229/501/85
f 223/491/86 226/495/86 229/502/86
f 233/503/87 234/504/87 230/505/87
f 237/506/88 235/507/88 233/503/88
f 236/508/89 237/509/89 231/433/89
f 240/510/90 238/511/90 236/512/90
f 239/513/91 240/510/91 232/431/91
f 239/513/92 235/514/92 241/515/92
f 235/514/93 238/511/93 241/515/93
f 245/516/94 246/517/94 242/436/94
f 249/518/95 247/519/95 245/516/95
f 248/520/96 249/521/96 243/429/96
f 252/522/97 250/523/97 248/524/97
f 251/525/98 252/522/98 244/526/98
f 251/525/99 247/527/99 253/528/99
f 247/527/100 250/523/100 253/528/100
f 257/529/101 258/530/101 254/531/101
f 261/532/102 259/533/102 257/529/102
f 260/534/103 261/535/103 255/442/103
f 264/536/104 262/537/104 260/538/104
f 263/539/105 264/536/105 256/434/105
f 263/540/106 259/533/106 265/541/106
f 259/533/107 262/542/107 265/541/107
f 269/543/108 270/544/108 266/437/108
f 273/545/109 271/546/109 269/547/109
f 272/548/110 273/545/110 267/432/110
f 276/549/111 274/550/111 272/551/111
f 275/552/112 276/549/112 268/553/112
f 275/552/113 271/554/113 277/555/113
f 271/554/114 274/550/114 277/555/114
f 182/446/115 209/473/115 206/475/115
f 186/556/116 213/476/116 209/478/116
f 191/453/117 207/439/117 213/476/117
f 194/460/118 188/450/118 183/430/118
f 198/470/119 192/454/119 188/557/119
f 203/468/120 184/440/120 192/454/120
f 218/435/121 200/464/121 195/466/121
f 222/489/122 204/467/122 200/464/122
f 227/496/123 196/438/123 204/469/123
f 208/443/124 224/493/124 219/441/124
f 216/483/125 228/494/125 224/493/125
f 212/479/126 220/498/126 228/497/126
f 206/475/127 257/529/127 254/531/127
f 210/474/128 261/532/128 257/529/128
f 215/482/129 255/442/129 261/535/129
f 266/437/130 221/488/130 218/435/130
f 270/558/131 225/490/131 221/492/131
f 275/552/132 219/441/132 225/490/132
f 256/434/133 272/548/133 267/432/133
f 264/536/134 276/559/134 272/548/134
f 260/534/135 268/553/135 276/549/135
f 254/531/136 233/503/136 230/505/136
f 258/530/137 237/506/137 233/503/137
f 263/539/138 231/433/138 237/509/138
f 242/436/139 269/543/139 266/437/139
f 246/560/140 273/545/140 269/547/140
f 251/525/141 267/432/141 273/545/141
f 232/431/142 248/520/142 243/429/142
f 240/510/143 252/561/143 248/520/143
f 236/508/144 244/526/144 252/522/144
f 230/505/145 185/444/145 182/446/145
f 234/562/146 189/447/146 185/449/146
f 239/513/147 183/430/147 189/447/147
f 195/466/148 245/516/148 242/436/148
f 201/465/149 249/518/149 245/516/149
f 197/458/150 243/429/150 249/521/150
f 254/531/151 182/446/151 206/475/151
f 339/563/54 279/564/54 328/565/54
f 363/566/55 327/567/55 352/568/55
f 314/569/56 338/570/56 362/571/56
f 292/572/57 303/573/57 280/574/57
f 315/575/58 351/576/58 304/577/58
f 281/578/59 282/579/59 278/580/59
f 281/581/60 286/582/60 283/583/60
f 284/584/61 285/585/61 279/564/61
f 288/586/62 286/582/62 284/584/62
f 287/587/63 288/588/63 280/574/63
f 282/589/64 289/590/64 287/587/64
f 283/583/65 286/582/65 289/591/65
f 293/592/66 294/593/66 290/594/66
f 297/595/67 295/596/67 293/597/67
f 296/598/68 297/595/68 291/599/68
f 300/600/69 298/601/69 296/598/69
f 299/602/70 300/603/70 292/572/70
f 299/602/152 295/604/152 301/605/152
f 295/596/72 298/601/72 301/606/72
f 305/607/73 306/608/73 302/609/73
f 309/610/74 307/611/74 305/612/74
f 308/613/75 309/610/75 303/573/75
f 308/613/153 313/614/153 310/615/153
f 311/616/77 312/617/77 304/577/77
f 311/618/78 307/619/78 313/620/78
f 307/611/79 310/615/79 313/614/79
f 317/621/80 318/622/80 314/569/80
f 321/623/81 319/624/81 317/625/81
f 320/626/154 321/623/154 315/575/154
f 324/627/155 322/628/155 320/626/155
f 323/629/84 324/630/84 316/631/84
f 318/622/85 325/632/85 323/633/85
f 319/624/86 322/628/86 325/634/86
f 329/635/87 330/636/87 326/637/87
f 333/638/88 331/639/88 329/635/88
f 332/640/89 333/641/89 327/567/89
f 332/642/90 337/643/90 334/644/90
f 335/645/91 336/646/91 328/565/91
f 330/647/92 337/643/92 335/645/92
f 331/648/93 334/644/93 337/643/93
f 341/649/94 342/650/94 338/570/94
f 341/649/95 346/651/95 343/652/95
f 344/653/96 345/654/96 339/563/96
f 348/655/156 346/656/156 344/657/156
f 347/658/98 348/655/98 340/659/98
f 347/658/99 343/660/99 349/661/99
f 343/660/100 346/656/100 349/661/100
f 353/662/101 354/663/101 350/664/101
f 353/662/102 358/665/102 355/666/102
f 356/667/103 357/668/103 351/576/103
f 356/669/157 361/670/157 358/671/157
f 359/672/105 360/673/105 352/568/105
f 354/663/106 361/674/106 359/675/106
f 355/666/107 358/665/107 361/674/107
f 365/676/108 366/677/108 362/571/108
f 365/678/109 370/679/109 367/680/109
f 368/681/110 369/682/110 363/566/110
f 372/683/111 370/684/111 368/685/111
f 371/686/158 372/683/158 364/687/158
f 371/686/113 367/688/113 373/689/113
f 367/688/114 370/684/114 373/689/114
f 278/580/115 305/607/115 302/609/115
f 282/589/116 309/610/116 305/612/116
f 287/587/117 303/573/117 309/610/117
f 290/594/118 284/584/118 279/564/118
f 294/690/119 288/588/119 284/691/119
f 299/602/120 280/574/120 288/588/120
f 291/599/121 318/622/121 296/598/121
f 318/622/122 300/600/122 296/598/122
f 323/629/123 292/572/123 300/603/123
f 304/577/124 320/626/124 315/575/124
f 312/617/125 324/627/125 320/626/125
f 308/613/126 316/631/126 324/630/126
f 302/609/127 353/662/127 350/664/127
f 306/608/128 357/692/128 353/662/128
f 311/616/129 351/576/129 357/668/129
f 362/571/130 317/621/130 314/569/130
f 366/693/131 321/623/131 317/625/131
f 371/686/132 315/575/132 321/623/132
f 352/568/133 368/681/133 363/566/133
f 360/673/134 372/694/134 368/681/134
f 356/667/135 364/687/135 372/683/135
f 350/664/136 329/635/136 326/637/136
f 354/663/137 333/638/137 329/635/137
f 359/672/138 327/567/138 333/641/138
f 338/570/139 365/676/139 362/571/139
f 342/695/140 369/682/140 365/678/140
f 347/658/141 363/566/141 369/682/141
f 328/565/142 344/653/142 339/563/142
f 336/646/143 348/696/143 344/653/143
f 332/640/144 340/659/144 348/655/144
f 326/637/145 281/578/145 278/580/145
f 330/647/146 285/585/146 281/581/146
f 335/645/147 279/564/147 285/585/147
f 291/599/148 341/649/148 338/570/148
f 297/595/149 345/697/149 341/649/149
f 293/592/150 339/563/150 345/654/150
f 350/664/151 278/580/151 302/609/151
f 424/698/159 386/699/159 375/700/159
f 459/701/160 423/702/160 448/703/160
f 410/704/161 434/705/161 458/706/161
f 376/707/162 412/708/162 399/709/162
f 411/710/163 447/711/163 400/712/163
f 377/713/164 378/714/164 374/715/164
f 381/716/165 379/717/165 377/718/165
f 380/719/166 381/716/166 375/700/166
f 384/720/167 382/721/167 380/719/167
f 376/707/168 385/722/168 384/723/168
f 383/724/169 379/725/169 385/726/169
f 379/717/170 382/721/170 385/727/170
f 386/699/171 391/728/171 390/729/171
f 389/730/172 394/731/172 391/732/172
f 392/733/173 393/734/173 387/735/173
f 396/736/174 394/737/174 392/738/174
f 395/739/175 396/736/175 388/740/175
f 390/729/176 397/741/176 395/742/176
f 391/732/177 394/731/177 397/743/177
f 398/744/178 403/745/178 402/746/178
f 401/747/179 406/748/179 403/745/179
f 404/749/180 405/750/180 399/709/180
f 404/749/181 409/751/181 406/752/181
f 407/753/182 408/754/182 400/712/182
f 402/746/183 409/755/183 407/756/183
f 403/757/184 406/752/184 409/751/184
f 410/704/185 415/758/185 414/759/185
f 413/760/186 418/761/186 415/762/186
f 411/710/187 418/761/187 417/763/187
f 416/764/188 421/765/188 418/766/188
f 419/767/189 420/768/189 412/708/189
f 414/769/190 421/765/190 419/767/190
f 415/770/191 418/766/191 421/765/191
f 422/771/192 427/772/192 426/773/192
f 425/774/193 430/775/193 427/776/193
f 428/777/194 429/778/194 423/702/194
f 432/779/195 430/775/195 428/777/195
f 424/698/196 433/780/196 432/781/196
f 426/782/197 433/780/197 431/783/197
f 427/776/198 430/775/198 433/784/198
f 434/705/199 439/785/199 438/786/199
f 437/787/200 442/788/200 439/785/200
f 440/789/201 441/790/201 435/791/201
f 444/792/202 442/793/202 440/794/202
f 443/795/203 444/792/203 436/796/203
f 438/786/204 445/797/204 443/798/204
f 439/799/205 442/793/205 445/800/205
f 449/801/206 450/802/206 446/803/206
f 453/804/207 451/805/207 449/801/207
f 447/711/208 454/806/208 453/807/208
f 452/808/209 457/809/209 454/806/209
f 455/810/210 456/811/210 448/703/210
f 455/810/211 451/812/211 457/813/211
f 451/805/212 454/814/212 457/815/212
f 461/816/213 462/817/213 458/706/213
f 465/818/214 463/819/214 461/816/214
f 459/701/215 466/820/215 465/821/215
f 464/822/216 469/823/216 466/824/216
f 467/825/217 468/826/217 460/827/217
f 467/825/218 463/828/218 469/823/218
f 463/828/219 466/824/219 469/823/219
f 374/715/220 401/747/220 398/744/220
f 378/714/221 405/829/221 401/747/221
f 383/830/222 399/709/222 405/750/222
f 375/700/223 390/729/223 380/719/223
f 380/719/224 395/742/224 384/720/224
f 384/723/225 388/740/225 376/707/225
f 387/735/226 414/759/226 392/733/226
f 392/738/227 419/767/227 396/736/227
f 396/736/228 412/708/228 388/740/228
f 400/712/229 416/831/229 411/710/229
f 408/832/230 420/768/230 416/764/230
f 404/749/231 412/708/231 420/768/231
f 446/803/232 402/746/232 449/801/232
f 449/801/233 407/756/233 453/804/233
f 453/807/234 400/712/234 447/711/234
f 458/706/235 413/833/235 410/704/235
f 462/834/236 417/763/236 413/760/236
f 417/763/237 460/827/237 411/710/237
f 448/703/238 464/835/238 459/701/238
f 456/836/239 468/826/239 464/822/239
f 452/808/240 460/827/240 468/826/240
f 446/803/241 425/837/241 422/771/241
f 450/838/242 429/778/242 425/774/242
f 455/810/243 423/702/243 429/778/243
f 458/706/244 438/786/244 461/816/244
f 461/816/245 443/798/245 465/818/245
f 465/821/246 436/796/246 459/701/246
f 435/791/247 432/781/247 440/789/247
f 440/794/248 428/777/248 444/792/248
f 444/792/249 423/702/249 436/796/249
f 374/715/250 426/773/250 377/713/250
f 377/718/251 431/783/251 381/716/251
f 431/783/252 375/700/252 381/716/252
f 387/735/253 437/787/253 434/705/253
f 393/734/254 441/839/254 437/787/254
f 389/840/255 435/791/255 441/790/255
f 398/744/256 422/771/256 374/715/256
f 531/841/257 471/842/257 520/843/257
f 555/844/55 519/845/55 544/846/55
f 506/847/258 530/848/258 554/849/258
f 472/850/57 508/851/57 495/852/57
f 507/853/259 543/854/259 496/855/259
f 470/856/260 475/857/260 474/858/260
f 473/859/261 478/860/261 475/857/261
f 476/861/262 477/862/262 471/863/262
f 480/864/263 478/860/263 476/861/263
f 472/850/264 481/865/264 480/866/264
f 479/867/265 475/857/265 481/868/265
f 475/857/266 478/860/266 481/868/266
f 485/869/267 486/870/267 482/871/267
f 489/872/268 487/873/268 485/869/268
f 483/874/269 490/875/269 489/872/269
f 488/876/270 493/877/270 490/875/270
f 491/878/271 492/879/271 484/880/271
f 491/878/272 487/881/272 493/882/272
f 487/873/273 490/875/273 493/877/273
f 494/883/274 499/884/274 498/885/274
f 497/886/275 502/887/275 499/884/275
f 500/888/276 501/889/276 495/852/276
f 500/888/277 505/890/277 502/891/277
f 503/892/278 504/893/278 496/894/278
f 498/885/279 505/895/279 503/892/279
f 499/884/280 502/887/280 505/895/280
f 506/847/281 511/896/281 510/897/281
f 509/898/282 514/899/282 511/896/282
f 512/900/283 513/901/283 507/902/283
f 516/903/284 514/899/284 512/900/284
f 508/851/285 517/904/285 516/905/285
f 515/906/286 511/896/286 517/907/286
f 511/896/287 514/899/287 517/907/287
f 518/908/288 523/909/288 522/910/288
f 525/911/289 523/909/289 521/912/289
f 519/845/290 526/913/290 525/914/290
f 524/915/291 529/916/291 526/917/291
f 527/918/292 528/919/292 520/920/292
f 522/910/293 529/916/293 527/918/293
f 523/909/294 526/917/294 529/916/294
f 530/848/295 535/921/295 534/922/295
f 533/923/296 538/924/296 535/921/296
f 536/925/297 537/926/297 531/927/297
f 540/928/298 538/929/298 536/930/298
f 539/931/299 540/928/299 532/932/299
f 534/922/300 541/933/300 539/934/300
f 535/921/301 538/924/301 541/933/301
f 542/935/302 547/936/302 546/937/302
f 545/938/303 550/939/303 547/936/303
f 548/940/304 549/941/304 543/942/304
f 552/943/305 550/944/305 548/945/305
f 551/946/306 552/943/306 544/846/306
f 546/937/307 553/947/307 551/948/307
f 547/936/308 550/939/308 553/947/308
f 554/849/309 559/949/309 558/950/309
f 561/951/310 559/949/310 557/952/310
f 555/844/311 562/953/311 561/954/311
f 560/955/312 565/956/312 562/957/312
f 563/958/313 564/959/313 556/960/313
f 558/950/314 565/956/314 563/958/314
f 559/949/315 562/957/315 565/956/315
f 470/856/316 497/886/316 494/883/316
f 474/858/317 501/961/317 497/886/317
f 479/962/318 495/852/318 501/889/318
f 471/842/319 486/963/319 476/964/319
f 476/965/320 491/878/320 480/866/320
f 480/866/321 484/880/321 472/850/321
f 506/847/322 488/876/322 483/874/322
f 510/897/323 492/966/323 488/876/323
f 515/967/324 484/880/324 492/879/324
f 507/853/325 504/968/325 512/969/325
f 512/970/326 500/888/326 516/905/326
f 516/905/327 495/852/327 508/851/327
f 494/883/328 545/938/328 542/935/328
f 498/885/329 549/941/329 545/938/329
f 503/892/330 543/942/330 549/941/330
f 554/849/331 509/898/331 506/847/331
f 558/950/332 513/901/332 509/898/332
f 563/958/333 507/902/333 513/901/333
f 544/846/334 560/971/334 555/844/334
f 552/943/335 564/972/335 560/971/335
f 548/973/336 556/974/336 564/975/336
f 518/908/337 546/937/337 521/912/337
f 521/912/338 551/948/338 525/911/338
f 525/914/339 544/846/339 519/845/339
f 554/849/340 534/922/340 557/952/340
f 557/952/341 539/934/341 561/951/341
f 561/954/342 532/932/342 555/844/342
f 520/843/343 536/976/343 531/841/343
f 528/977/344 540/928/344 536/930/344
f 524/978/345 532/932/345 540/928/345
f 518/908/346 473/859/346 470/856/346
f 522/910/347 477/862/347 473/859/347
f 527/918/348 471/863/348 477/862/348
f 483/874/349 533/923/349 530/848/349
f 489/872/350 537/926/350 533/923/350
f 485/869/351 531/927/351 537/926/351
f 542/935/352 470/856/352 494/883/352
f 627/979/353 567/980/353 616/981/353
f 651/982/354 615/983/354 640/984/354
f 602/985/355 626/986/355 650/987/355
f 568/988/356 604/989/356 591/990/356
f 592/991/357 652/992/357 639/993/357
f 569/994/358 570/995/358 566/996/358
f 569/994/359 574/997/359 571/998/359
f 572/999/360 573/1000/360 567/1001/360
f 576/1002/361 574/997/361 572/999/361
f 568/988/362 577/1003/362 576/1004/362
f 575/1005/363 571/998/363 577/1006/363
f 571/998/364 574/997/364 577/1006/364
f 581/1007/365 582/1008/365 578/1009/365
f 585/1010/366 583/1011/366 581/1007/366
f 584/1012/367 585/1010/367 579/1013/367
f 584/1012/368 589/1014/368 586/1015/368
f 587/1016/369 588/1017/369 580/1018/369
f 587/1016/370 583/1019/370 589/1020/370
f 583/1011/371 586/1015/371 589/1014/371
f 590/1021/372 595/1022/372 594/1023/372
f 593/1024/373 598/1025/373 595/1022/373
f 596/1026/374 597/1027/374 591/990/374
f 596/1026/375 601/1028/375 598/1029/375
f 599/1030/376 600/1031/376 592/1032/376
f 594/1023/377 601/1033/377 599/1030/377
f 595/1022/378 598/1025/378 601/1033/378
f 602/985/379 607/1034/379 606/1035/379
f 605/1036/380 610/1037/380 607/1034/380
f 608/1038/381 609/1039/381 603/1040/381
f 612/1041/382 610/1037/382 608/1038/382
f 604/989/383 613/1042/383 612/1043/383
f 606/1035/384 613/1044/384 611/1045/384
f 607/1034/385 610/1037/385 613/1044/385
f 614/1046/386 619/1047/386 618/1048/386
f 617/1049/387 622/1050/387 619/1047/387
f 615/983/388 622/1051/388 621/1052/388
f 620/1053/389 625/1054/389 622/1050/389
f 623/1055/390 624/1056/390 616/1057/390
f 618/1048/391 625/1054/391 623/1055/391
f 619/1047/392 622/1050/392 625/1054/392
f 626/986/393 631/1058/393 630/1059/393
f 629/1060/394 634/1061/394 631/1058/394
f 632/1062/395 633/1063/395 627/1064/395
f 636/1065/396 634/1066/396 632/1067/396
f 635/1068/397 636/1065/397 628/1069/397
f 630/1059/398 637/1070/398 635/1071/398
f 631/1058/399 634/1061/399 637/1070/399
f 641/1072/400 642/1073/400 638/1074/400
f 641/1072/401 646/1075/401 643/1076/401
f 644/1077/402 645/1078/402 639/1079/402
f 648/1080/403 646/1081/403 644/1082/403
f 647/1083/404 648/1080/404 640/984/404
f 642/1073/405 649/1084/405 647/1085/405
f 643/1076/406 646/1075/406 649/1084/406
f 653/1086/407 654/1087/407 650/987/407
f 657/1088/408 655/1089/408 653/1086/408
f 651/982/409 658/1090/409 657/1091/409
f 656/1092/410 661/1093/410 658/1094/410
f 659/1095/411 660/1096/411 652/1097/411
f 654/1087/412 661/1093/412 659/1095/412
f 655/1089/413 658/1094/413 661/1093/413
f 566/996/414 593/1024/414 590/1021/414
f 570/995/415 597/1098/415 593/1024/415
f 575/1099/416 591/990/416 597/1027/416
f 567/980/417 582/1100/417 572/1101/417
f 572/1102/418 587/1016/418 576/1004/418
f 576/1004/419 580/1018/419 568/988/419
f 579/1013/322 606/1035/322 584/1012/322
f 584/1012/420 611/1045/420 588/1103/420
f 611/1104/421 580/1018/421 588/1017/421
f 603/1105/422 600/1106/422 608/1107/422
f 608/1107/423 596/1026/423 612/1043/423
f 612/1043/424 591/990/424 604/989/424
f 638/1074/425 594/1023/425 641/1072/425
f 641/1072/426 599/1030/426 645/1078/426
f 645/1078/427 592/1032/427 639/1079/427
f 650/987/428 605/1036/428 602/985/428
f 654/1087/429 609/1039/429 605/1036/429
f 659/1095/430 603/1040/430 609/1039/430
f 640/984/431 656/1108/431 651/982/431
f 648/1080/432 660/1109/432 656/1108/432
f 644/1110/433 652/992/433 660/1111/433
f 638/1074/337 617/1049/337 614/1046/337
f 642/1073/434 621/1112/434 617/1049/434
f 621/1052/435 640/984/435 615/983/435
f 650/987/436 630/1059/436 653/1086/436
f 653/1086/437 635/1071/437 657/1088/437
f 657/1091/438 628/1069/438 651/982/438
f 616/1113/439 632/1067/439 627/1114/439
f 624/1115/440 636/1065/440 632/1067/440
f 620/1116/441 628/1069/441 636/1065/441
f 566/996/442 618/1048/442 569/994/442
f 569/994/443 623/1055/443 573/1000/443
f 573/1000/444 616/1057/444 567/1001/444
f 579/1013/445 629/1060/445 626/986/445
f 585/1010/446 633/1063/446 629/1060/446
f 581/1007/447 627/1064/447 633/1063/447
f 590/1021/448 614/1046/448 566/996/448
f 723/1117/257 663/1118/257 712/1119/257
f 747/1120/55 711/1121/55 736/1122/55
f 698/1123/258 722/1124/258 746/1125/258
f 664/1126/57 700/1127/57 687/1128/57
f 699/1129/259 735/1130/259 688/1131/259
f 662/1132/260 667/1133/260 666/1134/260
f 665/1135/261 670/1136/261 667/1133/261
f 668/1137/262 669/1138/262 663/1139/262
f 672/1140/263 670/1136/263 668/1137/263
f 664/1126/264 673/1141/264 672/1142/264
f 671/1143/449 667/1133/449 673/1144/449
f 667/1133/266 670/1136/266 673/1144/266
f 677/1145/267 678/1146/267 674/1147/267
f 681/1148/268 679/1149/268 677/1145/268
f 675/1150/269 682/1151/269 681/1148/269
f 680/1152/270 685/1153/270 682/1151/270
f 683/1154/271 684/1155/271 676/1156/271
f 683/1154/272 679/1157/272 685/1158/272
f 679/1149/273 682/1151/273 685/1153/273
f 686/1159/274 691/1160/274 690/1161/274
f 689/1162/275 694/1163/275 691/1160/275
f 692/1164/276 693/1165/276 687/1128/276
f 692/1164/277 697/1166/277 694/1167/277
f 695/1168/278 696/1169/278 688/1170/278
f 690/1161/279 697/1171/279 695/1168/279
f 691/1160/280 694/1163/280 697/1171/280
f 698/1123/281 703/1172/281 702/1173/281
f 701/1174/282 706/1175/282 703/1172/282
f 704/1176/283 705/1177/283 699/1178/283
f 708/1179/450 706/1175/450 704/1176/450
f 700/1127/285 709/1180/285 708/1181/285
f 707/1182/286 703/1172/286 709/1183/286
f 703/1172/287 706/1175/287 709/1183/287
f 710/1184/288 715/1185/288 714/1186/288
f 717/1187/289 715/1185/289 713/1188/289
f 711/1121/290 718/1189/290 717/1190/290
f 716/1191/451 721/1192/451 718/1193/451
f 719/1194/292 720/1195/292 712/1196/292
f 714/1186/293 721/1192/293 719/1194/293
f 715/1185/294 718/1193/294 721/1192/294
f 722/1124/295 727/1197/295 726/1198/295
f 725/1199/296 730/1200/296 727/1197/296
f 728/1201/297 729/1202/297 723/1203/297
f 732/1204/298 730/1205/298 728/1206/298
f 731/1207/299 732/1204/299 724/1208/299
f 726/1198/300 733/1209/300 731/1210/300
f 727/1197/301 730/1200/301 733/1209/301
f 734/1211/302 739/1212/302 738/1213/302
f 737/1214/303 742/1215/303 739/1212/303
f 740/1216/304 741/1217/304 735/1218/304
f 744/1219/305 742/1220/305 740/1221/305
f 743/1222/306 744/1219/306 736/1122/306
f 738/1213/307 745/1223/307 743/1224/307
f 739/1212/308 742/1215/308 745/1223/308
f 746/1125/309 751/1225/309 750/1226/309
f 753/1227/310 751/1225/310 749/1228/310
f 747/1120/311 754/1229/311 753/1230/311
f 752/1231/452 757/1232/452 754/1233/452
f 755/1234/313 756/1235/313 748/1236/313
f 750/1226/314 757/1232/314 755/1234/314
f 751/1225/315 754/1233/315 757/1232/315
f 662/1132/316 689/1162/316 686/1159/316
f 666/1134/317 693/1237/317 689/1162/317
f 671/1238/318 687/1128/318 693/1165/318
f 663/1118/319 678/1239/319 668/1240/319
f 668/1241/320 683/1154/320 672/1142/320
f 672/1142/321 676/1156/321 664/1126/321
f 698/1123/322 680/1152/322 675/1150/322
f 702/1173/323 684/1242/323 680/1152/323
f 707/1243/324 676/1156/324 684/1155/324
f 699/1129/325 696/1244/325 704/1245/325
f 704/1246/326 692/1164/326 708/1181/326
f 708/1181/327 687/1128/327 700/1127/327
f 686/1159/328 737/1214/328 734/1211/328
f 690/1161/329 741/1217/329 737/1214/329
f 695/1168/330 735/1218/330 741/1217/330
f 746/1125/331 701/1174/331 698/1123/331
f 750/1226/332 705/1177/332 701/1174/332
f 755/1234/453 699/1178/453 705/1177/453
f 736/1122/334 752/1247/334 747/1120/334
f 744/1219/335 756/1248/335 752/1247/335
f 740/1249/336 748/1250/336 756/1251/336
f 710/1184/337 738/1213/337 713/1188/337
f 713/1188/338 743/1224/338 717/1187/338
f 717/1190/454 736/1122/454 711/1121/454
f 746/1125/340 726/1198/340 749/1228/340
f 749/1228/341 731/1210/341 753/1227/341
f 753/1230/455 724/1208/455 747/1120/455
f 712/1119/343 728/1252/343 723/1117/343
f 720/1253/456 732/1204/456 728/1206/456
f 716/1254/345 724/1208/345 732/1204/345
f 710/1184/346 665/1135/346 662/1132/346
f 714/1186/457 669/1138/457 665/1135/457
f 719/1194/348 663/1139/348 669/1138/348
f 675/1150/349 725/1199/349 722/1124/349
f 681/1148/350 729/1202/350 725/1199/350
f 677/1145/351 723/1203/351 729/1202/351
f 734/1211/352 662/1132/352 686/1159/352
f 243/429/54 194/460/54 183/430/54
f 267/432/55 244/526/55 231/433/55
f 218/435/56 195/466/56 242/436/56
f 196/438/57 220/498/57 207/439/57
f 219/441/58 268/553/58 255/442/58
f 185/444/458 187/1255/458 186/445/458
f 189/447/60 190/452/60 187/448/60
f 188/450/459 190/452/459 189/447/459
f 192/451/62 193/457/62 190/452/62
f 191/453/460 193/456/460 192/454/460
f 191/453/64 186/556/64 187/455/64
f 197/458/461 199/1256/461 198/459/461
f 197/461/67 201/465/67 202/462/67
f 200/464/462 202/462/462 201/465/462
f 204/467/69 205/472/69 202/462/69
f 203/468/463 205/471/463 204/469/463
f 198/470/71 199/1257/71 205/471/71
f 209/473/464 211/485/464 210/474/464
f 213/476/74 214/481/74 211/477/74
f 212/479/465 214/481/465 213/476/465
f 216/480/76 217/487/76 214/481/76
f 215/482/466 217/1258/466 216/483/466
f 215/484/78 210/474/78 211/485/78
f 221/488/467 223/500/467 222/489/467
f 225/490/81 226/495/81 223/491/81
f 224/493/468 226/495/468 225/490/468
f 228/494/83 229/502/83 226/495/83
f 227/496/469 229/1259/469 228/497/469
f 227/499/85 222/489/85 223/500/85
f 233/503/470 235/507/470 234/504/470
f 237/506/88 238/1260/88 235/507/88
f 236/508/471 238/1261/471 237/509/471
f 240/510/90 241/515/90 238/511/90
f 239/513/472 241/515/472 240/510/472
f 239/513/92 234/562/92 235/514/92
f 245/516/473 247/519/473 246/517/473
f 249/518/95 250/1262/95 247/519/95
f 248/520/474 250/1263/474 249/521/474
f 252/522/156 253/528/156 250/523/156
f 251/525/475 253/528/475 252/522/475
f 251/525/99 246/560/99 247/527/99
f 257/529/476 259/533/476 258/530/476
f 261/532/102 262/542/102 259/533/102
f 260/534/477 262/1264/477 261/535/477
f 264/536/157 265/1265/157 262/537/157
f 263/539/478 265/1265/478 264/536/478
f 263/540/106 258/530/106 259/533/106
f 269/543/479 271/1266/479 270/544/479
f 273/545/109 274/1267/109 271/546/109
f 272/548/480 274/1267/480 273/545/480
f 276/549/111 277/555/111 274/550/111
f 275/552/481 277/555/481 276/549/481
f 275/552/113 270/558/113 271/554/113
f 182/446/115 186/445/115 209/473/115
f 186/556/116 191/453/116 213/476/116
f 191/453/117 184/440/117 207/439/117
f 194/460/118 198/459/118 188/450/118
f 198/470/119 203/468/119 192/454/119
f 203/468/120 196/438/120 184/440/120
f 218/435/121 222/489/121 200/464/121
f 222/489/122 227/499/122 204/467/122
f 227/496/123 220/498/123 196/438/123
f 208/443/124 216/483/124 224/493/124
f 216/483/125 212/1268/125 228/494/125
f 212/479/126 207/439/126 220/498/126
f 206/475/127 210/474/127 257/529/127
f 210/474/128 215/484/128 261/532/128
f 215/482/129 208/443/129 255/442/129
f 266/437/130 270/544/130 221/488/130
f 270/558/131 275/552/131 225/490/131
f 275/552/132 268/553/132 219/441/132
f 256/434/133 264/536/133 272/548/133
f 264/536/134 260/538/134 276/559/134
f 260/534/135 255/442/135 268/553/135
f 254/531/136 258/530/136 233/503/136
f 258/530/137 263/540/137 237/506/137
f 263/539/138 256/434/138 231/433/138
f 242/436/139 246/517/139 269/543/139
f 246/560/140 251/525/140 273/545/140
f 251/525/141 244/526/141 267/432/141
f 232/431/142 240/510/142 248/520/142
f 240/510/143 236/512/143 252/561/143
f 236/508/144 231/433/144 244/526/144
f 230/505/145 234/504/145 185/444/145
f 234/562/146 239/513/146 189/447/146
f 239/513/147 232/431/147 183/430/147
f 195/466/148 201/465/148 245/516/148
f 201/465/149 197/461/149 249/518/149
f 197/458/150 194/460/150 243/429/150
f 254/531/151 230/505/151 182/446/151
f 339/563/54 290/594/54 279/564/54
f 363/566/55 340/659/55 327/567/55
f 314/569/56 291/599/56 338/570/56
f 292/572/57 316/631/57 303/573/57
f 315/575/58 364/687/58 351/576/58
f 281/578/458 283/1269/458 282/579/458
f 281/581/60 285/585/60 286/582/60
f 284/584/459 286/582/459 285/585/459
f 288/586/62 289/591/62 286/582/62
f 287/587/460 289/590/460 288/588/460
f 282/589/64 283/1270/64 289/590/64
f 293/592/461 295/1271/461 294/593/461
f 297/595/67 298/601/67 295/596/67
f 296/598/462 298/601/462 297/595/462
f 300/600/69 301/606/69 298/601/69
f 299/602/463 301/605/463 300/603/463
f 299/602/71 294/690/71 295/604/71
f 305/607/464 307/619/464 306/608/464
f 309/610/74 310/615/74 307/611/74
f 308/613/465 310/615/465 309/610/465
f 308/613/76 312/1272/76 313/614/76
f 311/616/482 313/1273/482 312/617/482
f 311/618/78 306/608/78 307/619/78
f 317/621/467 319/1274/467 318/622/467
f 321/623/81 322/628/81 319/624/81
f 320/626/483 322/628/483 321/623/483
f 324/627/83 325/634/83 322/628/83
f 323/629/469 325/1275/469 324/630/469
f 318/622/85 319/1274/85 325/632/85
f 329/635/470 331/639/470 330/636/470
f 333/638/88 334/1276/88 331/639/88
f 332/640/471 334/1277/471 333/641/471
f 332/642/90 336/646/90 337/643/90
f 335/645/472 337/643/472 336/646/472
f 330/647/92 331/648/92 337/643/92
f 341/649/473 343/652/473 342/650/473
f 341/649/95 345/697/95 346/651/95
f 344/653/474 346/1278/474 345/654/474
f 348/655/97 349/661/97 346/656/97
f 347/658/475 349/661/475 348/655/475
f 347/658/99 342/695/99 343/660/99
f 353/662/476 355/666/476 354/663/476
f 353/662/102 357/692/102 358/665/102
f 356/667/484 358/1279/484 357/668/484
f 356/669/104 360/673/104 361/670/104
f 359/672/478 361/670/478 360/673/478
f 354/663/106 355/666/106 361/674/106
f 365/676/479 367/1280/479 366/677/479
f 365/678/109 369/682/109 370/679/109
f 368/681/480 370/679/480 369/682/480
f 372/683/111 373/689/111 370/684/111
f 371/686/485 373/689/485 372/683/485
f 371/686/113 366/693/113 367/688/113
f 278/580/115 282/579/115 305/607/115
f 282/589/116 287/587/116 309/610/116
f 287/587/117 280/574/117 303/573/117
f 290/594/118 294/593/118 284/584/118
f 294/690/486 299/602/486 288/588/486
f 299/602/120 292/572/120 280/574/120
f 291/599/121 314/569/121 318/622/121
f 318/622/122 323/633/122 300/600/122
f 323/629/123 316/631/123 292/572/123
f 304/577/124 312/617/124 320/626/124
f 312/617/487 308/1281/487 324/627/487
f 308/613/126 303/573/126 316/631/126
f 302/609/127 306/608/127 353/662/127
f 306/608/128 311/618/128 357/692/128
f 311/616/129 304/577/129 351/576/129
f 362/571/130 366/677/130 317/621/130
f 366/693/131 371/686/131 321/623/131
f 371/686/132 364/687/132 315/575/132
f 352/568/133 360/673/133 368/681/133
f 360/673/134 356/669/134 372/694/134
f 356/667/135 351/576/135 364/687/135
f 350/664/136 354/663/136 329/635/136
f 354/663/137 359/675/137 333/638/137
f 359/672/138 352/568/138 327/567/138
f 338/570/139 342/650/139 365/676/139
f 342/695/140 347/658/140 369/682/140
f 347/658/141 340/659/141 363/566/141
f 328/565/142 336/646/142 344/653/142
f 336/646/143 332/642/143 348/696/143
f 332/640/144 327/567/144 340/659/144
f 326/637/145 330/636/145 281/578/145
f 330/647/146 335/645/146 285/585/146
f 335/645/147 328/565/147 279/564/147
f 291/599/148 297/595/148 341/649/148
f 297/595/149 293/597/149 345/697/149
f 293/592/150 290/594/150 339/563/150
f 350/664/151 326/637/151 278/580/151
f 424/698/159 435/791/159 386/699/159
f 459/701/160 436/796/160 423/702/160
f 410/704/161 387/735/161 434/705/161
f 376/707/162 388/740/162 412/708/162
f 411/710/163 460/827/163 447/711/163
f 377/713/488 379/725/488 378/714/488
f 381/716/165 382/721/165 379/717/165
f 380/719/489 382/721/489 381/716/489
f 384/720/167 385/727/167 382/721/167
f 376/707/490 383/830/490 385/722/490
f 383/724/169 378/714/169 379/725/169
f 386/699/491 389/840/491 391/728/491
f 389/730/172 393/734/172 394/731/172
f 392/733/492 394/731/492 393/734/492
f 396/736/174 397/1282/174 394/737/174
f 395/739/493 397/1282/493 396/736/493
f 390/729/176 391/728/176 397/741/176
f 398/744/494 401/747/494 403/745/494
f 401/747/179 405/829/179 406/748/179
f 404/749/495 406/752/495 405/750/495
f 404/749/181 408/832/181 409/751/181
f 407/753/496 409/1283/496 408/754/496
f 402/746/183 403/745/183 409/755/183
f 410/704/497 413/833/497 415/758/497
f 413/760/186 417/763/186 418/761/186
f 411/710/498 416/831/498 418/761/498
f 416/764/188 420/768/188 421/765/188
f 419/767/499 421/765/499 420/768/499
f 414/769/190 415/770/190 421/765/190
f 422/771/500 425/837/500 427/772/500
f 425/774/193 429/778/193 430/775/193
f 428/777/501 430/775/501 429/778/501
f 432/779/502 433/784/502 430/775/502
f 424/698/503 431/783/503 433/780/503
f 426/782/197 427/1284/197 433/780/197
f 434/705/504 437/787/504 439/785/504
f 437/787/200 441/839/200 442/788/200
f 440/789/505 442/1285/505 441/790/505
f 444/792/202 445/800/202 442/793/202
f 443/795/506 445/800/506 444/792/506
f 438/786/204 439/785/204 445/797/204
f 449/801/507 451/805/507 450/802/507
f 453/804/207 454/814/207 451/805/207
f 447/711/508 452/808/508 454/806/508
f 452/808/509 456/836/509 457/809/509
f 455/810/510 457/813/510 456/811/510
f 455/810/211 450/838/211 451/812/211
f 461/816/511 463/819/511 462/817/511
f 465/818/214 466/1286/214 463/819/214
f 459/701/512 464/835/512 466/820/512
f 464/822/513 468/826/513 469/823/513
f 467/825/514 469/823/514 468/826/514
f 467/825/218 462/834/218 463/828/218
f 374/715/220 378/714/220 401/747/220
f 378/714/221 383/724/221 405/829/221
f 383/830/222 376/707/222 399/709/222
f 375/700/223 386/699/223 390/729/223
f 380/719/224 390/729/224 395/742/224
f 384/723/225 395/739/225 388/740/225
f 387/735/226 410/704/226 414/759/226
f 392/738/227 414/769/227 419/767/227
f 396/736/228 419/767/228 412/708/228
f 400/712/229 408/754/229 416/831/229
f 408/832/230 404/749/230 420/768/230
f 404/749/515 399/709/515 412/708/515
f 446/803/232 398/744/232 402/746/232
f 449/801/233 402/746/233 407/756/233
f 453/807/234 407/753/234 400/712/234
f 458/706/235 462/817/235 413/833/235
f 462/834/236 467/825/236 417/763/236
f 417/763/516 467/825/516 460/827/516
f 448/703/238 456/811/238 464/835/238
f 456/836/239 452/808/239 468/826/239
f 452/808/240 447/711/240 460/827/240
f 446/803/241 450/802/241 425/837/241
f 450/838/242 455/810/242 429/778/242
f 455/810/243 448/703/243 423/702/243
f 458/706/244 434/705/244 438/786/244
f 461/816/245 438/786/245 443/798/245
f 465/821/246 443/795/246 436/796/246
f 435/791/247 424/698/247 432/781/247
f 440/794/248 432/779/248 428/777/248
f 444/792/249 428/777/249 423/702/249
f 374/715/250 422/771/250 426/773/250
f 377/718/251 426/782/251 431/783/251
f 431/783/252 424/698/252 375/700/252
f 387/735/253 393/734/253 437/787/253
f 393/734/254 389/730/254 441/839/254
f 389/840/255 386/699/255 435/791/255
f 398/744/256 446/803/256 422/771/256
f 531/841/257 482/1287/257 471/842/257
f 555/844/55 532/932/55 519/845/55
f 506/847/258 483/874/258 530/848/258
f 472/850/57 484/880/57 508/851/57
f 507/853/259 556/974/259 543/854/259
f 470/856/517 473/859/517 475/857/517
f 473/859/261 477/862/261 478/860/261
f 476/861/518 478/860/518 477/862/518
f 480/864/519 481/868/519 478/860/519
f 472/850/520 479/962/520 481/865/520
f 479/867/449 474/858/449 475/857/449
f 485/869/521 487/873/521 486/870/521
f 489/872/268 490/875/268 487/873/268
f 483/874/522 488/876/522 490/875/522
f 488/876/270 492/966/270 493/877/270
f 491/878/523 493/882/523 492/879/523
f 491/878/272 486/1288/272 487/881/272
f 494/883/524 497/886/524 499/884/524
f 497/886/275 501/961/275 502/887/275
f 500/888/525 502/891/525 501/889/525
f 500/888/277 504/1289/277 505/890/277
f 503/892/526 505/895/526 504/893/526
f 498/885/279 499/884/279 505/895/279
f 506/847/527 509/898/527 511/896/527
f 509/898/282 513/901/282 514/899/282
f 512/900/528 514/899/528 513/901/528
f 516/903/529 517/907/529 514/899/529
f 508/851/530 515/967/530 517/904/530
f 515/906/286 510/897/286 511/896/286
f 518/908/531 521/912/531 523/909/531
f 525/911/289 526/917/289 523/909/289
f 519/845/532 524/978/532 526/913/532
f 524/915/451 528/919/451 529/916/451
f 527/918/533 529/916/533 528/919/533
f 522/910/293 523/909/293 529/916/293
f 530/848/534 533/923/534 535/921/534
f 533/923/296 537/926/296 538/924/296
f 536/925/535 538/924/535 537/926/535
f 540/928/298 541/1290/298 538/929/298
f 539/931/536 541/1290/536 540/928/536
f 534/922/300 535/921/300 541/933/300
f 542/935/537 545/938/537 547/936/537
f 545/938/303 549/941/303 550/939/303
f 548/940/538 550/939/538 549/941/538
f 552/943/305 553/1291/305 550/944/305
f 551/946/539 553/1291/539 552/943/539
f 546/937/307 547/936/307 553/947/307
f 554/849/540 557/952/540 559/949/540
f 561/951/310 562/957/310 559/949/310
f 555/844/541 560/971/541 562/953/541
f 560/955/452 564/959/452 565/956/452
f 563/958/542 565/956/542 564/959/542
f 558/950/314 559/949/314 565/956/314
f 470/856/316 474/858/316 497/886/316
f 474/858/317 479/867/317 501/961/317
f 479/962/543 472/850/543 495/852/543
f 471/842/319 482/1287/319 486/963/319
f 476/965/544 486/1288/544 491/878/544
f 480/866/321 491/878/321 484/880/321
f 506/847/322 510/897/322 488/876/322
f 510/897/323 515/906/323 492/966/323
f 515/967/545 508/851/545 484/880/545
f 507/853/325 496/855/325 504/968/325
f 512/970/546 504/1289/546 500/888/546
f 516/905/327 500/888/327 495/852/327
f 494/883/328 498/885/328 545/938/328
f 498/885/329 503/892/329 549/941/329
f 503/892/330 496/894/330 543/942/330
f 554/849/331 558/950/331 509/898/331
f 558/950/332 563/958/332 513/901/332
f 563/958/453 556/960/453 507/902/453
f 544/846/334 552/943/334 560/971/334
f 552/943/547 548/945/547 564/972/547
f 548/973/336 543/854/336 556/974/336
f 518/908/337 542/935/337 546/937/337
f 521/912/338 546/937/338 551/948/338
f 525/914/339 551/946/339 544/846/339
f 554/849/340 530/848/340 534/922/340
f 557/952/341 534/922/341 539/934/341
f 561/954/342 539/931/342 532/932/342
f 520/843/343 528/1292/343 536/976/343
f 528/977/456 524/978/456 540/928/456
f 524/978/345 519/845/345 532/932/345
f 518/908/346 522/910/346 473/859/346
f 522/910/457 527/918/457 477/862/457
f 527/918/348 520/920/348 471/863/348
f 483/874/349 489/872/349 533/923/349
f 489/872/350 485/869/350 537/926/350
f 485/869/351 482/871/351 531/927/351
f 542/935/352 518/908/352 470/856/352
f 627/979/353 578/1293/353 567/980/353
f 651/982/354 628/1069/354 615/983/354
f 602/985/355 579/1013/355 626/986/355
f 568/988/356 580/1018/356 604/989/356
f 592/991/357 603/1294/357 652/992/357
f 569/994/548 571/998/548 570/995/548
f 569/994/359 573/1000/359 574/997/359
f 572/999/549 574/997/549 573/1000/549
f 576/1002/361 577/1006/361 574/997/361
f 568/988/550 575/1099/550 577/1003/550
f 575/1005/363 570/995/363 571/998/363
f 581/1007/551 583/1011/551 582/1008/551
f 585/1010/366 586/1015/366 583/1011/366
f 584/1012/552 586/1015/552 585/1010/552
f 584/1012/368 588/1103/368 589/1014/368
f 587/1016/553 589/1020/553 588/1017/553
f 587/1016/370 582/1295/370 583/1019/370
f 590/1021/554 593/1024/554 595/1022/554
f 593/1024/373 597/1098/373 598/1025/373
f 596/1026/555 598/1029/555 597/1027/555
f 596/1026/375 600/1106/375 601/1028/375
f 599/1030/556 601/1033/556 600/1031/556
f 594/1023/377 595/1022/377 601/1033/377
f 602/985/557 605/1036/557 607/1034/557
f 605/1036/380 609/1039/380 610/1037/380
f 608/1038/558 610/1037/558 609/1039/558
f 612/1041/559 613/1044/559 610/1037/559
f 604/989/560 611/1104/560 613/1042/560
f 606/1035/384 607/1034/384 613/1044/384
f 614/1046/561 617/1049/561 619/1047/561
f 617/1049/562 621/1112/562 622/1050/562
f 615/983/563 620/1116/563 622/1051/563
f 620/1053/389 624/1056/389 625/1054/389
f 623/1055/564 625/1054/564 624/1056/564
f 618/1048/391 619/1047/391 625/1054/391
f 626/986/565 629/1060/565 631/1058/565
f 629/1060/394 633/1063/394 634/1061/394
f 632/1062/566 634/1061/566 633/1063/566
f 636/1065/396 637/1296/396 634/1066/396
f 635/1068/567 637/1296/567 636/1065/567
f 630/1059/398 631/1058/398 637/1070/398
f 641/1072/568 643/1076/568 642/1073/568
f 641/1072/401 645/1078/401 646/1075/401
f 644/1077/569 646/1075/569 645/1078/569
f 648/1080/570 649/1297/570 646/1081/570
f 647/1083/571 649/1297/571 648/1080/571
f 642/1073/405 643/1076/405 649/1084/405
f 653/1086/572 655/1089/572 654/1087/572
f 657/1088/408 658/1094/408 655/1089/408
f 651/982/573 656/1108/573 658/1090/573
f 656/1092/410 660/1096/410 661/1093/410
f 659/1095/574 661/1093/574 660/1096/574
f 654/1087/412 655/1089/412 661/1093/412
f 566/996/414 570/995/414 593/1024/414
f 570/995/415 575/1005/415 597/1098/415
f 575/1099/416 568/988/416 591/990/416
f 567/980/417 578/1293/417 582/1100/417
f 572/1102/418 582/1295/418 587/1016/418
f 576/1004/419 587/1016/419 580/1018/419
f 579/1013/322 602/985/322 606/1035/322
f 584/1012/420 606/1035/420 611/1045/420
f 611/1104/421 604/989/421 580/1018/421
f 603/1105/422 592/1298/422 600/1106/422
f 608/1107/423 600/1106/423 596/1026/423
f 612/1043/575 596/1026/575 591/990/575
f 638/1074/425 590/1021/425 594/1023/425
f 641/1072/426 594/1023/426 599/1030/426
f 645/1078/427 599/1030/427 592/1032/427
f 650/987/428 654/1087/428 605/1036/428
f 654/1087/429 659/1095/429 609/1039/429
f 659/1095/430 652/1097/430 603/1040/430
f 640/984/431 648/1080/431 656/1108/431
f 648/1080/432 644/1082/432 660/1109/432
f 644/1110/433 639/993/433 652/992/433
f 638/1074/337 642/1073/337 617/1049/337
f 642/1073/434 647/1085/434 621/1112/434
f 621/1052/435 647/1083/435 640/984/435
f 650/987/436 626/986/436 630/1059/436
f 653/1086/437 630/1059/437 635/1071/437
f 657/1091/438 635/1068/438 628/1069/438
f 616/1113/439 624/1115/439 632/1067/439
f 624/1115/440 620/1116/440 636/1065/440
f 620/1116/576 615/983/576 628/1069/576
f 566/996/442 614/1046/442 618/1048/442
f 569/994/577 618/1048/577 623/1055/577
f 573/1000/444 623/1055/444 616/1057/444
f 579/1013/445 585/1010/445 629/1060/445
f 585/1010/446 581/1007/446 633/1063/446
f 581/1007/447 578/1009/447 627/1064/447
f 590/1021/448 638/1074/448 614/1046/448
f 723/1117/257 674/1299/257 663/1118/257
f 747/1120/55 724/1208/55 711/1121/55
f 698/1123/258 675/1150/258 722/1124/258
f 664/1126/57 676/1156/57 700/1127/57
f 699/1129/259 748/1250/259 735/1130/259
f 662/1132/517 665/1135/517 667/1133/517
f 665/1135/261 669/1138/261 670/1136/261
f 668/1137/518 670/1136/518 669/1138/518
f 672/1140/263 673/1144/263 670/1136/263
f 664/1126/520 671/1238/520 673/1141/520
f 671/1143/449 666/1134/449 667/1133/449
f 677/1145/521 679/1149/521 678/1146/521
f 681/1148/268 682/1151/268 679/1149/268
f 675/1150/522 680/1152/522 682/1151/522
f 680/1152/270 684/1242/270 685/1153/270
f 683/1154/523 685/1158/523 684/1155/523
f 683/1154/272 678/1300/272 679/1157/272
f 686/1159/524 689/1162/524 691/1160/524
f 689/1162/275 693/1237/275 694/1163/275
f 692/1164/525 694/1167/525 693/1165/525
f 692/1164/277 696/1301/277 697/1166/277
f 695/1168/526 697/1171/526 696/1169/526
f 690/1161/279 691/1160/279 697/1171/279
f 698/1123/527 701/1174/527 703/1172/527
f 701/1174/282 705/1177/282 706/1175/282
f 704/1176/528 706/1175/528 705/1177/528
f 708/1179/284 709/1183/284 706/1175/284
f 700/1127/530 707/1243/530 709/1180/530
f 707/1182/286 702/1173/286 703/1172/286
f 710/1184/531 713/1188/531 715/1185/531
f 717/1187/289 718/1193/289 715/1185/289
f 711/1121/532 716/1254/532 718/1189/532
f 716/1191/451 720/1195/451 721/1192/451
f 719/1194/533 721/1192/533 720/1195/533
f 714/1186/293 715/1185/293 721/1192/293
f 722/1124/534 725/1199/534 727/1197/534
f 725/1199/296 729/1202/296 730/1200/296
f 728/1201/535 730/1200/535 729/1202/535
f 732/1204/298 733/1302/298 730/1205/298
f 731/1207/536 733/1302/536 732/1204/536
f 726/1198/300 727/1197/300 733/1209/300
f 734/1211/537 737/1214/537 739/1212/537
f 737/1214/303 741/1217/303 742/1215/303
f 740/1216/538 742/1215/538 741/1217/538
f 744/1219/305 745/1303/305 742/1220/305
f 743/1222/539 745/1303/539 744/1219/539
f 738/1213/307 739/1212/307 745/1223/307
f 746/1125/540 749/1228/540 751/1225/540
f 753/1227/310 754/1233/310 751/1225/310
f 747/1120/541 752/1247/541 754/1229/541
f 752/1231/578 756/1235/578 757/1232/578
f 755/1234/542 757/1232/542 756/1235/542
f 750/1226/314 751/1225/314 757/1232/314
f 662/1132/316 666/1134/316 689/1162/316
f 666/1134/317 671/1143/317 693/1237/317
f 671/1238/543 664/1126/543 687/1128/543
f 663/1118/319 674/1299/319 678/1239/319
f 668/1241/320 678/1300/320 683/1154/320
f 672/1142/321 683/1154/321 676/1156/321
f 698/1123/322 702/1173/322 680/1152/322
f 702/1173/323 707/1182/323 684/1242/323
f 707/1243/545 700/1127/545 676/1156/545
f 699/1129/325 688/1131/325 696/1244/325
f 704/1246/326 696/1301/326 692/1164/326
f 708/1181/327 692/1164/327 687/1128/327
f 686/1159/328 690/1161/328 737/1214/328
f 690/1161/329 695/1168/329 741/1217/329
f 695/1168/330 688/1170/330 735/1218/330
f 746/1125/331 750/1226/331 701/1174/331
f 750/1226/332 755/1234/332 705/1177/332
f 755/1234/453 748/1236/453 699/1178/453
f 736/1122/334 744/1219/334 752/1247/334
f 744/1219/335 740/1221/335 756/1248/335
f 740/1249/336 735/1130/336 748/1250/336
f 710/1184/337 734/1211/337 738/1213/337
f 713/1188/338 738/1213/338 743/1224/338
f 717/1190/339 743/1222/339 736/1122/339
f 746/1125/340 722/1124/340 726/1198/340
f 749/1228/341 726/1198/341 731/1210/341
f 753/1230/342 731/1207/342 724/1208/342
f 712/1119/343 720/1304/343 728/1252/343
f 720/1253/456 716/1254/456 732/1204/456
f 716/1254/345 711/1121/345 724/1208/345
f 710/1184/346 714/1186/346 665/1135/346
f 714/1186/457 719/1194/457 669/1138/457
f 719/1194/348 712/1196/348 663/1139/348
f 675/1150/349 681/1148/349 725/1199/349
f 681/1148/350 677/1145/350 729/1202/350
f 677/1145/351 674/1147/351 723/1203/351
f 734/1211/352 710/1184/352 662/1132/352
