# Blender 4.2.3 LTS
# www.blender.org
mtllib islandhouse.mtl
o HouseBody
v 9.019148 7.359971 -6.947942
v 9.019147 2.102467 -7.007021
v 9.019146 7.359972 0.217098
v 9.019148 10.575223 -6.947942
v 9.019148 7.359971 -8.500811
v 9.019146 1.788439 7.968268
v 9.019148 10.575223 -8.500811
v 9.019147 5.052779 -7.007021
v 9.019147 2.102467 -8.441730
v 9.019147 4.667077 0.904751
v 9.019147 5.052779 -8.441730
v 10.170835 0.148832 -11.961318
v 9.019147 4.667077 -2.023423
v 9.019146 10.575223 0.217098
v 9.019146 7.359972 -1.335770
v 9.019146 5.134430 7.968268
v 9.019146 10.575223 -1.335770
v 9.019145 6.397535 7.968267
v 9.019146 1.788439 6.172651
v 10.170835 0.148832 11.961318
v 9.019145 10.595116 7.968267
v 9.019146 5.134430 6.172651
v -10.170835 0.148832 -11.961318
v 9.019145 6.397535 6.172651
v 5.008875 8.762980 11.336955
v 9.019145 10.595116 6.172651
v -10.170835 0.148832 11.961318
v 5.008875 10.879928 11.336955
v 10.170835 10.998169 11.961318
v 10.170835 10.998169 -11.961318
v -10.170835 10.866552 11.961318
v 6.235493 8.762980 11.336955
v 0.065808 21.103195 11.961318
v 6.235493 10.879928 11.336955
v -10.170835 10.866552 -11.961318
v 0.065808 21.103195 -11.961318
v 6.235493 8.762980 11.961318
v 5.008875 10.879928 11.961318
v 5.008875 8.762980 11.961318
v 6.235493 10.879928 11.961318
v 10.170835 6.397535 7.968267
v 10.170835 6.397535 6.172651
v 10.170835 10.595116 7.968267
v 10.170835 10.595116 6.172651
v 10.170835 5.134430 7.968268
v 10.170835 1.788439 7.968268
v 10.170835 1.788439 6.172651
v 10.170835 5.134430 6.172651
v 10.170835 7.359972 -1.335770
v 10.170835 7.359972 0.217098
v 10.170835 10.575223 0.217098
v 10.170835 10.575223 -1.335770
v 9.019147 0.148832 0.904751
v 9.019147 0.148832 -2.023423
v 10.170835 0.148832 -2.023423
v 10.170835 0.148832 0.904751
v 10.170835 4.667077 0.904751
v 10.170835 4.667077 -2.023423
v 10.170835 2.102467 -7.007021
v 10.170835 5.052779 -7.007021
v 10.170835 5.052779 -8.441730
v 10.170835 2.102467 -8.441730
v 10.170835 10.575223 -6.947942
v 10.170835 10.575223 -8.500811
v 10.170835 7.359971 -6.947942
v 10.170835 7.359971 -8.500811
s 0
usemtl Material
f 29 37 20
f 38 31 39
f 27 35 23
f 53 23 54
f 44 50 51
f 47 20 56
f 30 44 52
f 59 12 62
f 48 41 45
f 29 41 43
f 30 23 35
f 30 33 29
f 35 33 36
f 28 39 25
f 32 28 25
f 32 40 34
f 32 39 37
f 28 40 38
f 24 21 18
f 26 42 44
f 18 43 41
f 18 42 24
f 26 43 21
f 19 16 6
f 22 47 48
f 16 46 6
f 6 47 19
f 22 45 16
f 15 14 3
f 17 49 52
f 14 50 3
f 3 49 15
f 17 51 14
f 13 53 54
f 13 55 58
f 53 57 56
f 13 57 10
f 9 8 2
f 11 62 61
f 2 60 59
f 2 62 9
f 11 60 8
f 5 4 1
f 7 66 64
f 4 65 1
f 1 66 5
f 7 63 4
f 29 40 37
f 38 40 29
f 29 33 31
f 31 27 20
f 20 37 39
f 38 29 31
f 31 20 39
f 27 31 35
f 53 56 20
f 20 27 23
f 23 12 55
f 23 55 54
f 53 20 23
f 44 42 50
f 65 63 52
f 49 50 42
f 65 52 49
f 30 64 66
f 65 49 42
f 12 30 66
f 66 65 42
f 42 48 47
f 62 12 66
f 61 62 66
f 45 41 20
f 58 55 59
f 60 61 66
f 58 59 60
f 57 58 60
f 60 66 42
f 57 60 42
f 46 45 20
f 57 42 47
f 47 46 20
f 56 57 47
f 63 64 30
f 30 29 43
f 44 51 52
f 30 43 44
f 52 63 30
f 59 55 12
f 48 42 41
f 29 20 41
f 35 36 30
f 30 12 23
f 30 36 33
f 35 31 33
f 28 38 39
f 32 34 28
f 32 37 40
f 32 25 39
f 28 34 40
f 24 26 21
f 26 24 42
f 18 21 43
f 18 41 42
f 26 44 43
f 19 22 16
f 22 19 47
f 16 45 46
f 6 46 47
f 22 48 45
f 15 17 14
f 17 15 49
f 14 51 50
f 3 50 49
f 17 52 51
f 13 10 53
f 13 54 55
f 53 10 57
f 13 58 57
f 9 11 8
f 11 9 62
f 2 8 60
f 2 59 62
f 11 61 60
f 5 7 4
f 7 5 66
f 4 63 65
f 1 65 66
f 7 64 63
o RoofBase
v -10.377645 10.678082 12.957338
v -10.890903 11.132696 12.957338
v -10.377645 10.678082 -12.957338
v -10.890903 11.132696 -12.957338
v 10.234617 10.785799 12.933710
v 0.421433 21.449322 12.957339
v 10.722538 11.131447 12.933710
v -0.057478 21.939987 12.957339
v 10.234617 10.785799 -12.933710
v 0.421433 21.449322 -12.957339
v 10.722538 11.131447 -12.933710
v -0.057478 21.939987 -12.957339
v 0.413047 21.440937 -12.933710
v -0.074874 21.095291 -12.933710
v 0.413047 21.440937 12.933710
v -0.074874 21.095291 12.933710
s 0
f 79 75 80
f 77 71 75
f 71 81 82
f 71 80 75
f 77 81 73
f 68 69 67
f 69 78 76
f 78 72 76
f 74 67 72
f 67 69 82
f 76 81 79
f 70 74 78
f 79 77 75
f 77 73 71
f 71 73 81
f 71 82 80
f 77 79 81
f 68 70 69
f 69 70 78
f 78 74 72
f 74 68 67
f 81 72 67
f 69 76 79
f 69 79 80
f 82 81 67
f 69 80 82
f 76 72 81
f 70 68 74
o RoofSiding1
v 10.863879 11.187921 12.079865
v 10.037669 11.907233 12.079865
v 10.969220 11.308916 12.467169
v 10.143010 12.028229 12.467169
v 10.863879 11.187921 12.854473
v 10.037669 11.907233 12.854473
v 9.986063 11.847959 12.047311
v 10.812274 11.128645 12.047311
v 9.986063 11.847959 12.887027
v 10.812274 11.128645 12.887027
v 10.077188 11.952625 12.467169
v 10.903399 11.233313 12.467169
v 10.863879 11.187921 11.219156
v 10.037669 11.907233 11.219156
v 10.969220 11.308916 11.606461
v 10.143010 12.028229 11.606461
v 10.863879 11.187921 11.993764
v 10.037669 11.907233 11.993764
v 9.986063 11.847959 11.186603
v 10.812274 11.128645 11.186603
v 9.986063 11.847959 12.026318
v 10.812274 11.128645 12.026318
v 10.077188 11.952625 11.606461
v 10.903399 11.233313 11.606461
v 10.863879 11.187921 10.358448
v 10.037669 11.907233 10.358448
v 10.969220 11.308916 10.745751
v 10.143010 12.028229 10.745751
v 10.863879 11.187921 11.133056
v 10.037669 11.907233 11.133056
v 9.986063 11.847959 10.325893
v 10.812274 11.128645 10.325893
v 9.986063 11.847959 11.165609
v 10.812274 11.128645 11.165609
v 10.077188 11.952625 10.745751
v 10.903399 11.233313 10.745751
v 10.863879 11.187921 9.497739
v 10.037669 11.907233 9.497739
v 10.969220 11.308916 9.885043
v 10.143010 12.028229 9.885043
v 10.863879 11.187921 10.272346
v 10.037669 11.907233 10.272346
v 9.986063 11.847959 9.465185
v 10.812274 11.128645 9.465185
v 9.986063 11.847959 10.304901
v 10.812274 11.128645 10.304901
v 10.077188 11.952625 9.885043
v 10.903399 11.233313 9.885043
v 10.863879 11.187921 8.637031
v 10.037669 11.907233 8.637031
v 10.969220 11.308916 9.024334
v 10.143010 12.028229 9.024334
v 10.863879 11.187921 9.411638
v 10.037669 11.907233 9.411638
v 9.986063 11.847959 8.604477
v 10.812274 11.128645 8.604477
v 9.986063 11.847959 9.444192
v 10.812274 11.128645 9.444192
v 10.077188 11.952625 9.024334
v 10.903399 11.233313 9.024334
v 10.863879 11.187921 7.776321
v 10.037669 11.907233 7.776321
v 10.969220 11.308916 8.163626
v 10.143010 12.028229 8.163626
v 10.863879 11.187921 8.550929
v 10.037669 11.907233 8.550929
v 9.986063 11.847959 7.743767
v 10.812274 11.128645 7.743767
v 9.986063 11.847959 8.583484
v 10.812274 11.128645 8.583484
v 10.077188 11.952625 8.163626
v 10.903399 11.233313 8.163626
v 10.863879 11.187921 6.915613
v 10.037669 11.907233 6.915613
v 10.969220 11.308916 7.302917
v 10.143010 12.028229 7.302917
v 10.863879 11.187921 7.690220
v 10.037669 11.907233 7.690220
v 9.986063 11.847959 6.883059
v 10.812274 11.128645 6.883059
v 9.986063 11.847959 7.722775
v 10.812274 11.128645 7.722775
v 10.077188 11.952625 7.302917
v 10.903399 11.233313 7.302917
v 10.863879 11.187921 6.054904
v 10.037669 11.907233 6.054904
v 10.969220 11.308916 6.442208
v 10.143010 12.028229 6.442208
v 10.863879 11.187921 6.829512
v 10.037669 11.907233 6.829512
v 9.986063 11.847959 6.022350
v 10.812274 11.128645 6.022350
v 9.986063 11.847959 6.862066
v 10.812274 11.128645 6.862066
v 10.077188 11.952625 6.442208
v 10.903399 11.233313 6.442208
v 10.863879 11.187921 5.194195
v 10.037669 11.907233 5.194195
v 10.969220 11.308916 5.581499
v 10.143010 12.028229 5.581499
v 10.863879 11.187921 5.968803
v 10.037669 11.907233 5.968803
v 9.986063 11.847959 5.161641
v 10.812274 11.128645 5.161641
v 9.986063 11.847959 6.001358
v 10.812274 11.128645 6.001358
v 10.077188 11.952625 5.581499
v 10.903399 11.233313 5.581499
v 10.863879 11.187921 4.333487
v 10.037669 11.907233 4.333487
v 10.969220 11.308916 4.720790
v 10.143010 12.028229 4.720790
v 10.863879 11.187921 5.108094
v 10.037669 11.907233 5.108094
v 9.986063 11.847959 4.300932
v 10.812274 11.128645 4.300932
v 9.986063 11.847959 5.140648
v 10.812274 11.128645 5.140648
v 10.077188 11.952625 4.720790
v 10.903399 11.233313 4.720790
v 10.863879 11.187921 3.472777
v 10.037669 11.907233 3.472777
v 10.969220 11.308916 3.860082
v 10.143010 12.028229 3.860082
v 10.863879 11.187921 4.247385
v 10.037669 11.907233 4.247385
v 9.986063 11.847959 3.440224
v 10.812274 11.128645 3.440224
v 9.986063 11.847959 4.279940
v 10.812274 11.128645 4.279940
v 10.077188 11.952625 3.860082
v 10.903399 11.233313 3.860082
v 10.863879 11.187921 2.612069
v 10.037669 11.907233 2.612069
v 10.969220 11.308916 2.999373
v 10.143010 12.028229 2.999373
v 10.863879 11.187921 3.386678
v 10.037669 11.907233 3.386678
v 9.986063 11.847959 2.579515
v 10.812274 11.128645 2.579515
v 9.986063 11.847959 3.419231
v 10.812274 11.128645 3.419231
v 10.077188 11.952625 2.999373
v 10.903399 11.233313 2.999373
v 10.863879 11.187921 1.751360
v 10.037669 11.907233 1.751360
v 10.969220 11.308916 2.138664
v 10.143010 12.028229 2.138664
v 10.863879 11.187921 2.525969
v 10.037669 11.907233 2.525969
v 9.986063 11.847959 1.718807
v 10.812274 11.128645 1.718807
v 9.986063 11.847959 2.558522
v 10.812274 11.128645 2.558522
v 10.077188 11.952625 2.138664
v 10.903399 11.233313 2.138664
v 10.863879 11.187921 0.890652
v 10.037669 11.907233 0.890652
v 10.969220 11.308916 1.277956
v 10.143010 12.028229 1.277956
v 10.863879 11.187921 1.665260
v 10.037669 11.907233 1.665260
v 9.986063 11.847959 0.858098
v 10.812274 11.128645 0.858098
v 9.986063 11.847959 1.697813
v 10.812274 11.128645 1.697813
v 10.077188 11.952625 1.277956
v 10.903399 11.233313 1.277956
v 10.863879 11.187921 0.029943
v 10.037669 11.907233 0.029943
v 10.969220 11.308916 0.417247
v 10.143010 12.028229 0.417247
v 10.863879 11.187921 0.804551
v 10.037669 11.907233 0.804551
v 9.986063 11.847959 -0.002610
v 10.812274 11.128645 -0.002610
v 9.986063 11.847959 0.837105
v 10.812274 11.128645 0.837105
v 10.077188 11.952625 0.417247
v 10.903399 11.233313 0.417247
v 10.863879 11.187921 -0.830766
v 10.037669 11.907233 -0.830766
v 10.969220 11.308916 -0.443461
v 10.143010 12.028229 -0.443461
v 10.863879 11.187921 -0.056157
v 10.037669 11.907233 -0.056157
v 9.986063 11.847959 -0.863319
v 10.812274 11.128645 -0.863319
v 9.986063 11.847959 -0.023604
v 10.812274 11.128645 -0.023604
v 10.077188 11.952625 -0.443461
v 10.903399 11.233313 -0.443461
v 10.863879 11.187921 -1.691475
v 10.037669 11.907233 -1.691475
v 10.969220 11.308916 -1.304171
v 10.143010 12.028229 -1.304171
v 10.863879 11.187921 -0.916866
v 10.037669 11.907233 -0.916866
v 9.986063 11.847959 -1.724028
v 10.812274 11.128645 -1.724028
v 9.986063 11.847959 -0.884313
v 10.812274 11.128645 -0.884313
v 10.077188 11.952625 -1.304171
v 10.903399 11.233313 -1.304171
v 10.863879 11.187921 -2.552183
v 10.037669 11.907233 -2.552183
v 10.969220 11.308916 -2.164879
v 10.143010 12.028229 -2.164879
v 10.863879 11.187921 -1.777575
v 10.037669 11.907233 -1.777575
v 9.986063 11.847959 -2.584737
v 10.812274 11.128645 -2.584737
v 9.986063 11.847959 -1.745022
v 10.812274 11.128645 -1.745022
v 10.077188 11.952625 -2.164879
v 10.903399 11.233313 -2.164879
v 10.863879 11.187921 -3.412892
v 10.037669 11.907233 -3.412892
v 10.969220 11.308916 -3.025588
v 10.143010 12.028229 -3.025588
v 10.863879 11.187921 -2.638284
v 10.037669 11.907233 -2.638284
v 9.986063 11.847959 -3.445446
v 10.812274 11.128645 -3.445446
v 9.986063 11.847959 -2.605730
v 10.812274 11.128645 -2.605730
v 10.077188 11.952625 -3.025588
v 10.903399 11.233313 -3.025588
v 10.863879 11.187921 -4.273602
v 10.037669 11.907233 -4.273602
v 10.969220 11.308916 -3.886297
v 10.143010 12.028229 -3.886297
v 10.863879 11.187921 -3.498992
v 10.037669 11.907233 -3.498992
v 9.986063 11.847959 -4.306154
v 10.812274 11.128645 -4.306154
v 9.986063 11.847959 -3.466439
v 10.812274 11.128645 -3.466439
v 10.077188 11.952625 -3.886297
v 10.903399 11.233313 -3.886297
v 10.863879 11.187921 -5.134310
v 10.037669 11.907233 -5.134310
v 10.969220 11.308916 -4.747005
v 10.143010 12.028229 -4.747005
v 10.863879 11.187921 -4.359701
v 10.037669 11.907233 -4.359701
v 9.986063 11.847959 -5.166864
v 10.812274 11.128645 -5.166864
v 9.986063 11.847959 -4.327148
v 10.812274 11.128645 -4.327148
v 10.077188 11.952625 -4.747005
v 10.903399 11.233313 -4.747005
v 10.863879 11.187921 -5.995018
v 10.037669 11.907233 -5.995018
v 10.969220 11.308916 -5.607714
v 10.143010 12.028229 -5.607714
v 10.863879 11.187921 -5.220409
v 10.037669 11.907233 -5.220409
v 9.986063 11.847959 -6.027573
v 10.812274 11.128645 -6.027573
v 9.986063 11.847959 -5.187857
v 10.812274 11.128645 -5.187857
v 10.077188 11.952625 -5.607714
v 10.903399 11.233313 -5.607714
v 10.863879 11.187921 -6.855726
v 10.037669 11.907233 -6.855726
v 10.969220 11.308916 -6.468422
v 10.143010 12.028229 -6.468422
v 10.863879 11.187921 -6.081118
v 10.037669 11.907233 -6.081118
v 9.986063 11.847959 -6.888279
v 10.812274 11.128645 -6.888279
v 9.986063 11.847959 -6.048565
v 10.812274 11.128645 -6.048565
v 10.077188 11.952625 -6.468422
v 10.903399 11.233313 -6.468422
v 10.863879 11.187921 -7.716434
v 10.037669 11.907233 -7.716434
v 10.969220 11.308916 -7.329130
v 10.143010 12.028229 -7.329130
v 10.863879 11.187921 -6.941826
v 10.037669 11.907233 -6.941826
v 9.986063 11.847959 -7.748987
v 10.812274 11.128645 -7.748987
v 9.986063 11.847959 -6.909271
v 10.812274 11.128645 -6.909271
v 10.077188 11.952625 -7.329130
v 10.903399 11.233313 -7.329130
v 10.863879 11.187921 -8.577143
v 10.037669 11.907233 -8.577143
v 10.969220 11.308916 -8.189838
v 10.143010 12.028229 -8.189838
v 10.863879 11.187921 -7.802532
v 10.037669 11.907233 -7.802532
v 9.986063 11.847959 -8.609695
v 10.812274 11.128645 -8.609695
v 9.986063 11.847959 -7.769979
v 10.812274 11.128645 -7.769979
v 10.077188 11.952625 -8.189838
v 10.903399 11.233313 -8.189838
v 10.863879 11.187921 -9.437849
v 10.037669 11.907233 -9.437849
v 10.969220 11.308916 -9.050545
v 10.143010 12.028229 -9.050545
v 10.863879 11.187921 -8.663240
v 10.037669 11.907233 -8.663240
v 9.986063 11.847959 -9.470404
v 10.812274 11.128645 -9.470404
v 9.986063 11.847959 -8.630688
v 10.812274 11.128645 -8.630688
v 10.077188 11.952625 -9.050545
v 10.903399 11.233313 -9.050545
v 10.863879 11.187921 -10.298557
v 10.037669 11.907233 -10.298557
v 10.969220 11.308916 -9.911253
v 10.143010 12.028229 -9.911253
v 10.863879 11.187921 -9.523949
v 10.037669 11.907233 -9.523949
v 9.986063 11.847959 -10.331110
v 10.812274 11.128645 -10.331110
v 9.986063 11.847959 -9.491396
v 10.812274 11.128645 -9.491396
v 10.077188 11.952625 -9.911253
v 10.903399 11.233313 -9.911253
v 10.863879 11.187921 -11.159266
v 10.037669 11.907233 -11.159266
v 10.969220 11.308916 -10.771961
v 10.143010 12.028229 -10.771961
v 10.863879 11.187921 -10.384657
v 10.037669 11.907233 -10.384657
v 9.986063 11.847959 -11.191818
v 10.812274 11.128645 -11.191818
v 9.986063 11.847959 -10.352102
v 10.812274 11.128645 -10.352102
v 10.077188 11.952625 -10.771961
v 10.903399 11.233313 -10.771961
v 10.863879 11.187921 -12.019972
v 10.037669 11.907233 -12.019972
v 10.969220 11.308916 -11.632668
v 10.143010 12.028229 -11.632668
v 10.863879 11.187921 -11.245363
v 10.037669 11.907233 -11.245363
v 9.986063 11.847959 -12.052526
v 10.812274 11.128645 -12.052526
v 9.986063 11.847959 -11.212811
v 10.812274 11.128645 -11.212811
v 10.077188 11.952625 -11.632668
v 10.903399 11.233313 -11.632668
v 10.863879 11.187921 -12.880680
v 10.037669 11.907233 -12.880680
v 10.969220 11.308916 -12.493376
v 10.143010 12.028229 -12.493376
v 10.863879 11.187921 -12.106071
v 10.037669 11.907233 -12.106071
v 9.986063 11.847959 -12.913233
v 10.812274 11.128645 -12.913233
v 9.986063 11.847959 -12.073519
v 10.812274 11.128645 -12.073519
v 10.077188 11.952625 -12.493376
v 10.903399 11.233313 -12.493376
v 10.084753 11.961314 12.079865
v 9.258542 12.680628 12.079865
v 10.190094 12.082311 12.467169
v 9.363883 12.801623 12.467169
v 10.084753 11.961314 12.854473
v 9.258542 12.680628 12.854473
v 9.206937 12.621352 12.047311
v 10.033147 11.902040 12.047311
v 9.206937 12.621352 12.887027
v 10.033147 11.902040 12.887027
v 9.298061 12.726020 12.467169
v 10.124272 12.006706 12.467169
v 10.084753 11.961314 11.219156
v 9.258542 12.680628 11.219156
v 10.190094 12.082311 11.606461
v 9.363883 12.801623 11.606461
v 10.084753 11.961314 11.993764
v 9.258542 12.680628 11.993764
v 9.206937 12.621352 11.186603
v 10.033147 11.902040 11.186603
v 9.206937 12.621352 12.026318
v 10.033147 11.902040 12.026318
v 9.298061 12.726020 11.606461
v 10.124272 12.006706 11.606461
v 10.084753 11.961314 10.358448
v 9.258542 12.680628 10.358448
v 10.190094 12.082311 10.745751
v 9.363883 12.801623 10.745751
v 10.084753 11.961314 11.133056
v 9.258542 12.680628 11.133056
v 9.206937 12.621352 10.325893
v 10.033147 11.902040 10.325893
v 9.206937 12.621352 11.165609
v 10.033147 11.902040 11.165609
v 9.298061 12.726020 10.745751
v 10.124272 12.006706 10.745751
v 10.084753 11.961314 9.497739
v 9.258542 12.680628 9.497739
v 10.190094 12.082311 9.885043
v 9.363883 12.801623 9.885043
v 10.084753 11.961314 10.272346
v 9.258542 12.680628 10.272346
v 9.206937 12.621352 9.465185
v 10.033147 11.902040 9.465185
v 9.206937 12.621352 10.304901
v 10.033147 11.902040 10.304901
v 9.298061 12.726020 9.885043
v 10.124272 12.006706 9.885043
v 10.084753 11.961314 8.637031
v 9.258542 12.680628 8.637031
v 10.190094 12.082311 9.024334
v 9.363883 12.801623 9.024334
v 10.084753 11.961314 9.411638
v 9.258542 12.680628 9.411638
v 9.206937 12.621352 8.604477
v 10.033147 11.902040 8.604477
v 9.206937 12.621352 9.444192
v 10.033147 11.902040 9.444192
v 9.298061 12.726020 9.024334
v 10.124272 12.006706 9.024334
v 10.084753 11.961314 7.776321
v 9.258542 12.680628 7.776321
v 10.190094 12.082311 8.163626
v 9.363883 12.801623 8.163626
v 10.084753 11.961314 8.550929
v 9.258542 12.680628 8.550929
v 9.206937 12.621352 7.743767
v 10.033147 11.902040 7.743767
v 9.206937 12.621352 8.583484
v 10.033147 11.902040 8.583484
v 9.298061 12.726020 8.163626
v 10.124272 12.006706 8.163626
v 10.084753 11.961314 6.915613
v 9.258542 12.680628 6.915613
v 10.190094 12.082311 7.302917
v 9.363883 12.801623 7.302917
v 10.084753 11.961314 7.690220
v 9.258542 12.680628 7.690220
v 9.206937 12.621352 6.883059
v 10.033147 11.902040 6.883059
v 9.206937 12.621352 7.722775
v 10.033147 11.902040 7.722775
v 9.298061 12.726020 7.302917
v 10.124272 12.006706 7.302917
v 10.084753 11.961314 6.054904
v 9.258542 12.680628 6.054904
v 10.190094 12.082311 6.442208
v 9.363883 12.801623 6.442208
v 10.084753 11.961314 6.829512
v 9.258542 12.680628 6.829512
v 9.206937 12.621352 6.022350
v 10.033147 11.902040 6.022350
v 9.206937 12.621352 6.862066
v 10.033147 11.902040 6.862066
v 9.298061 12.726020 6.442208
v 10.124272 12.006706 6.442208
v 10.084753 11.961314 5.194195
v 9.258542 12.680628 5.194195
v 10.190094 12.082311 5.581499
v 9.363883 12.801623 5.581499
v 10.084753 11.961314 5.968803
v 9.258542 12.680628 5.968803
v 9.206937 12.621352 5.161641
v 10.033147 11.902040 5.161641
v 9.206937 12.621352 6.001358
v 10.033147 11.902040 6.001358
v 9.298061 12.726020 5.581499
v 10.124272 12.006706 5.581499
v 10.084753 11.961314 4.333487
v 9.258542 12.680628 4.333487
v 10.190094 12.082311 4.720790
v 9.363883 12.801623 4.720790
v 10.084753 11.961314 5.108094
v 9.258542 12.680628 5.108094
v 9.206937 12.621352 4.300932
v 10.033147 11.902040 4.300932
v 9.206937 12.621352 5.140648
v 10.033147 11.902040 5.140648
v 9.298061 12.726020 4.720790
v 10.124272 12.006706 4.720790
v 10.084753 11.961314 3.472777
v 9.258542 12.680628 3.472777
v 10.190094 12.082311 3.860082
v 9.363883 12.801623 3.860082
v 10.084753 11.961314 4.247385
v 9.258542 12.680628 4.247385
v 9.206937 12.621352 3.440224
v 10.033147 11.902040 3.440224
v 9.206937 12.621352 4.279940
v 10.033147 11.902040 4.279940
v 9.298061 12.726020 3.860082
v 10.124272 12.006706 3.860082
v 10.084753 11.961314 2.612069
v 9.258542 12.680628 2.612069
v 10.190094 12.082311 2.999373
v 9.363883 12.801623 2.999373
v 10.084753 11.961314 3.386678
v 9.258542 12.680628 3.386678
v 9.206937 12.621352 2.579515
v 10.033147 11.902040 2.579515
v 9.206937 12.621352 3.419231
v 10.033147 11.902040 3.419231
v 9.298061 12.726020 2.999373
v 10.124272 12.006706 2.999373
v 10.084753 11.961314 1.751360
v 9.258542 12.680628 1.751360
v 10.190094 12.082311 2.138664
v 9.363883 12.801623 2.138664
v 10.084753 11.961314 2.525969
v 9.258542 12.680628 2.525969
v 9.206937 12.621352 1.718807
v 10.033147 11.902040 1.718807
v 9.206937 12.621352 2.558522
v 10.033147 11.902040 2.558522
v 9.298061 12.726020 2.138664
v 10.124272 12.006706 2.138664
v 10.084753 11.961314 0.890652
v 9.258542 12.680628 0.890652
v 10.190094 12.082311 1.277956
v 9.363883 12.801623 1.277956
v 10.084753 11.961314 1.665260
v 9.258542 12.680628 1.665260
v 9.206937 12.621352 0.858098
v 10.033147 11.902040 0.858098
v 9.206937 12.621352 1.697813
v 10.033147 11.902040 1.697813
v 9.298061 12.726020 1.277956
v 10.124272 12.006706 1.277956
v 10.084753 11.961314 0.029943
v 9.258542 12.680628 0.029943
v 10.190094 12.082311 0.417247
v 9.363883 12.801623 0.417247
v 10.084753 11.961314 0.804551
v 9.258542 12.680628 0.804551
v 9.206937 12.621352 -0.002610
v 10.033147 11.902040 -0.002610
v 9.206937 12.621352 0.837105
v 10.033147 11.902040 0.837105
v 9.298061 12.726020 0.417247
v 10.124272 12.006706 0.417247
v 10.084753 11.961314 -0.830766
v 9.258542 12.680628 -0.830766
v 10.190094 12.082311 -0.443461
v 9.363883 12.801623 -0.443461
v 10.084753 11.961314 -0.056157
v 9.258542 12.680628 -0.056157
v 9.206937 12.621352 -0.863319
v 10.033147 11.902040 -0.863319
v 9.206937 12.621352 -0.023604
v 10.033147 11.902040 -0.023604
v 9.298061 12.726020 -0.443461
v 10.124272 12.006706 -0.443461
v 10.084753 11.961314 -1.691475
v 9.258542 12.680628 -1.691475
v 10.190094 12.082311 -1.304171
v 9.363883 12.801623 -1.304171
v 10.084753 11.961314 -0.916866
v 9.258542 12.680628 -0.916866
v 9.206937 12.621352 -1.724028
v 10.033147 11.902040 -1.724028
v 9.206937 12.621352 -0.884313
v 10.033147 11.902040 -0.884313
v 9.298061 12.726020 -1.304171
v 10.124272 12.006706 -1.304171
v 10.084753 11.961314 -2.552183
v 9.258542 12.680628 -2.552183
v 10.190094 12.082311 -2.164879
v 9.363883 12.801623 -2.164879
v 10.084753 11.961314 -1.777575
v 9.258542 12.680628 -1.777575
v 9.206937 12.621352 -2.584737
v 10.033147 11.902040 -2.584737
v 9.206937 12.621352 -1.745022
v 10.033147 11.902040 -1.745022
v 9.298061 12.726020 -2.164879
v 10.124272 12.006706 -2.164879
v 10.084753 11.961314 -3.412892
v 9.258542 12.680628 -3.412892
v 10.190094 12.082311 -3.025588
v 9.363883 12.801623 -3.025588
v 10.084753 11.961314 -2.638284
v 9.258542 12.680628 -2.638284
v 9.206937 12.621352 -3.445446
v 10.033147 11.902040 -3.445446
v 9.206937 12.621352 -2.605730
v 10.033147 11.902040 -2.605730
v 9.298061 12.726020 -3.025588
v 10.124272 12.006706 -3.025588
v 10.084753 11.961314 -4.273602
v 9.258542 12.680628 -4.273602
v 10.190094 12.082311 -3.886297
v 9.363883 12.801623 -3.886297
v 10.084753 11.961314 -3.498992
v 9.258542 12.680628 -3.498992
v 9.206937 12.621352 -4.306154
v 10.033147 11.902040 -4.306154
v 9.206937 12.621352 -3.466439
v 10.033147 11.902040 -3.466439
v 9.298061 12.726020 -3.886297
v 10.124272 12.006706 -3.886297
v 10.084753 11.961314 -5.134310
v 9.258542 12.680628 -5.134310
v 10.190094 12.082311 -4.747005
v 9.363883 12.801623 -4.747005
v 10.084753 11.961314 -4.359701
v 9.258542 12.680628 -4.359701
v 9.206937 12.621352 -5.166864
v 10.033147 11.902040 -5.166864
v 9.206937 12.621352 -4.327148
v 10.033147 11.902040 -4.327148
v 9.298061 12.726020 -4.747005
v 10.124272 12.006706 -4.747005
v 10.084753 11.961314 -5.995018
v 9.258542 12.680628 -5.995018
v 10.190094 12.082311 -5.607714
v 9.363883 12.801623 -5.607714
v 10.084753 11.961314 -5.220409
v 9.258542 12.680628 -5.220409
v 9.206937 12.621352 -6.027573
v 10.033147 11.902040 -6.027573
v 9.206937 12.621352 -5.187857
v 10.033147 11.902040 -5.187857
v 9.298061 12.726020 -5.607714
v 10.124272 12.006706 -5.607714
v 10.084753 11.961314 -6.855726
v 9.258542 12.680628 -6.855726
v 10.190094 12.082311 -6.468422
v 9.363883 12.801623 -6.468422
v 10.084753 11.961314 -6.081118
v 9.258542 12.680628 -6.081118
v 9.206937 12.621352 -6.888279
v 10.033147 11.902040 -6.888279
v 9.206937 12.621352 -6.048565
v 10.033147 11.902040 -6.048565
v 9.298061 12.726020 -6.468422
v 10.124272 12.006706 -6.468422
v 10.084753 11.961314 -7.716434
v 9.258542 12.680628 -7.716434
v 10.190094 12.082311 -7.329130
v 9.363883 12.801623 -7.329130
v 10.084753 11.961314 -6.941826
v 9.258542 12.680628 -6.941826
v 9.206937 12.621352 -7.748987
v 10.033147 11.902040 -7.748987
v 9.206937 12.621352 -6.909271
v 10.033147 11.902040 -6.909271
v 9.298061 12.726020 -7.329130
v 10.124272 12.006706 -7.329130
v 10.084753 11.961314 -8.577143
v 9.258542 12.680628 -8.577143
v 10.190094 12.082311 -8.189838
v 9.363883 12.801623 -8.189838
v 10.084753 11.961314 -7.802532
v 9.258542 12.680628 -7.802532
v 9.206937 12.621352 -8.609695
v 10.033147 11.902040 -8.609695
v 9.206937 12.621352 -7.769979
v 10.033147 11.902040 -7.769979
v 9.298061 12.726020 -8.189838
v 10.124272 12.006706 -8.189838
v 10.084753 11.961314 -9.437849
v 9.258542 12.680628 -9.437849
v 10.190094 12.082311 -9.050545
v 9.363883 12.801623 -9.050545
v 10.084753 11.961314 -8.663240
v 9.258542 12.680628 -8.663240
v 9.206937 12.621352 -9.470404
v 10.033147 11.902040 -9.470404
v 9.206937 12.621352 -8.630688
v 10.033147 11.902040 -8.630688
v 9.298061 12.726020 -9.050545
v 10.124272 12.006706 -9.050545
v 10.084753 11.961314 -10.298557
v 9.258542 12.680628 -10.298557
v 10.190094 12.082311 -9.911253
v 9.363883 12.801623 -9.911253
v 10.084753 11.961314 -9.523949
v 9.258542 12.680628 -9.523949
v 9.206937 12.621352 -10.331110
v 10.033147 11.902040 -10.331110
v 9.206937 12.621352 -9.491396
v 10.033147 11.902040 -9.491396
v 9.298061 12.726020 -9.911253
v 10.124272 12.006706 -9.911253
v 10.084753 11.961314 -11.159266
v 9.258542 12.680628 -11.159266
v 10.190094 12.082311 -10.771961
v 9.363883 12.801623 -10.771961
v 10.084753 11.961314 -10.384657
v 9.258542 12.680628 -10.384657
v 9.206937 12.621352 -11.191818
v 10.033147 11.902040 -11.191818
v 9.206937 12.621352 -10.352102
v 10.033147 11.902040 -10.352102
v 9.298061 12.726020 -10.771961
v 10.124272 12.006706 -10.771961
v 10.084753 11.961314 -12.019972
v 9.258542 12.680628 -12.019972
v 10.190094 12.082311 -11.632668
v 9.363883 12.801623 -11.632668
v 10.084753 11.961314 -11.245363
v 9.258542 12.680628 -11.245363
v 9.206937 12.621352 -12.052526
v 10.033147 11.902040 -12.052526
v 9.206937 12.621352 -11.212811
v 10.033147 11.902040 -11.212811
v 9.298061 12.726020 -11.632668
v 10.124272 12.006706 -11.632668
v 10.084753 11.961314 -12.880680
v 9.258542 12.680628 -12.880680
v 10.190094 12.082311 -12.493376
v 9.363883 12.801623 -12.493376
v 10.084753 11.961314 -12.106071
v 9.258542 12.680628 -12.106071
v 9.206937 12.621352 -12.913233
v 10.033147 11.902040 -12.913233
v 9.206937 12.621352 -12.073519
v 10.033147 11.902040 -12.073519
v 9.298061 12.726020 -12.493376
v 10.124272 12.006706 -12.493376
v 9.305627 12.734709 12.079865
v 8.479416 13.454021 12.079865
v 9.410968 12.855704 12.467169
v 8.584757 13.575017 12.467169
v 9.305627 12.734709 12.854473
v 8.479416 13.454021 12.854473
v 8.427810 13.394747 12.047311
v 9.254021 12.675433 12.047311
v 8.427810 13.394747 12.887027
v 9.254021 12.675433 12.887027
v 8.518935 13.499413 12.467169
v 9.345145 12.780101 12.467169
v 9.305627 12.734709 11.219156
v 8.479416 13.454021 11.219156
v 9.410968 12.855704 11.606461
v 8.584757 13.575017 11.606461
v 9.305627 12.734709 11.993764
v 8.479416 13.454021 11.993764
v 8.427810 13.394747 11.186603
v 9.254021 12.675433 11.186603
v 8.427810 13.394747 12.026318
v 9.254021 12.675433 12.026318
v 8.518935 13.499413 11.606461
v 9.345145 12.780101 11.606461
v 9.305627 12.734709 10.358448
v 8.479416 13.454021 10.358448
v 9.410968 12.855704 10.745751
v 8.584757 13.575017 10.745751
v 9.305627 12.734709 11.133056
v 8.479416 13.454021 11.133056
v 8.427810 13.394747 10.325893
v 9.254021 12.675433 10.325893
v 8.427810 13.394747 11.165609
v 9.254021 12.675433 11.165609
v 8.518935 13.499413 10.745751
v 9.345145 12.780101 10.745751
v 9.305627 12.734709 9.497739
v 8.479416 13.454021 9.497739
v 9.410968 12.855704 9.885043
v 8.584757 13.575017 9.885043
v 9.305627 12.734709 10.272346
v 8.479416 13.454021 10.272346
v 8.427810 13.394747 9.465185
v 9.254021 12.675433 9.465185
v 8.427810 13.394747 10.304901
v 9.254021 12.675433 10.304901
v 8.518935 13.499413 9.885043
v 9.345145 12.780101 9.885043
v 9.305627 12.734709 8.637031
v 8.479416 13.454021 8.637031
v 9.410968 12.855704 9.024334
v 8.584757 13.575017 9.024334
v 9.305627 12.734709 9.411638
v 8.479416 13.454021 9.411638
v 8.427810 13.394747 8.604477
v 9.254021 12.675433 8.604477
v 8.427810 13.394747 9.444192
v 9.254021 12.675433 9.444192
v 8.518935 13.499413 9.024334
v 9.345145 12.780101 9.024334
v 9.305627 12.734709 7.776321
v 8.479416 13.454021 7.776321
v 9.410968 12.855704 8.163626
v 8.584757 13.575017 8.163626
v 9.305627 12.734709 8.550929
v 8.479416 13.454021 8.550929
v 8.427810 13.394747 7.743767
v 9.254021 12.675433 7.743767
v 8.427810 13.394747 8.583484
v 9.254021 12.675433 8.583484
v 8.518935 13.499413 8.163626
v 9.345145 12.780101 8.163626
v 9.305627 12.734709 6.915613
v 8.479416 13.454021 6.915613
v 9.410968 12.855704 7.302917
v 8.584757 13.575017 7.302917
v 9.305627 12.734709 7.690220
v 8.479416 13.454021 7.690220
v 8.427810 13.394747 6.883059
v 9.254021 12.675433 6.883059
v 8.427810 13.394747 7.722775
v 9.254021 12.675433 7.722775
v 8.518935 13.499413 7.302917
v 9.345145 12.780101 7.302917
v 9.305627 12.734709 6.054904
v 8.479416 13.454021 6.054904
v 9.410968 12.855704 6.442208
v 8.584757 13.575017 6.442208
v 9.305627 12.734709 6.829512
v 8.479416 13.454021 6.829512
v 8.427810 13.394747 6.022350
v 9.254021 12.675433 6.022350
v 8.427810 13.394747 6.862066
v 9.254021 12.675433 6.862066
v 8.518935 13.499413 6.442208
v 9.345145 12.780101 6.442208
v 9.305627 12.734709 5.194195
v 8.479416 13.454021 5.194195
v 9.410968 12.855704 5.581499
v 8.584757 13.575017 5.581499
v 9.305627 12.734709 5.968803
v 8.479416 13.454021 5.968803
v 8.427810 13.394747 5.161641
v 9.254021 12.675433 5.161641
v 8.427810 13.394747 6.001358
v 9.254021 12.675433 6.001358
v 8.518935 13.499413 5.581499
v 9.345145 12.780101 5.581499
v 9.305627 12.734709 4.333487
v 8.479416 13.454021 4.333487
v 9.410968 12.855704 4.720790
v 8.584757 13.575017 4.720790
v 9.305627 12.734709 5.108094
v 8.479416 13.454021 5.108094
v 8.427810 13.394747 4.300932
v 9.254021 12.675433 4.300932
v 8.427810 13.394747 5.140648
v 9.254021 12.675433 5.140648
v 8.518935 13.499413 4.720790
v 9.345145 12.780101 4.720790
v 9.305627 12.734709 3.472777
v 8.479416 13.454021 3.472777
v 9.410968 12.855704 3.860082
v 8.584757 13.575017 3.860082
v 9.305627 12.734709 4.247385
v 8.479416 13.454021 4.247385
v 8.427810 13.394747 3.440224
v 9.254021 12.675433 3.440224
v 8.427810 13.394747 4.279940
v 9.254021 12.675433 4.279940
v 8.518935 13.499413 3.860082
v 9.345145 12.780101 3.860082
v 9.305627 12.734709 2.612069
v 8.479416 13.454021 2.612069
v 9.410968 12.855704 2.999373
v 8.584757 13.575017 2.999373
v 9.305627 12.734709 3.386678
v 8.479416 13.454021 3.386678
v 8.427810 13.394747 2.579515
v 9.254021 12.675433 2.579515
v 8.427810 13.394747 3.419231
v 9.254021 12.675433 3.419231
v 8.518935 13.499413 2.999373
v 9.345145 12.780101 2.999373
v 9.305627 12.734709 1.751360
v 8.479416 13.454021 1.751360
v 9.410968 12.855704 2.138664
v 8.584757 13.575017 2.138664
v 9.305627 12.734709 2.525969
v 8.479416 13.454021 2.525969
v 8.427810 13.394747 1.718807
v 9.254021 12.675433 1.718807
v 8.427810 13.394747 2.558522
v 9.254021 12.675433 2.558522
v 8.518935 13.499413 2.138664
v 9.345145 12.780101 2.138664
v 9.305627 12.734709 0.890652
v 8.479416 13.454021 0.890652
v 9.410968 12.855704 1.277956
v 8.584757 13.575017 1.277956
v 9.305627 12.734709 1.665260
v 8.479416 13.454021 1.665260
v 8.427810 13.394747 0.858098
v 9.254021 12.675433 0.858098
v 8.427810 13.394747 1.697813
v 9.254021 12.675433 1.697813
v 8.518935 13.499413 1.277956
v 9.345145 12.780101 1.277956
v 9.305627 12.734709 0.029943
v 8.479416 13.454021 0.029943
v 9.410968 12.855704 0.417247
v 8.584757 13.575017 0.417247
v 9.305627 12.734709 0.804551
v 8.479416 13.454021 0.804551
v 8.427810 13.394747 -0.002610
v 9.254021 12.675433 -0.002610
v 8.427810 13.394747 0.837105
v 9.254021 12.675433 0.837105
v 8.518935 13.499413 0.417247
v 9.345145 12.780101 0.417247
v 9.305627 12.734709 -0.830766
v 8.479416 13.454021 -0.830766
v 9.410968 12.855704 -0.443461
v 8.584757 13.575017 -0.443461
v 9.305627 12.734709 -0.056157
v 8.479416 13.454021 -0.056157
v 8.427810 13.394747 -0.863319
v 9.254021 12.675433 -0.863319
v 8.427810 13.394747 -0.023604
v 9.254021 12.675433 -0.023604
v 8.518935 13.499413 -0.443461
v 9.345145 12.780101 -0.443461
v 9.305627 12.734709 -1.691475
v 8.479416 13.454021 -1.691475
v 9.410968 12.855704 -1.304171
v 8.584757 13.575017 -1.304171
v 9.305627 12.734709 -0.916866
v 8.479416 13.454021 -0.916866
v 8.427810 13.394747 -1.724028
v 9.254021 12.675433 -1.724028
v 8.427810 13.394747 -0.884313
v 9.254021 12.675433 -0.884313
v 8.518935 13.499413 -1.304171
v 9.345145 12.780101 -1.304171
v 9.305627 12.734709 -2.552183
v 8.479416 13.454021 -2.552183
v 9.410968 12.855704 -2.164879
v 8.584757 13.575017 -2.164879
v 9.305627 12.734709 -1.777575
v 8.479416 13.454021 -1.777575
v 8.427810 13.394747 -2.584737
v 9.254021 12.675433 -2.584737
v 8.427810 13.394747 -1.745022
v 9.254021 12.675433 -1.745022
v 8.518935 13.499413 -2.164879
v 9.345145 12.780101 -2.164879
v 9.305627 12.734709 -3.412892
v 8.479416 13.454021 -3.412892
v 9.410968 12.855704 -3.025588
v 8.584757 13.575017 -3.025588
v 9.305627 12.734709 -2.638284
v 8.479416 13.454021 -2.638284
v 8.427810 13.394747 -3.445446
v 9.254021 12.675433 -3.445446
v 8.427810 13.394747 -2.605730
v 9.254021 12.675433 -2.605730
v 8.518935 13.499413 -3.025588
v 9.345145 12.780101 -3.025588
v 9.305627 12.734709 -4.273602
v 8.479416 13.454021 -4.273602
v 9.410968 12.855704 -3.886297
v 8.584757 13.575017 -3.886297
v 9.305627 12.734709 -3.498992
v 8.479416 13.454021 -3.498992
v 8.427810 13.394747 -4.306154
v 9.254021 12.675433 -4.306154
v 8.427810 13.394747 -3.466439
v 9.254021 12.675433 -3.466439
v 8.518935 13.499413 -3.886297
v 9.345145 12.780101 -3.886297
v 9.305627 12.734709 -5.134310
v 8.479416 13.454021 -5.134310
v 9.410968 12.855704 -4.747005
v 8.584757 13.575017 -4.747005
v 9.305627 12.734709 -4.359701
v 8.479416 13.454021 -4.359701
v 8.427810 13.394747 -5.166864
v 9.254021 12.675433 -5.166864
v 8.427810 13.394747 -4.327148
v 9.254021 12.675433 -4.327148
v 8.518935 13.499413 -4.747005
v 9.345145 12.780101 -4.747005
v 9.305627 12.734709 -5.995018
v 8.479416 13.454021 -5.995018
v 9.410968 12.855704 -5.607714
v 8.584757 13.575017 -5.607714
v 9.305627 12.734709 -5.220409
v 8.479416 13.454021 -5.220409
v 8.427810 13.394747 -6.027573
v 9.254021 12.675433 -6.027573
v 8.427810 13.394747 -5.187857
v 9.254021 12.675433 -5.187857
v 8.518935 13.499413 -5.607714
v 9.345145 12.780101 -5.607714
v 9.305627 12.734709 -6.855726
v 8.479416 13.454021 -6.855726
v 9.410968 12.855704 -6.468422
v 8.584757 13.575017 -6.468422
v 9.305627 12.734709 -6.081118
v 8.479416 13.454021 -6.081118
v 8.427810 13.394747 -6.888279
v 9.254021 12.675433 -6.888279
v 8.427810 13.394747 -6.048565
v 9.254021 12.675433 -6.048565
v 8.518935 13.499413 -6.468422
v 9.345145 12.780101 -6.468422
v 9.305627 12.734709 -7.716434
v 8.479416 13.454021 -7.716434
v 9.410968 12.855704 -7.329130
v 8.584757 13.575017 -7.329130
v 9.305627 12.734709 -6.941826
v 8.479416 13.454021 -6.941826
v 8.427810 13.394747 -7.748987
v 9.254021 12.675433 -7.748987
v 8.427810 13.394747 -6.909271
v 9.254021 12.675433 -6.909271
v 8.518935 13.499413 -7.329130
v 9.345145 12.780101 -7.329130
v 9.305627 12.734709 -8.577143
v 8.479416 13.454021 -8.577143
v 9.410968 12.855704 -8.189838
v 8.584757 13.575017 -8.189838
v 9.305627 12.734709 -7.802532
v 8.479416 13.454021 -7.802532
v 8.427810 13.394747 -8.609695
v 9.254021 12.675433 -8.609695
v 8.427810 13.394747 -7.769979
v 9.254021 12.675433 -7.769979
v 8.518935 13.499413 -8.189838
v 9.345145 12.780101 -8.189838
v 9.305627 12.734709 -9.437849
v 8.479416 13.454021 -9.437849
v 9.410968 12.855704 -9.050545
v 8.584757 13.575017 -9.050545
v 9.305627 12.734709 -8.663240
v 8.479416 13.454021 -8.663240
v 8.427810 13.394747 -9.470404
v 9.254021 12.675433 -9.470404
v 8.427810 13.394747 -8.630688
v 9.254021 12.675433 -8.630688
v 8.518935 13.499413 -9.050545
v 9.345145 12.780101 -9.050545
v 9.305627 12.734709 -10.298557
v 8.479416 13.454021 -10.298557
v 9.410968 12.855704 -9.911253
v 8.584757 13.575017 -9.911253
v 9.305627 12.734709 -9.523949
v 8.479416 13.454021 -9.523949
v 8.427810 13.394747 -10.331110
v 9.254021 12.675433 -10.331110
v 8.427810 13.394747 -9.491396
v 9.254021 12.675433 -9.491396
v 8.518935 13.499413 -9.911253
v 9.345145 12.780101 -9.911253
v 9.305627 12.734709 -11.159266
v 8.479416 13.454021 -11.159266
v 9.410968 12.855704 -10.771961
v 8.584757 13.575017 -10.771961
v 9.305627 12.734709 -10.384657
v 8.479416 13.454021 -10.384657
v 8.427810 13.394747 -11.191818
v 9.254021 12.675433 -11.191818
v 8.427810 13.394747 -10.352102
v 9.254021 12.675433 -10.352102
v 8.518935 13.499413 -10.771961
v 9.345145 12.780101 -10.771961
v 9.305627 12.734709 -12.019972
v 8.479416 13.454021 -12.019972
v 9.410968 12.855704 -11.632668
v 8.584757 13.575017 -11.632668
v 9.305627 12.734709 -11.245363
v 8.479416 13.454021 -11.245363
v 8.427810 13.394747 -12.052526
v 9.254021 12.675433 -12.052526
v 8.427810 13.394747 -11.212811
v 9.254021 12.675433 -11.212811
v 8.518935 13.499413 -11.632668
v 9.345145 12.780101 -11.632668
v 9.305627 12.734709 -12.880680
v 8.479416 13.454021 -12.880680
v 9.410968 12.855704 -12.493376
v 8.584757 13.575017 -12.493376
v 9.305627 12.734709 -12.106071
v 8.479416 13.454021 -12.106071
v 8.427810 13.394747 -12.913233
v 9.254021 12.675433 -12.913233
v 8.427810 13.394747 -12.073519
v 9.254021 12.675433 -12.073519
v 8.518935 13.499413 -12.493376
v 9.345145 12.780101 -12.493376
v 8.526500 13.508102 12.079865
v 7.700290 14.227415 12.079865
v 8.631841 13.629099 12.467169
v 7.805631 14.348412 12.467169
v 8.526500 13.508102 12.854473
v 7.700290 14.227415 12.854473
v 7.648684 14.168140 12.047311
v 8.474894 13.448828 12.047311
v 7.648684 14.168140 12.887027
v 8.474894 13.448828 12.887027
v 7.739809 14.272808 12.467169
v 8.566019 13.553494 12.467169
v 8.526500 13.508102 11.219156
v 7.700290 14.227415 11.219156
v 8.631841 13.629099 11.606461
v 7.805631 14.348412 11.606461
v 8.526500 13.508102 11.993764
v 7.700290 14.227415 11.993764
v 7.648684 14.168140 11.186603
v 8.474894 13.448828 11.186603
v 7.648684 14.168140 12.026318
v 8.474894 13.448828 12.026318
v 7.739809 14.272808 11.606461
v 8.566019 13.553494 11.606461
v 8.526500 13.508102 10.358448
v 7.700290 14.227415 10.358448
v 8.631841 13.629099 10.745751
v 7.805631 14.348412 10.745751
v 8.526500 13.508102 11.133056
v 7.700290 14.227415 11.133056
v 7.648684 14.168140 10.325893
v 8.474894 13.448828 10.325893
v 7.648684 14.168140 11.165609
v 8.474894 13.448828 11.165609
v 7.739809 14.272808 10.745751
v 8.566019 13.553494 10.745751
v 8.526500 13.508102 9.497739
v 7.700290 14.227415 9.497739
v 8.631841 13.629099 9.885043
v 7.805631 14.348412 9.885043
v 8.526500 13.508102 10.272346
v 7.700290 14.227415 10.272346
v 7.648684 14.168140 9.465185
v 8.474894 13.448828 9.465185
v 7.648684 14.168140 10.304901
v 8.474894 13.448828 10.304901
v 7.739809 14.272808 9.885043
v 8.566019 13.553494 9.885043
v 8.526500 13.508102 8.637031
v 7.700290 14.227415 8.637031
v 8.631841 13.629099 9.024334
v 7.805631 14.348412 9.024334
v 8.526500 13.508102 9.411638
v 7.700290 14.227415 9.411638
v 7.648684 14.168140 8.604477
v 8.474894 13.448828 8.604477
v 7.648684 14.168140 9.444192
v 8.474894 13.448828 9.444192
v 7.739809 14.272808 9.024334
v 8.566019 13.553494 9.024334
v 8.526500 13.508102 7.776321
v 7.700290 14.227415 7.776321
v 8.631841 13.629099 8.163626
v 7.805631 14.348412 8.163626
v 8.526500 13.508102 8.550929
v 7.700290 14.227415 8.550929
v 7.648684 14.168140 7.743767
v 8.474894 13.448828 7.743767
v 7.648684 14.168140 8.583484
v 8.474894 13.448828 8.583484
v 7.739809 14.272808 8.163626
v 8.566019 13.553494 8.163626
v 8.526500 13.508102 6.915613
v 7.700290 14.227415 6.915613
v 8.631841 13.629099 7.302917
v 7.805631 14.348412 7.302917
v 8.526500 13.508102 7.690220
v 7.700290 14.227415 7.690220
v 7.648684 14.168140 6.883059
v 8.474894 13.448828 6.883059
v 7.648684 14.168140 7.722775
v 8.474894 13.448828 7.722775
v 7.739809 14.272808 7.302917
v 8.566019 13.553494 7.302917
v 8.526500 13.508102 6.054904
v 7.700290 14.227415 6.054904
v 8.631841 13.629099 6.442208
v 7.805631 14.348412 6.442208
v 8.526500 13.508102 6.829512
v 7.700290 14.227415 6.829512
v 7.648684 14.168140 6.022350
v 8.474894 13.448828 6.022350
v 7.648684 14.168140 6.862066
v 8.474894 13.448828 6.862066
v 7.739809 14.272808 6.442208
v 8.566019 13.553494 6.442208
v 8.526500 13.508102 5.194195
v 7.700290 14.227415 5.194195
v 8.631841 13.629099 5.581499
v 7.805631 14.348412 5.581499
v 8.526500 13.508102 5.968803
v 7.700290 14.227415 5.968803
v 7.648684 14.168140 5.161641
v 8.474894 13.448828 5.161641
v 7.648684 14.168140 6.001358
v 8.474894 13.448828 6.001358
v 7.739809 14.272808 5.581499
v 8.566019 13.553494 5.581499
v 8.526500 13.508102 4.333487
v 7.700290 14.227415 4.333487
v 8.631841 13.629099 4.720790
v 7.805631 14.348412 4.720790
v 8.526500 13.508102 5.108094
v 7.700290 14.227415 5.108094
v 7.648684 14.168140 4.300932
v 8.474894 13.448828 4.300932
v 7.648684 14.168140 5.140648
v 8.474894 13.448828 5.140648
v 7.739809 14.272808 4.720790
v 8.566019 13.553494 4.720790
v 8.526500 13.508102 3.472777
v 7.700290 14.227415 3.472777
v 8.631841 13.629099 3.860082
v 7.805631 14.348412 3.860082
v 8.526500 13.508102 4.247385
v 7.700290 14.227415 4.247385
v 7.648684 14.168140 3.440224
v 8.474894 13.448828 3.440224
v 7.648684 14.168140 4.279940
v 8.474894 13.448828 4.279940
v 7.739809 14.272808 3.860082
v 8.566019 13.553494 3.860082
v 8.526500 13.508102 2.612069
v 7.700290 14.227415 2.612069
v 8.631841 13.629099 2.999373
v 7.805631 14.348412 2.999373
v 8.526500 13.508102 3.386678
v 7.700290 14.227415 3.386678
v 7.648684 14.168140 2.579515
v 8.474894 13.448828 2.579515
v 7.648684 14.168140 3.419231
v 8.474894 13.448828 3.419231
v 7.739809 14.272808 2.999373
v 8.566019 13.553494 2.999373
v 8.526500 13.508102 1.751360
v 7.700290 14.227415 1.751360
v 8.631841 13.629099 2.138664
v 7.805631 14.348412 2.138664
v 8.526500 13.508102 2.525969
v 7.700290 14.227415 2.525969
v 7.648684 14.168140 1.718807
v 8.474894 13.448828 1.718807
v 7.648684 14.168140 2.558522
v 8.474894 13.448828 2.558522
v 7.739809 14.272808 2.138664
v 8.566019 13.553494 2.138664
v 8.526500 13.508102 0.890652
v 7.700290 14.227415 0.890652
v 8.631841 13.629099 1.277956
v 7.805631 14.348412 1.277956
v 8.526500 13.508102 1.665260
v 7.700290 14.227415 1.665260
v 7.648684 14.168140 0.858098
v 8.474894 13.448828 0.858098
v 7.648684 14.168140 1.697813
v 8.474894 13.448828 1.697813
v 7.739809 14.272808 1.277956
v 8.566019 13.553494 1.277956
v 8.526500 13.508102 0.029943
v 7.700290 14.227415 0.029943
v 8.631841 13.629099 0.417247
v 7.805631 14.348412 0.417247
v 8.526500 13.508102 0.804551
v 7.700290 14.227415 0.804551
v 7.648684 14.168140 -0.002610
v 8.474894 13.448828 -0.002610
v 7.648684 14.168140 0.837105
v 8.474894 13.448828 0.837105
v 7.739809 14.272808 0.417247
v 8.566019 13.553494 0.417247
v 8.526500 13.508102 -0.830766
v 7.700290 14.227415 -0.830766
v 8.631841 13.629099 -0.443461
v 7.805631 14.348412 -0.443461
v 8.526500 13.508102 -0.056157
v 7.700290 14.227415 -0.056157
v 7.648684 14.168140 -0.863319
v 8.474894 13.448828 -0.863319
v 7.648684 14.168140 -0.023604
v 8.474894 13.448828 -0.023604
v 7.739809 14.272808 -0.443461
v 8.566019 13.553494 -0.443461
v 8.526500 13.508102 -1.691475
v 7.700290 14.227415 -1.691475
v 8.631841 13.629099 -1.304171
v 7.805631 14.348412 -1.304171
v 8.526500 13.508102 -0.916866
v 7.700290 14.227415 -0.916866
v 7.648684 14.168140 -1.724028
v 8.474894 13.448828 -1.724028
v 7.648684 14.168140 -0.884313
v 8.474894 13.448828 -0.884313
v 7.739809 14.272808 -1.304171
v 8.566019 13.553494 -1.304171
v 8.526500 13.508102 -2.552183
v 7.700290 14.227415 -2.552183
v 8.631841 13.629099 -2.164879
v 7.805631 14.348412 -2.164879
v 8.526500 13.508102 -1.777575
v 7.700290 14.227415 -1.777575
v 7.648684 14.168140 -2.584737
v 8.474894 13.448828 -2.584737
v 7.648684 14.168140 -1.745022
v 8.474894 13.448828 -1.745022
v 7.739809 14.272808 -2.164879
v 8.566019 13.553494 -2.164879
v 8.526500 13.508102 -3.412892
v 7.700290 14.227415 -3.412892
v 8.631841 13.629099 -3.025588
v 7.805631 14.348412 -3.025588
v 8.526500 13.508102 -2.638284
v 7.700290 14.227415 -2.638284
v 7.648684 14.168140 -3.445446
v 8.474894 13.448828 -3.445446
v 7.648684 14.168140 -2.605730
v 8.474894 13.448828 -2.605730
v 7.739809 14.272808 -3.025588
v 8.566019 13.553494 -3.025588
v 8.526500 13.508102 -4.273602
v 7.700290 14.227415 -4.273602
v 8.631841 13.629099 -3.886297
v 7.805631 14.348412 -3.886297
v 8.526500 13.508102 -3.498992
v 7.700290 14.227415 -3.498992
v 7.648684 14.168140 -4.306154
v 8.474894 13.448828 -4.306154
v 7.648684 14.168140 -3.466439
v 8.474894 13.448828 -3.466439
v 7.739809 14.272808 -3.886297
v 8.566019 13.553494 -3.886297
v 8.526500 13.508102 -5.134310
v 7.700290 14.227415 -5.134310
v 8.631841 13.629099 -4.747005
v 7.805631 14.348412 -4.747005
v 8.526500 13.508102 -4.359701
v 7.700290 14.227415 -4.359701
v 7.648684 14.168140 -5.166864
v 8.474894 13.448828 -5.166864
v 7.648684 14.168140 -4.327148
v 8.474894 13.448828 -4.327148
v 7.739809 14.272808 -4.747005
v 8.566019 13.553494 -4.747005
v 8.526500 13.508102 -5.995018
v 7.700290 14.227415 -5.995018
v 8.631841 13.629099 -5.607714
v 7.805631 14.348412 -5.607714
v 8.526500 13.508102 -5.220409
v 7.700290 14.227415 -5.220409
v 7.648684 14.168140 -6.027573
v 8.474894 13.448828 -6.027573
v 7.648684 14.168140 -5.187857
v 8.474894 13.448828 -5.187857
v 7.739809 14.272808 -5.607714
v 8.566019 13.553494 -5.607714
v 8.526500 13.508102 -6.855726
v 7.700290 14.227415 -6.855726
v 8.631841 13.629099 -6.468422
v 7.805631 14.348412 -6.468422
v 8.526500 13.508102 -6.081118
v 7.700290 14.227415 -6.081118
v 7.648684 14.168140 -6.888279
v 8.474894 13.448828 -6.888279
v 7.648684 14.168140 -6.048565
v 8.474894 13.448828 -6.048565
v 7.739809 14.272808 -6.468422
v 8.566019 13.553494 -6.468422
v 8.526500 13.508102 -7.716434
v 7.700290 14.227415 -7.716434
v 8.631841 13.629099 -7.329130
v 7.805631 14.348412 -7.329130
v 8.526500 13.508102 -6.941826
v 7.700290 14.227415 -6.941826
v 7.648684 14.168140 -7.748987
v 8.474894 13.448828 -7.748987
v 7.648684 14.168140 -6.909271
v 8.474894 13.448828 -6.909271
v 7.739809 14.272808 -7.329130
v 8.566019 13.553494 -7.329130
v 8.526500 13.508102 -8.577143
v 7.700290 14.227415 -8.577143
v 8.631841 13.629099 -8.189838
v 7.805631 14.348412 -8.189838
v 8.526500 13.508102 -7.802532
v 7.700290 14.227415 -7.802532
v 7.648684 14.168140 -8.609695
v 8.474894 13.448828 -8.609695
v 7.648684 14.168140 -7.769979
v 8.474894 13.448828 -7.769979
v 7.739809 14.272808 -8.189838
v 8.566019 13.553494 -8.189838
v 8.526500 13.508102 -9.437849
v 7.700290 14.227415 -9.437849
v 8.631841 13.629099 -9.050545
v 7.805631 14.348412 -9.050545
v 8.526500 13.508102 -8.663240
v 7.700290 14.227415 -8.663240
v 7.648684 14.168140 -9.470404
v 8.474894 13.448828 -9.470404
v 7.648684 14.168140 -8.630688
v 8.474894 13.448828 -8.630688
v 7.739809 14.272808 -9.050545
v 8.566019 13.553494 -9.050545
v 8.526500 13.508102 -10.298557
v 7.700290 14.227415 -10.298557
v 8.631841 13.629099 -9.911253
v 7.805631 14.348412 -9.911253
v 8.526500 13.508102 -9.523949
v 7.700290 14.227415 -9.523949
v 7.648684 14.168140 -10.331110
v 8.474894 13.448828 -10.331110
v 7.648684 14.168140 -9.491396
v 8.474894 13.448828 -9.491396
v 7.739809 14.272808 -9.911253
v 8.566019 13.553494 -9.911253
v 8.526500 13.508102 -11.159266
v 7.700290 14.227415 -11.159266
v 8.631841 13.629099 -10.771961
v 7.805631 14.348412 -10.771961
v 8.526500 13.508102 -10.384657
v 7.700290 14.227415 -10.384657
v 7.648684 14.168140 -11.191818
v 8.474894 13.448828 -11.191818
v 7.648684 14.168140 -10.352102
v 8.474894 13.448828 -10.352102
v 7.739809 14.272808 -10.771961
v 8.566019 13.553494 -10.771961
v 8.526500 13.508102 -12.019972
v 7.700290 14.227415 -12.019972
v 8.631841 13.629099 -11.632668
v 7.805631 14.348412 -11.632668
v 8.526500 13.508102 -11.245363
v 7.700290 14.227415 -11.245363
v 7.648684 14.168140 -12.052526
v 8.474894 13.448828 -12.052526
v 7.648684 14.168140 -11.212811
v 8.474894 13.448828 -11.212811
v 7.739809 14.272808 -11.632668
v 8.566019 13.553494 -11.632668
v 8.526500 13.508102 -12.880680
v 7.700290 14.227415 -12.880680
v 8.631841 13.629099 -12.493376
v 7.805631 14.348412 -12.493376
v 8.526500 13.508102 -12.106071
v 7.700290 14.227415 -12.106071
v 7.648684 14.168140 -12.913233
v 8.474894 13.448828 -12.913233
v 7.648684 14.168140 -12.073519
v 8.474894 13.448828 -12.073519
v 7.739809 14.272808 -12.493376
v 8.566019 13.553494 -12.493376
v 7.747374 14.281497 12.079865
v 6.921163 15.000810 12.079865
v 7.852715 14.402493 12.467169
v 7.026504 15.121805 12.467169
v 7.747374 14.281497 12.854473
v 6.921163 15.000810 12.854473
v 6.869557 14.941534 12.047311
v 7.695767 14.222221 12.047311
v 6.869557 14.941534 12.887027
v 7.695767 14.222221 12.887027
v 6.960682 15.046202 12.467169
v 7.786893 14.326889 12.467169
v 7.747374 14.281497 11.219156
v 6.921163 15.000810 11.219156
v 7.852715 14.402493 11.606461
v 7.026504 15.121805 11.606461
v 7.747374 14.281497 11.993764
v 6.921163 15.000810 11.993764
v 6.869557 14.941534 11.186603
v 7.695767 14.222221 11.186603
v 6.869557 14.941534 12.026318
v 7.695767 14.222221 12.026318
v 6.960682 15.046202 11.606461
v 7.786893 14.326889 11.606461
v 7.747374 14.281497 10.358448
v 6.921163 15.000810 10.358448
v 7.852715 14.402493 10.745751
v 7.026504 15.121805 10.745751
v 7.747374 14.281497 11.133056
v 6.921163 15.000810 11.133056
v 6.869557 14.941534 10.325893
v 7.695767 14.222221 10.325893
v 6.869557 14.941534 11.165609
v 7.695767 14.222221 11.165609
v 6.960682 15.046202 10.745751
v 7.786893 14.326889 10.745751
v 7.747374 14.281497 9.497739
v 6.921163 15.000810 9.497739
v 7.852715 14.402493 9.885043
v 7.026504 15.121805 9.885043
v 7.747374 14.281497 10.272346
v 6.921163 15.000810 10.272346
v 6.869557 14.941534 9.465185
v 7.695767 14.222221 9.465185
v 6.869557 14.941534 10.304901
v 7.695767 14.222221 10.304901
v 6.960682 15.046202 9.885043
v 7.786893 14.326889 9.885043
v 7.747374 14.281497 8.637031
v 6.921163 15.000810 8.637031
v 7.852715 14.402493 9.024334
v 7.026504 15.121805 9.024334
v 7.747374 14.281497 9.411638
v 6.921163 15.000810 9.411638
v 6.869557 14.941534 8.604477
v 7.695767 14.222221 8.604477
v 6.869557 14.941534 9.444192
v 7.695767 14.222221 9.444192
v 6.960682 15.046202 9.024334
v 7.786893 14.326889 9.024334
v 7.747374 14.281497 7.776321
v 6.921163 15.000810 7.776321
v 7.852715 14.402493 8.163626
v 7.026504 15.121805 8.163626
v 7.747374 14.281497 8.550929
v 6.921163 15.000810 8.550929
v 6.869557 14.941534 7.743767
v 7.695767 14.222221 7.743767
v 6.869557 14.941534 8.583484
v 7.695767 14.222221 8.583484
v 6.960682 15.046202 8.163626
v 7.786893 14.326889 8.163626
v 7.747374 14.281497 6.915613
v 6.921163 15.000810 6.915613
v 7.852715 14.402493 7.302917
v 7.026504 15.121805 7.302917
v 7.747374 14.281497 7.690220
v 6.921163 15.000810 7.690220
v 6.869557 14.941534 6.883059
v 7.695767 14.222221 6.883059
v 6.869557 14.941534 7.722775
v 7.695767 14.222221 7.722775
v 6.960682 15.046202 7.302917
v 7.786893 14.326889 7.302917
v 7.747374 14.281497 6.054904
v 6.921163 15.000810 6.054904
v 7.852715 14.402493 6.442208
v 7.026504 15.121805 6.442208
v 7.747374 14.281497 6.829512
v 6.921163 15.000810 6.829512
v 6.869557 14.941534 6.022350
v 7.695767 14.222221 6.022350
v 6.869557 14.941534 6.862066
v 7.695767 14.222221 6.862066
v 6.960682 15.046202 6.442208
v 7.786893 14.326889 6.442208
v 7.747374 14.281497 5.194195
v 6.921163 15.000810 5.194195
v 7.852715 14.402493 5.581499
v 7.026504 15.121805 5.581499
v 7.747374 14.281497 5.968803
v 6.921163 15.000810 5.968803
v 6.869557 14.941534 5.161641
v 7.695767 14.222221 5.161641
v 6.869557 14.941534 6.001358
v 7.695767 14.222221 6.001358
v 6.960682 15.046202 5.581499
v 7.786893 14.326889 5.581499
v 7.747374 14.281497 4.333487
v 6.921163 15.000810 4.333487
v 7.852715 14.402493 4.720790
v 7.026504 15.121805 4.720790
v 7.747374 14.281497 5.108094
v 6.921163 15.000810 5.108094
v 6.869557 14.941534 4.300932
v 7.695767 14.222221 4.300932
v 6.869557 14.941534 5.140648
v 7.695767 14.222221 5.140648
v 6.960682 15.046202 4.720790
v 7.786893 14.326889 4.720790
v 7.747374 14.281497 3.472777
v 6.921163 15.000810 3.472777
v 7.852715 14.402493 3.860082
v 7.026504 15.121805 3.860082
v 7.747374 14.281497 4.247385
v 6.921163 15.000810 4.247385
v 6.869557 14.941534 3.440224
v 7.695767 14.222221 3.440224
v 6.869557 14.941534 4.279940
v 7.695767 14.222221 4.279940
v 6.960682 15.046202 3.860082
v 7.786893 14.326889 3.860082
v 7.747374 14.281497 2.612069
v 6.921163 15.000810 2.612069
v 7.852715 14.402493 2.999373
v 7.026504 15.121805 2.999373
v 7.747374 14.281497 3.386678
v 6.921163 15.000810 3.386678
v 6.869557 14.941534 2.579515
v 7.695767 14.222221 2.579515
v 6.869557 14.941534 3.419231
v 7.695767 14.222221 3.419231
v 6.960682 15.046202 2.999373
v 7.786893 14.326889 2.999373
v 7.747374 14.281497 1.751360
v 6.921163 15.000810 1.751360
v 7.852715 14.402493 2.138664
v 7.026504 15.121805 2.138664
v 7.747374 14.281497 2.525969
v 6.921163 15.000810 2.525969
v 6.869557 14.941534 1.718807
v 7.695767 14.222221 1.718807
v 6.869557 14.941534 2.558522
v 7.695767 14.222221 2.558522
v 6.960682 15.046202 2.138664
v 7.786893 14.326889 2.138664
v 7.747374 14.281497 0.890652
v 6.921163 15.000810 0.890652
v 7.852715 14.402493 1.277956
v 7.026504 15.121805 1.277956
v 7.747374 14.281497 1.665260
v 6.921163 15.000810 1.665260
v 6.869557 14.941534 0.858098
v 7.695767 14.222221 0.858098
v 6.869557 14.941534 1.697813
v 7.695767 14.222221 1.697813
v 6.960682 15.046202 1.277956
v 7.786893 14.326889 1.277956
v 7.747374 14.281497 0.029943
v 6.921163 15.000810 0.029943
v 7.852715 14.402493 0.417247
v 7.026504 15.121805 0.417247
v 7.747374 14.281497 0.804551
v 6.921163 15.000810 0.804551
v 6.869557 14.941534 -0.002610
v 7.695767 14.222221 -0.002610
v 6.869557 14.941534 0.837105
v 7.695767 14.222221 0.837105
v 6.960682 15.046202 0.417247
v 7.786893 14.326889 0.417247
v 7.747374 14.281497 -0.830766
v 6.921163 15.000810 -0.830766
v 7.852715 14.402493 -0.443461
v 7.026504 15.121805 -0.443461
v 7.747374 14.281497 -0.056157
v 6.921163 15.000810 -0.056157
v 6.869557 14.941534 -0.863319
v 7.695767 14.222221 -0.863319
v 6.869557 14.941534 -0.023604
v 7.695767 14.222221 -0.023604
v 6.960682 15.046202 -0.443461
v 7.786893 14.326889 -0.443461
v 7.747374 14.281497 -1.691475
v 6.921163 15.000810 -1.691475
v 7.852715 14.402493 -1.304171
v 7.026504 15.121805 -1.304171
v 7.747374 14.281497 -0.916866
v 6.921163 15.000810 -0.916866
v 6.869557 14.941534 -1.724028
v 7.695767 14.222221 -1.724028
v 6.869557 14.941534 -0.884313
v 7.695767 14.222221 -0.884313
v 6.960682 15.046202 -1.304171
v 7.786893 14.326889 -1.304171
v 7.747374 14.281497 -2.552183
v 6.921163 15.000810 -2.552183
v 7.852715 14.402493 -2.164879
v 7.026504 15.121805 -2.164879
v 7.747374 14.281497 -1.777575
v 6.921163 15.000810 -1.777575
v 6.869557 14.941534 -2.584737
v 7.695767 14.222221 -2.584737
v 6.869557 14.941534 -1.745022
v 7.695767 14.222221 -1.745022
v 6.960682 15.046202 -2.164879
v 7.786893 14.326889 -2.164879
v 7.747374 14.281497 -3.412892
v 6.921163 15.000810 -3.412892
v 7.852715 14.402493 -3.025588
v 7.026504 15.121805 -3.025588
v 7.747374 14.281497 -2.638284
v 6.921163 15.000810 -2.638284
v 6.869557 14.941534 -3.445446
v 7.695767 14.222221 -3.445446
v 6.869557 14.941534 -2.605730
v 7.695767 14.222221 -2.605730
v 6.960682 15.046202 -3.025588
v 7.786893 14.326889 -3.025588
v 7.747374 14.281497 -4.273602
v 6.921163 15.000810 -4.273602
v 7.852715 14.402493 -3.886297
v 7.026504 15.121805 -3.886297
v 7.747374 14.281497 -3.498992
v 6.921163 15.000810 -3.498992
v 6.869557 14.941534 -4.306154
v 7.695767 14.222221 -4.306154
v 6.869557 14.941534 -3.466439
v 7.695767 14.222221 -3.466439
v 6.960682 15.046202 -3.886297
v 7.786893 14.326889 -3.886297
v 7.747374 14.281497 -5.134310
v 6.921163 15.000810 -5.134310
v 7.852715 14.402493 -4.747005
v 7.026504 15.121805 -4.747005
v 7.747374 14.281497 -4.359701
v 6.921163 15.000810 -4.359701
v 6.869557 14.941534 -5.166864
v 7.695767 14.222221 -5.166864
v 6.869557 14.941534 -4.327148
v 7.695767 14.222221 -4.327148
v 6.960682 15.046202 -4.747005
v 7.786893 14.326889 -4.747005
v 7.747374 14.281497 -5.995018
v 6.921163 15.000810 -5.995018
v 7.852715 14.402493 -5.607714
v 7.026504 15.121805 -5.607714
v 7.747374 14.281497 -5.220409
v 6.921163 15.000810 -5.220409
v 6.869557 14.941534 -6.027573
v 7.695767 14.222221 -6.027573
v 6.869557 14.941534 -5.187857
v 7.695767 14.222221 -5.187857
v 6.960682 15.046202 -5.607714
v 7.786893 14.326889 -5.607714
v 7.747374 14.281497 -6.855726
v 6.921163 15.000810 -6.855726
v 7.852715 14.402493 -6.468422
v 7.026504 15.121805 -6.468422
v 7.747374 14.281497 -6.081118
v 6.921163 15.000810 -6.081118
v 6.869557 14.941534 -6.888279
v 7.695767 14.222221 -6.888279
v 6.869557 14.941534 -6.048565
v 7.695767 14.222221 -6.048565
v 6.960682 15.046202 -6.468422
v 7.786893 14.326889 -6.468422
v 7.747374 14.281497 -7.716434
v 6.921163 15.000810 -7.716434
v 7.852715 14.402493 -7.329130
v 7.026504 15.121805 -7.329130
v 7.747374 14.281497 -6.941826
v 6.921163 15.000810 -6.941826
v 6.869557 14.941534 -7.748987
v 7.695767 14.222221 -7.748987
v 6.869557 14.941534 -6.909271
v 7.695767 14.222221 -6.909271
v 6.960682 15.046202 -7.329130
v 7.786893 14.326889 -7.329130
v 7.747374 14.281497 -8.577143
v 6.921163 15.000810 -8.577143
v 7.852715 14.402493 -8.189838
v 7.026504 15.121805 -8.189838
v 7.747374 14.281497 -7.802532
v 6.921163 15.000810 -7.802532
v 6.869557 14.941534 -8.609695
v 7.695767 14.222221 -8.609695
v 6.869557 14.941534 -7.769979
v 7.695767 14.222221 -7.769979
v 6.960682 15.046202 -8.189838
v 7.786893 14.326889 -8.189838
v 7.747374 14.281497 -9.437849
v 6.921163 15.000810 -9.437849
v 7.852715 14.402493 -9.050545
v 7.026504 15.121805 -9.050545
v 7.747374 14.281497 -8.663240
v 6.921163 15.000810 -8.663240
v 6.869557 14.941534 -9.470404
v 7.695767 14.222221 -9.470404
v 6.869557 14.941534 -8.630688
v 7.695767 14.222221 -8.630688
v 6.960682 15.046202 -9.050545
v 7.786893 14.326889 -9.050545
v 7.747374 14.281497 -10.298557
v 6.921163 15.000810 -10.298557
v 7.852715 14.402493 -9.911253
v 7.026504 15.121805 -9.911253
v 7.747374 14.281497 -9.523949
v 6.921163 15.000810 -9.523949
v 6.869557 14.941534 -10.331110
v 7.695767 14.222221 -10.331110
v 6.869557 14.941534 -9.491396
v 7.695767 14.222221 -9.491396
v 6.960682 15.046202 -9.911253
v 7.786893 14.326889 -9.911253
v 7.747374 14.281497 -11.159266
v 6.921163 15.000810 -11.159266
v 7.852715 14.402493 -10.771961
v 7.026504 15.121805 -10.771961
v 7.747374 14.281497 -10.384657
v 6.921163 15.000810 -10.384657
v 6.869557 14.941534 -11.191818
v 7.695767 14.222221 -11.191818
v 6.869557 14.941534 -10.352102
v 7.695767 14.222221 -10.352102
v 6.960682 15.046202 -10.771961
v 7.786893 14.326889 -10.771961
v 7.747374 14.281497 -12.019972
v 6.921163 15.000810 -12.019972
v 7.852715 14.402493 -11.632668
v 7.026504 15.121805 -11.632668
v 7.747374 14.281497 -11.245363
v 6.921163 15.000810 -11.245363
v 6.869557 14.941534 -12.052526
v 7.695767 14.222221 -12.052526
v 6.869557 14.941534 -11.212811
v 7.695767 14.222221 -11.212811
v 6.960682 15.046202 -11.632668
v 7.786893 14.326889 -11.632668
v 7.747374 14.281497 -12.880680
v 6.921163 15.000810 -12.880680
v 7.852715 14.402493 -12.493376
v 7.026504 15.121805 -12.493376
v 7.747374 14.281497 -12.106071
v 6.921163 15.000810 -12.106071
v 6.869557 14.941534 -12.913233
v 7.695767 14.222221 -12.913233
v 6.869557 14.941534 -12.073519
v 7.695767 14.222221 -12.073519
v 6.960682 15.046202 -12.493376
v 7.786893 14.326889 -12.493376
v 6.968247 15.054891 12.079865
v 6.142036 15.774204 12.079865
v 7.073588 15.175886 12.467169
v 6.247377 15.895199 12.467169
v 6.968247 15.054891 12.854473
v 6.142036 15.774204 12.854473
v 6.090431 15.714929 12.047311
v 6.916641 14.995615 12.047311
v 6.090431 15.714929 12.887027
v 6.916641 14.995615 12.887027
v 6.181556 15.819595 12.467169
v 7.007766 15.100283 12.467169
v 6.968247 15.054891 11.219156
v 6.142036 15.774204 11.219156
v 7.073588 15.175886 11.606461
v 6.247377 15.895199 11.606461
v 6.968247 15.054891 11.993764
v 6.142036 15.774204 11.993764
v 6.090431 15.714929 11.186603
v 6.916641 14.995615 11.186603
v 6.090431 15.714929 12.026318
v 6.916641 14.995615 12.026318
v 6.181556 15.819595 11.606461
v 7.007766 15.100283 11.606461
v 6.968247 15.054891 10.358448
v 6.142036 15.774204 10.358448
v 7.073588 15.175886 10.745751
v 6.247377 15.895199 10.745751
v 6.968247 15.054891 11.133056
v 6.142036 15.774204 11.133056
v 6.090431 15.714929 10.325893
v 6.916641 14.995615 10.325893
v 6.090431 15.714929 11.165609
v 6.916641 14.995615 11.165609
v 6.181556 15.819595 10.745751
v 7.007766 15.100283 10.745751
v 6.968247 15.054891 9.497739
v 6.142036 15.774204 9.497739
v 7.073588 15.175886 9.885043
v 6.247377 15.895199 9.885043
v 6.968247 15.054891 10.272346
v 6.142036 15.774204 10.272346
v 6.090431 15.714929 9.465185
v 6.916641 14.995615 9.465185
v 6.090431 15.714929 10.304901
v 6.916641 14.995615 10.304901
v 6.181556 15.819595 9.885043
v 7.007766 15.100283 9.885043
v 6.968247 15.054891 8.637031
v 6.142036 15.774204 8.637031
v 7.073588 15.175886 9.024334
v 6.247377 15.895199 9.024334
v 6.968247 15.054891 9.411638
v 6.142036 15.774204 9.411638
v 6.090431 15.714929 8.604477
v 6.916641 14.995615 8.604477
v 6.090431 15.714929 9.444192
v 6.916641 14.995615 9.444192
v 6.181556 15.819595 9.024334
v 7.007766 15.100283 9.024334
v 6.968247 15.054891 7.776321
v 6.142036 15.774204 7.776321
v 7.073588 15.175886 8.163626
v 6.247377 15.895199 8.163626
v 6.968247 15.054891 8.550929
v 6.142036 15.774204 8.550929
v 6.090431 15.714929 7.743767
v 6.916641 14.995615 7.743767
v 6.090431 15.714929 8.583484
v 6.916641 14.995615 8.583484
v 6.181556 15.819595 8.163626
v 7.007766 15.100283 8.163626
v 6.968247 15.054891 6.915613
v 6.142036 15.774204 6.915613
v 7.073588 15.175886 7.302917
v 6.247377 15.895199 7.302917
v 6.968247 15.054891 7.690220
v 6.142036 15.774204 7.690220
v 6.090431 15.714929 6.883059
v 6.916641 14.995615 6.883059
v 6.090431 15.714929 7.722775
v 6.916641 14.995615 7.722775
v 6.181556 15.819595 7.302917
v 7.007766 15.100283 7.302917
v 6.968247 15.054891 6.054904
v 6.142036 15.774204 6.054904
v 7.073588 15.175886 6.442208
v 6.247377 15.895199 6.442208
v 6.968247 15.054891 6.829512
v 6.142036 15.774204 6.829512
v 6.090431 15.714929 6.022350
v 6.916641 14.995615 6.022350
v 6.090431 15.714929 6.862066
v 6.916641 14.995615 6.862066
v 6.181556 15.819595 6.442208
v 7.007766 15.100283 6.442208
v 6.968247 15.054891 5.194195
v 6.142036 15.774204 5.194195
v 7.073588 15.175886 5.581499
v 6.247377 15.895199 5.581499
v 6.968247 15.054891 5.968803
v 6.142036 15.774204 5.968803
v 6.090431 15.714929 5.161641
v 6.916641 14.995615 5.161641
v 6.090431 15.714929 6.001358
v 6.916641 14.995615 6.001358
v 6.181556 15.819595 5.581499
v 7.007766 15.100283 5.581499
v 6.968247 15.054891 4.333487
v 6.142036 15.774204 4.333487
v 7.073588 15.175886 4.720790
v 6.247377 15.895199 4.720790
v 6.968247 15.054891 5.108094
v 6.142036 15.774204 5.108094
v 6.090431 15.714929 4.300932
v 6.916641 14.995615 4.300932
v 6.090431 15.714929 5.140648
v 6.916641 14.995615 5.140648
v 6.181556 15.819595 4.720790
v 7.007766 15.100283 4.720790
v 6.968247 15.054891 3.472777
v 6.142036 15.774204 3.472777
v 7.073588 15.175886 3.860082
v 6.247377 15.895199 3.860082
v 6.968247 15.054891 4.247385
v 6.142036 15.774204 4.247385
v 6.090431 15.714929 3.440224
v 6.916641 14.995615 3.440224
v 6.090431 15.714929 4.279940
v 6.916641 14.995615 4.279940
v 6.181556 15.819595 3.860082
v 7.007766 15.100283 3.860082
v 6.968247 15.054891 2.612069
v 6.142036 15.774204 2.612069
v 7.073588 15.175886 2.999373
v 6.247377 15.895199 2.999373
v 6.968247 15.054891 3.386678
v 6.142036 15.774204 3.386678
v 6.090431 15.714929 2.579515
v 6.916641 14.995615 2.579515
v 6.090431 15.714929 3.419231
v 6.916641 14.995615 3.419231
v 6.181556 15.819595 2.999373
v 7.007766 15.100283 2.999373
v 6.968247 15.054891 1.751360
v 6.142036 15.774204 1.751360
v 7.073588 15.175886 2.138664
v 6.247377 15.895199 2.138664
v 6.968247 15.054891 2.525969
v 6.142036 15.774204 2.525969
v 6.090431 15.714929 1.718807
v 6.916641 14.995615 1.718807
v 6.090431 15.714929 2.558522
v 6.916641 14.995615 2.558522
v 6.181556 15.819595 2.138664
v 7.007766 15.100283 2.138664
v 6.968247 15.054891 0.890652
v 6.142036 15.774204 0.890652
v 7.073588 15.175886 1.277956
v 6.247377 15.895199 1.277956
v 6.968247 15.054891 1.665260
v 6.142036 15.774204 1.665260
v 6.090431 15.714929 0.858098
v 6.916641 14.995615 0.858098
v 6.090431 15.714929 1.697813
v 6.916641 14.995615 1.697813
v 6.181556 15.819595 1.277956
v 7.007766 15.100283 1.277956
v 6.968247 15.054891 0.029943
v 6.142036 15.774204 0.029943
v 7.073588 15.175886 0.417247
v 6.247377 15.895199 0.417247
v 6.968247 15.054891 0.804551
v 6.142036 15.774204 0.804551
v 6.090431 15.714929 -0.002610
v 6.916641 14.995615 -0.002610
v 6.090431 15.714929 0.837105
v 6.916641 14.995615 0.837105
v 6.181556 15.819595 0.417247
v 7.007766 15.100283 0.417247
v 6.968247 15.054891 -0.830766
v 6.142036 15.774204 -0.830766
v 7.073588 15.175886 -0.443461
v 6.247377 15.895199 -0.443461
v 6.968247 15.054891 -0.056157
v 6.142036 15.774204 -0.056157
v 6.090431 15.714929 -0.863319
v 6.916641 14.995615 -0.863319
v 6.090431 15.714929 -0.023604
v 6.916641 14.995615 -0.023604
v 6.181556 15.819595 -0.443461
v 7.007766 15.100283 -0.443461
v 6.968247 15.054891 -1.691475
v 6.142036 15.774204 -1.691475
v 7.073588 15.175886 -1.304171
v 6.247377 15.895199 -1.304171
v 6.968247 15.054891 -0.916866
v 6.142036 15.774204 -0.916866
v 6.090431 15.714929 -1.724028
v 6.916641 14.995615 -1.724028
v 6.090431 15.714929 -0.884313
v 6.916641 14.995615 -0.884313
v 6.181556 15.819595 -1.304171
v 7.007766 15.100283 -1.304171
v 6.968247 15.054891 -2.552183
v 6.142036 15.774204 -2.552183
v 7.073588 15.175886 -2.164879
v 6.247377 15.895199 -2.164879
v 6.968247 15.054891 -1.777575
v 6.142036 15.774204 -1.777575
v 6.090431 15.714929 -2.584737
v 6.916641 14.995615 -2.584737
v 6.090431 15.714929 -1.745022
v 6.916641 14.995615 -1.745022
v 6.181556 15.819595 -2.164879
v 7.007766 15.100283 -2.164879
v 6.968247 15.054891 -3.412892
v 6.142036 15.774204 -3.412892
v 7.073588 15.175886 -3.025588
v 6.247377 15.895199 -3.025588
v 6.968247 15.054891 -2.638284
v 6.142036 15.774204 -2.638284
v 6.090431 15.714929 -3.445446
v 6.916641 14.995615 -3.445446
v 6.090431 15.714929 -2.605730
v 6.916641 14.995615 -2.605730
v 6.181556 15.819595 -3.025588
v 7.007766 15.100283 -3.025588
v 6.968247 15.054891 -4.273602
v 6.142036 15.774204 -4.273602
v 7.073588 15.175886 -3.886297
v 6.247377 15.895199 -3.886297
v 6.968247 15.054891 -3.498992
v 6.142036 15.774204 -3.498992
v 6.090431 15.714929 -4.306154
v 6.916641 14.995615 -4.306154
v 6.090431 15.714929 -3.466439
v 6.916641 14.995615 -3.466439
v 6.181556 15.819595 -3.886297
v 7.007766 15.100283 -3.886297
v 6.968247 15.054891 -5.134310
v 6.142036 15.774204 -5.134310
v 7.073588 15.175886 -4.747005
v 6.247377 15.895199 -4.747005
v 6.968247 15.054891 -4.359701
v 6.142036 15.774204 -4.359701
v 6.090431 15.714929 -5.166864
v 6.916641 14.995615 -5.166864
v 6.090431 15.714929 -4.327148
v 6.916641 14.995615 -4.327148
v 6.181556 15.819595 -4.747005
v 7.007766 15.100283 -4.747005
v 6.968247 15.054891 -5.995018
v 6.142036 15.774204 -5.995018
v 7.073588 15.175886 -5.607714
v 6.247377 15.895199 -5.607714
v 6.968247 15.054891 -5.220409
v 6.142036 15.774204 -5.220409
v 6.090431 15.714929 -6.027573
v 6.916641 14.995615 -6.027573
v 6.090431 15.714929 -5.187857
v 6.916641 14.995615 -5.187857
v 6.181556 15.819595 -5.607714
v 7.007766 15.100283 -5.607714
v 6.968247 15.054891 -6.855726
v 6.142036 15.774204 -6.855726
v 7.073588 15.175886 -6.468422
v 6.247377 15.895199 -6.468422
v 6.968247 15.054891 -6.081118
v 6.142036 15.774204 -6.081118
v 6.090431 15.714929 -6.888279
v 6.916641 14.995615 -6.888279
v 6.090431 15.714929 -6.048565
v 6.916641 14.995615 -6.048565
v 6.181556 15.819595 -6.468422
v 7.007766 15.100283 -6.468422
v 6.968247 15.054891 -7.716434
v 6.142036 15.774204 -7.716434
v 7.073588 15.175886 -7.329130
v 6.247377 15.895199 -7.329130
v 6.968247 15.054891 -6.941826
v 6.142036 15.774204 -6.941826
v 6.090431 15.714929 -7.748987
v 6.916641 14.995615 -7.748987
v 6.090431 15.714929 -6.909271
v 6.916641 14.995615 -6.909271
v 6.181556 15.819595 -7.329130
v 7.007766 15.100283 -7.329130
v 6.968247 15.054891 -8.577143
v 6.142036 15.774204 -8.577143
v 7.073588 15.175886 -8.189838
v 6.247377 15.895199 -8.189838
v 6.968247 15.054891 -7.802532
v 6.142036 15.774204 -7.802532
v 6.090431 15.714929 -8.609695
v 6.916641 14.995615 -8.609695
v 6.090431 15.714929 -7.769979
v 6.916641 14.995615 -7.769979
v 6.181556 15.819595 -8.189838
v 7.007766 15.100283 -8.189838
v 6.968247 15.054891 -9.437849
v 6.142036 15.774204 -9.437849
v 7.073588 15.175886 -9.050545
v 6.247377 15.895199 -9.050545
v 6.968247 15.054891 -8.663240
v 6.142036 15.774204 -8.663240
v 6.090431 15.714929 -9.470404
v 6.916641 14.995615 -9.470404
v 6.090431 15.714929 -8.630688
v 6.916641 14.995615 -8.630688
v 6.181556 15.819595 -9.050545
v 7.007766 15.100283 -9.050545
v 6.968247 15.054891 -10.298557
v 6.142036 15.774204 -10.298557
v 7.073588 15.175886 -9.911253
v 6.247377 15.895199 -9.911253
v 6.968247 15.054891 -9.523949
v 6.142036 15.774204 -9.523949
v 6.090431 15.714929 -10.331110
v 6.916641 14.995615 -10.331110
v 6.090431 15.714929 -9.491396
v 6.916641 14.995615 -9.491396
v 6.181556 15.819595 -9.911253
v 7.007766 15.100283 -9.911253
v 6.968247 15.054891 -11.159266
v 6.142036 15.774204 -11.159266
v 7.073588 15.175886 -10.771961
v 6.247377 15.895199 -10.771961
v 6.968247 15.054891 -10.384657
v 6.142036 15.774204 -10.384657
v 6.090431 15.714929 -11.191818
v 6.916641 14.995615 -11.191818
v 6.090431 15.714929 -10.352102
v 6.916641 14.995615 -10.352102
v 6.181556 15.819595 -10.771961
v 7.007766 15.100283 -10.771961
v 6.968247 15.054891 -12.019972
v 6.142036 15.774204 -12.019972
v 7.073588 15.175886 -11.632668
v 6.247377 15.895199 -11.632668
v 6.968247 15.054891 -11.245363
v 6.142036 15.774204 -11.245363
v 6.090431 15.714929 -12.052526
v 6.916641 14.995615 -12.052526
v 6.090431 15.714929 -11.212811
v 6.916641 14.995615 -11.212811
v 6.181556 15.819595 -11.632668
v 7.007766 15.100283 -11.632668
v 6.968247 15.054891 -12.880680
v 6.142036 15.774204 -12.880680
v 7.073588 15.175886 -12.493376
v 6.247377 15.895199 -12.493376
v 6.968247 15.054891 -12.106071
v 6.142036 15.774204 -12.106071
v 6.090431 15.714929 -12.913233
v 6.916641 14.995615 -12.913233
v 6.090431 15.714929 -12.073519
v 6.916641 14.995615 -12.073519
v 6.181556 15.819595 -12.493376
v 7.007766 15.100283 -12.493376
v 6.189121 15.828285 12.079865
v 5.362910 16.547598 12.079865
v 6.294461 15.949281 12.467169
v 5.468251 16.668594 12.467169
v 6.189121 15.828285 12.854473
v 5.362910 16.547598 12.854473
v 5.311304 16.488323 12.047311
v 6.137515 15.769010 12.047311
v 5.311304 16.488323 12.887027
v 6.137515 15.769010 12.887027
v 5.402429 16.592991 12.467169
v 6.228640 15.873676 12.467169
v 6.189121 15.828285 11.219156
v 5.362910 16.547598 11.219156
v 6.294461 15.949281 11.606461
v 5.468251 16.668594 11.606461
v 6.189121 15.828285 11.993764
v 5.362910 16.547598 11.993764
v 5.311304 16.488323 11.186603
v 6.137515 15.769010 11.186603
v 5.311304 16.488323 12.026318
v 6.137515 15.769010 12.026318
v 5.402429 16.592991 11.606461
v 6.228640 15.873676 11.606461
v 6.189121 15.828285 10.358448
v 5.362910 16.547598 10.358448
v 6.294461 15.949281 10.745751
v 5.468251 16.668594 10.745751
v 6.189121 15.828285 11.133056
v 5.362910 16.547598 11.133056
v 5.311304 16.488323 10.325893
v 6.137515 15.769010 10.325893
v 5.311304 16.488323 11.165609
v 6.137515 15.769010 11.165609
v 5.402429 16.592991 10.745751
v 6.228640 15.873676 10.745751
v 6.189121 15.828285 9.497739
v 5.362910 16.547598 9.497739
v 6.294461 15.949281 9.885043
v 5.468251 16.668594 9.885043
v 6.189121 15.828285 10.272346
v 5.362910 16.547598 10.272346
v 5.311304 16.488323 9.465185
v 6.137515 15.769010 9.465185
v 5.311304 16.488323 10.304901
v 6.137515 15.769010 10.304901
v 5.402429 16.592991 9.885043
v 6.228640 15.873676 9.885043
v 6.189121 15.828285 8.637031
v 5.362910 16.547598 8.637031
v 6.294461 15.949281 9.024334
v 5.468251 16.668594 9.024334
v 6.189121 15.828285 9.411638
v 5.362910 16.547598 9.411638
v 5.311304 16.488323 8.604477
v 6.137515 15.769010 8.604477
v 5.311304 16.488323 9.444192
v 6.137515 15.769010 9.444192
v 5.402429 16.592991 9.024334
v 6.228640 15.873676 9.024334
v 6.189121 15.828285 7.776321
v 5.362910 16.547598 7.776321
v 6.294461 15.949281 8.163626
v 5.468251 16.668594 8.163626
v 6.189121 15.828285 8.550929
v 5.362910 16.547598 8.550929
v 5.311304 16.488323 7.743767
v 6.137515 15.769010 7.743767
v 5.311304 16.488323 8.583484
v 6.137515 15.769010 8.583484
v 5.402429 16.592991 8.163626
v 6.228640 15.873676 8.163626
v 6.189121 15.828285 6.915613
v 5.362910 16.547598 6.915613
v 6.294461 15.949281 7.302917
v 5.468251 16.668594 7.302917
v 6.189121 15.828285 7.690220
v 5.362910 16.547598 7.690220
v 5.311304 16.488323 6.883059
v 6.137515 15.769010 6.883059
v 5.311304 16.488323 7.722775
v 6.137515 15.769010 7.722775
v 5.402429 16.592991 7.302917
v 6.228640 15.873676 7.302917
v 6.189121 15.828285 6.054904
v 5.362910 16.547598 6.054904
v 6.294461 15.949281 6.442208
v 5.468251 16.668594 6.442208
v 6.189121 15.828285 6.829512
v 5.362910 16.547598 6.829512
v 5.311304 16.488323 6.022350
v 6.137515 15.769010 6.022350
v 5.311304 16.488323 6.862066
v 6.137515 15.769010 6.862066
v 5.402429 16.592991 6.442208
v 6.228640 15.873676 6.442208
v 6.189121 15.828285 5.194195
v 5.362910 16.547598 5.194195
v 6.294461 15.949281 5.581499
v 5.468251 16.668594 5.581499
v 6.189121 15.828285 5.968803
v 5.362910 16.547598 5.968803
v 5.311304 16.488323 5.161641
v 6.137515 15.769010 5.161641
v 5.311304 16.488323 6.001358
v 6.137515 15.769010 6.001358
v 5.402429 16.592991 5.581499
v 6.228640 15.873676 5.581499
v 6.189121 15.828285 4.333487
v 5.362910 16.547598 4.333487
v 6.294461 15.949281 4.720790
v 5.468251 16.668594 4.720790
v 6.189121 15.828285 5.108094
v 5.362910 16.547598 5.108094
v 5.311304 16.488323 4.300932
v 6.137515 15.769010 4.300932
v 5.311304 16.488323 5.140648
v 6.137515 15.769010 5.140648
v 5.402429 16.592991 4.720790
v 6.228640 15.873676 4.720790
v 6.189121 15.828285 3.472777
v 5.362910 16.547598 3.472777
v 6.294461 15.949281 3.860082
v 5.468251 16.668594 3.860082
v 6.189121 15.828285 4.247385
v 5.362910 16.547598 4.247385
v 5.311304 16.488323 3.440224
v 6.137515 15.769010 3.440224
v 5.311304 16.488323 4.279940
v 6.137515 15.769010 4.279940
v 5.402429 16.592991 3.860082
v 6.228640 15.873676 3.860082
v 6.189121 15.828285 2.612069
v 5.362910 16.547598 2.612069
v 6.294461 15.949281 2.999373
v 5.468251 16.668594 2.999373
v 6.189121 15.828285 3.386678
v 5.362910 16.547598 3.386678
v 5.311304 16.488323 2.579515
v 6.137515 15.769010 2.579515
v 5.311304 16.488323 3.419231
v 6.137515 15.769010 3.419231
v 5.402429 16.592991 2.999373
v 6.228640 15.873676 2.999373
v 6.189121 15.828285 1.751360
v 5.362910 16.547598 1.751360
v 6.294461 15.949281 2.138664
v 5.468251 16.668594 2.138664
v 6.189121 15.828285 2.525969
v 5.362910 16.547598 2.525969
v 5.311304 16.488323 1.718807
v 6.137515 15.769010 1.718807
v 5.311304 16.488323 2.558522
v 6.137515 15.769010 2.558522
v 5.402429 16.592991 2.138664
v 6.228640 15.873676 2.138664
v 6.189121 15.828285 0.890652
v 5.362910 16.547598 0.890652
v 6.294461 15.949281 1.277956
v 5.468251 16.668594 1.277956
v 6.189121 15.828285 1.665260
v 5.362910 16.547598 1.665260
v 5.311304 16.488323 0.858098
v 6.137515 15.769010 0.858098
v 5.311304 16.488323 1.697813
v 6.137515 15.769010 1.697813
v 5.402429 16.592991 1.277956
v 6.228640 15.873676 1.277956
v 6.189121 15.828285 0.029943
v 5.362910 16.547598 0.029943
v 6.294461 15.949281 0.417247
v 5.468251 16.668594 0.417247
v 6.189121 15.828285 0.804551
v 5.362910 16.547598 0.804551
v 5.311304 16.488323 -0.002610
v 6.137515 15.769010 -0.002610
v 5.311304 16.488323 0.837105
v 6.137515 15.769010 0.837105
v 5.402429 16.592991 0.417247
v 6.228640 15.873676 0.417247
v 6.189121 15.828285 -0.830766
v 5.362910 16.547598 -0.830766
v 6.294461 15.949281 -0.443461
v 5.468251 16.668594 -0.443461
v 6.189121 15.828285 -0.056157
v 5.362910 16.547598 -0.056157
v 5.311304 16.488323 -0.863319
v 6.137515 15.769010 -0.863319
v 5.311304 16.488323 -0.023604
v 6.137515 15.769010 -0.023604
v 5.402429 16.592991 -0.443461
v 6.228640 15.873676 -0.443461
v 6.189121 15.828285 -1.691475
v 5.362910 16.547598 -1.691475
v 6.294461 15.949281 -1.304171
v 5.468251 16.668594 -1.304171
v 6.189121 15.828285 -0.916866
v 5.362910 16.547598 -0.916866
v 5.311304 16.488323 -1.724028
v 6.137515 15.769010 -1.724028
v 5.311304 16.488323 -0.884313
v 6.137515 15.769010 -0.884313
v 5.402429 16.592991 -1.304171
v 6.228640 15.873676 -1.304171
v 6.189121 15.828285 -2.552183
v 5.362910 16.547598 -2.552183
v 6.294461 15.949281 -2.164879
v 5.468251 16.668594 -2.164879
v 6.189121 15.828285 -1.777575
v 5.362910 16.547598 -1.777575
v 5.311304 16.488323 -2.584737
v 6.137515 15.769010 -2.584737
v 5.311304 16.488323 -1.745022
v 6.137515 15.769010 -1.745022
v 5.402429 16.592991 -2.164879
v 6.228640 15.873676 -2.164879
v 6.189121 15.828285 -3.412892
v 5.362910 16.547598 -3.412892
v 6.294461 15.949281 -3.025588
v 5.468251 16.668594 -3.025588
v 6.189121 15.828285 -2.638284
v 5.362910 16.547598 -2.638284
v 5.311304 16.488323 -3.445446
v 6.137515 15.769010 -3.445446
v 5.311304 16.488323 -2.605730
v 6.137515 15.769010 -2.605730
v 5.402429 16.592991 -3.025588
v 6.228640 15.873676 -3.025588
v 6.189121 15.828285 -4.273602
v 5.362910 16.547598 -4.273602
v 6.294461 15.949281 -3.886297
v 5.468251 16.668594 -3.886297
v 6.189121 15.828285 -3.498992
v 5.362910 16.547598 -3.498992
v 5.311304 16.488323 -4.306154
v 6.137515 15.769010 -4.306154
v 5.311304 16.488323 -3.466439
v 6.137515 15.769010 -3.466439
v 5.402429 16.592991 -3.886297
v 6.228640 15.873676 -3.886297
v 6.189121 15.828285 -5.134310
v 5.362910 16.547598 -5.134310
v 6.294461 15.949281 -4.747005
v 5.468251 16.668594 -4.747005
v 6.189121 15.828285 -4.359701
v 5.362910 16.547598 -4.359701
v 5.311304 16.488323 -5.166864
v 6.137515 15.769010 -5.166864
v 5.311304 16.488323 -4.327148
v 6.137515 15.769010 -4.327148
v 5.402429 16.592991 -4.747005
v 6.228640 15.873676 -4.747005
v 6.189121 15.828285 -5.995018
v 5.362910 16.547598 -5.995018
v 6.294461 15.949281 -5.607714
v 5.468251 16.668594 -5.607714
v 6.189121 15.828285 -5.220409
v 5.362910 16.547598 -5.220409
v 5.311304 16.488323 -6.027573
v 6.137515 15.769010 -6.027573
v 5.311304 16.488323 -5.187857
v 6.137515 15.769010 -5.187857
v 5.402429 16.592991 -5.607714
v 6.228640 15.873676 -5.607714
v 6.189121 15.828285 -6.855726
v 5.362910 16.547598 -6.855726
v 6.294461 15.949281 -6.468422
v 5.468251 16.668594 -6.468422
v 6.189121 15.828285 -6.081118
v 5.362910 16.547598 -6.081118
v 5.311304 16.488323 -6.888279
v 6.137515 15.769010 -6.888279
v 5.311304 16.488323 -6.048565
v 6.137515 15.769010 -6.048565
v 5.402429 16.592991 -6.468422
v 6.228640 15.873676 -6.468422
v 6.189121 15.828285 -7.716434
v 5.362910 16.547598 -7.716434
v 6.294461 15.949281 -7.329130
v 5.468251 16.668594 -7.329130
v 6.189121 15.828285 -6.941826
v 5.362910 16.547598 -6.941826
v 5.311304 16.488323 -7.748987
v 6.137515 15.769010 -7.748987
v 5.311304 16.488323 -6.909271
v 6.137515 15.769010 -6.909271
v 5.402429 16.592991 -7.329130
v 6.228640 15.873676 -7.329130
v 6.189121 15.828285 -8.577143
v 5.362910 16.547598 -8.577143
v 6.294461 15.949281 -8.189838
v 5.468251 16.668594 -8.189838
v 6.189121 15.828285 -7.802532
v 5.362910 16.547598 -7.802532
v 5.311304 16.488323 -8.609695
v 6.137515 15.769010 -8.609695
v 5.311304 16.488323 -7.769979
v 6.137515 15.769010 -7.769979
v 5.402429 16.592991 -8.189838
v 6.228640 15.873676 -8.189838
v 6.189121 15.828285 -9.437849
v 5.362910 16.547598 -9.437849
v 6.294461 15.949281 -9.050545
v 5.468251 16.668594 -9.050545
v 6.189121 15.828285 -8.663240
v 5.362910 16.547598 -8.663240
v 5.311304 16.488323 -9.470404
v 6.137515 15.769010 -9.470404
v 5.311304 16.488323 -8.630688
v 6.137515 15.769010 -8.630688
v 5.402429 16.592991 -9.050545
v 6.228640 15.873676 -9.050545
v 6.189121 15.828285 -10.298557
v 5.362910 16.547598 -10.298557
v 6.294461 15.949281 -9.911253
v 5.468251 16.668594 -9.911253
v 6.189121 15.828285 -9.523949
v 5.362910 16.547598 -9.523949
v 5.311304 16.488323 -10.331110
v 6.137515 15.769010 -10.331110
v 5.311304 16.488323 -9.491396
v 6.137515 15.769010 -9.491396
v 5.402429 16.592991 -9.911253
v 6.228640 15.873676 -9.911253
v 6.189121 15.828285 -11.159266
v 5.362910 16.547598 -11.159266
v 6.294461 15.949281 -10.771961
v 5.468251 16.668594 -10.771961
v 6.189121 15.828285 -10.384657
v 5.362910 16.547598 -10.384657
v 5.311304 16.488323 -11.191818
v 6.137515 15.769010 -11.191818
v 5.311304 16.488323 -10.352102
v 6.137515 15.769010 -10.352102
v 5.402429 16.592991 -10.771961
v 6.228640 15.873676 -10.771961
v 6.189121 15.828285 -12.019972
v 5.362910 16.547598 -12.019972
v 6.294461 15.949281 -11.632668
v 5.468251 16.668594 -11.632668
v 6.189121 15.828285 -11.245363
v 5.362910 16.547598 -11.245363
v 5.311304 16.488323 -12.052526
v 6.137515 15.769010 -12.052526
v 5.311304 16.488323 -11.212811
v 6.137515 15.769010 -11.212811
v 5.402429 16.592991 -11.632668
v 6.228640 15.873676 -11.632668
v 6.189121 15.828285 -12.880680
v 5.362910 16.547598 -12.880680
v 6.294461 15.949281 -12.493376
v 5.468251 16.668594 -12.493376
v 6.189121 15.828285 -12.106071
v 5.362910 16.547598 -12.106071
v 5.311304 16.488323 -12.913233
v 6.137515 15.769010 -12.913233
v 5.311304 16.488323 -12.073519
v 6.137515 15.769010 -12.073519
v 5.402429 16.592991 -12.493376
v 6.228640 15.873676 -12.493376
v 5.409994 16.601679 12.079865
v 4.583784 17.320992 12.079865
v 5.515335 16.722675 12.467169
v 4.689125 17.441988 12.467169
v 5.409994 16.601679 12.854473
v 4.583784 17.320992 12.854473
v 4.532178 17.261717 12.047311
v 5.358388 16.542404 12.047311
v 4.532178 17.261717 12.887027
v 5.358388 16.542404 12.887027
v 4.623303 17.366383 12.467169
v 5.449513 16.647072 12.467169
v 5.409994 16.601679 11.219156
v 4.583784 17.320992 11.219156
v 5.515335 16.722675 11.606461
v 4.689125 17.441988 11.606461
v 5.409994 16.601679 11.993764
v 4.583784 17.320992 11.993764
v 4.532178 17.261717 11.186603
v 5.358388 16.542404 11.186603
v 4.532178 17.261717 12.026318
v 5.358388 16.542404 12.026318
v 4.623303 17.366383 11.606461
v 5.449513 16.647072 11.606461
v 5.409994 16.601679 10.358448
v 4.583784 17.320992 10.358448
v 5.515335 16.722675 10.745751
v 4.689125 17.441988 10.745751
v 5.409994 16.601679 11.133056
v 4.583784 17.320992 11.133056
v 4.532178 17.261717 10.325893
v 5.358388 16.542404 10.325893
v 4.532178 17.261717 11.165609
v 5.358388 16.542404 11.165609
v 4.623303 17.366383 10.745751
v 5.449513 16.647072 10.745751
v 5.409994 16.601679 9.497739
v 4.583784 17.320992 9.497739
v 5.515335 16.722675 9.885043
v 4.689125 17.441988 9.885043
v 5.409994 16.601679 10.272346
v 4.583784 17.320992 10.272346
v 4.532178 17.261717 9.465185
v 5.358388 16.542404 9.465185
v 4.532178 17.261717 10.304901
v 5.358388 16.542404 10.304901
v 4.623303 17.366383 9.885043
v 5.449513 16.647072 9.885043
v 5.409994 16.601679 8.637031
v 4.583784 17.320992 8.637031
v 5.515335 16.722675 9.024334
v 4.689125 17.441988 9.024334
v 5.409994 16.601679 9.411638
v 4.583784 17.320992 9.411638
v 4.532178 17.261717 8.604477
v 5.358388 16.542404 8.604477
v 4.532178 17.261717 9.444192
v 5.358388 16.542404 9.444192
v 4.623303 17.366383 9.024334
v 5.449513 16.647072 9.024334
v 5.409994 16.601679 7.776321
v 4.583784 17.320992 7.776321
v 5.515335 16.722675 8.163626
v 4.689125 17.441988 8.163626
v 5.409994 16.601679 8.550929
v 4.583784 17.320992 8.550929
v 4.532178 17.261717 7.743767
v 5.358388 16.542404 7.743767
v 4.532178 17.261717 8.583484
v 5.358388 16.542404 8.583484
v 4.623303 17.366383 8.163626
v 5.449513 16.647072 8.163626
v 5.409994 16.601679 6.915613
v 4.583784 17.320992 6.915613
v 5.515335 16.722675 7.302917
v 4.689125 17.441988 7.302917
v 5.409994 16.601679 7.690220
v 4.583784 17.320992 7.690220
v 4.532178 17.261717 6.883059
v 5.358388 16.542404 6.883059
v 4.532178 17.261717 7.722775
v 5.358388 16.542404 7.722775
v 4.623303 17.366383 7.302917
v 5.449513 16.647072 7.302917
v 5.409994 16.601679 6.054904
v 4.583784 17.320992 6.054904
v 5.515335 16.722675 6.442208
v 4.689125 17.441988 6.442208
v 5.409994 16.601679 6.829512
v 4.583784 17.320992 6.829512
v 4.532178 17.261717 6.022350
v 5.358388 16.542404 6.022350
v 4.532178 17.261717 6.862066
v 5.358388 16.542404 6.862066
v 4.623303 17.366383 6.442208
v 5.449513 16.647072 6.442208
v 5.409994 16.601679 5.194195
v 4.583784 17.320992 5.194195
v 5.515335 16.722675 5.581499
v 4.689125 17.441988 5.581499
v 5.409994 16.601679 5.968803
v 4.583784 17.320992 5.968803
v 4.532178 17.261717 5.161641
v 5.358388 16.542404 5.161641
v 4.532178 17.261717 6.001358
v 5.358388 16.542404 6.001358
v 4.623303 17.366383 5.581499
v 5.449513 16.647072 5.581499
v 5.409994 16.601679 4.333487
v 4.583784 17.320992 4.333487
v 5.515335 16.722675 4.720790
v 4.689125 17.441988 4.720790
v 5.409994 16.601679 5.108094
v 4.583784 17.320992 5.108094
v 4.532178 17.261717 4.300932
v 5.358388 16.542404 4.300932
v 4.532178 17.261717 5.140648
v 5.358388 16.542404 5.140648
v 4.623303 17.366383 4.720790
v 5.449513 16.647072 4.720790
v 5.409994 16.601679 3.472777
v 4.583784 17.320992 3.472777
v 5.515335 16.722675 3.860082
v 4.689125 17.441988 3.860082
v 5.409994 16.601679 4.247385
v 4.583784 17.320992 4.247385
v 4.532178 17.261717 3.440224
v 5.358388 16.542404 3.440224
v 4.532178 17.261717 4.279940
v 5.358388 16.542404 4.279940
v 4.623303 17.366383 3.860082
v 5.449513 16.647072 3.860082
v 5.409994 16.601679 2.612069
v 4.583784 17.320992 2.612069
v 5.515335 16.722675 2.999373
v 4.689125 17.441988 2.999373
v 5.409994 16.601679 3.386678
v 4.583784 17.320992 3.386678
v 4.532178 17.261717 2.579515
v 5.358388 16.542404 2.579515
v 4.532178 17.261717 3.419231
v 5.358388 16.542404 3.419231
v 4.623303 17.366383 2.999373
v 5.449513 16.647072 2.999373
v 5.409994 16.601679 1.751360
v 4.583784 17.320992 1.751360
v 5.515335 16.722675 2.138664
v 4.689125 17.441988 2.138664
v 5.409994 16.601679 2.525969
v 4.583784 17.320992 2.525969
v 4.532178 17.261717 1.718807
v 5.358388 16.542404 1.718807
v 4.532178 17.261717 2.558522
v 5.358388 16.542404 2.558522
v 4.623303 17.366383 2.138664
v 5.449513 16.647072 2.138664
v 5.409994 16.601679 0.890652
v 4.583784 17.320992 0.890652
v 5.515335 16.722675 1.277956
v 4.689125 17.441988 1.277956
v 5.409994 16.601679 1.665260
v 4.583784 17.320992 1.665260
v 4.532178 17.261717 0.858098
v 5.358388 16.542404 0.858098
v 4.532178 17.261717 1.697813
v 5.358388 16.542404 1.697813
v 4.623303 17.366383 1.277956
v 5.449513 16.647072 1.277956
v 5.409994 16.601679 0.029943
v 4.583784 17.320992 0.029943
v 5.515335 16.722675 0.417247
v 4.689125 17.441988 0.417247
v 5.409994 16.601679 0.804551
v 4.583784 17.320992 0.804551
v 4.532178 17.261717 -0.002610
v 5.358388 16.542404 -0.002610
v 4.532178 17.261717 0.837105
v 5.358388 16.542404 0.837105
v 4.623303 17.366383 0.417247
v 5.449513 16.647072 0.417247
v 5.409994 16.601679 -0.830766
v 4.583784 17.320992 -0.830766
v 5.515335 16.722675 -0.443461
v 4.689125 17.441988 -0.443461
v 5.409994 16.601679 -0.056157
v 4.583784 17.320992 -0.056157
v 4.532178 17.261717 -0.863319
v 5.358388 16.542404 -0.863319
v 4.532178 17.261717 -0.023604
v 5.358388 16.542404 -0.023604
v 4.623303 17.366383 -0.443461
v 5.449513 16.647072 -0.443461
v 5.409994 16.601679 -1.691475
v 4.583784 17.320992 -1.691475
v 5.515335 16.722675 -1.304171
v 4.689125 17.441988 -1.304171
v 5.409994 16.601679 -0.916866
v 4.583784 17.320992 -0.916866
v 4.532178 17.261717 -1.724028
v 5.358388 16.542404 -1.724028
v 4.532178 17.261717 -0.884313
v 5.358388 16.542404 -0.884313
v 4.623303 17.366383 -1.304171
v 5.449513 16.647072 -1.304171
v 5.409994 16.601679 -2.552183
v 4.583784 17.320992 -2.552183
v 5.515335 16.722675 -2.164879
v 4.689125 17.441988 -2.164879
v 5.409994 16.601679 -1.777575
v 4.583784 17.320992 -1.777575
v 4.532178 17.261717 -2.584737
v 5.358388 16.542404 -2.584737
v 4.532178 17.261717 -1.745022
v 5.358388 16.542404 -1.745022
v 4.623303 17.366383 -2.164879
v 5.449513 16.647072 -2.164879
v 5.409994 16.601679 -3.412892
v 4.583784 17.320992 -3.412892
v 5.515335 16.722675 -3.025588
v 4.689125 17.441988 -3.025588
v 5.409994 16.601679 -2.638284
v 4.583784 17.320992 -2.638284
v 4.532178 17.261717 -3.445446
v 5.358388 16.542404 -3.445446
v 4.532178 17.261717 -2.605730
v 5.358388 16.542404 -2.605730
v 4.623303 17.366383 -3.025588
v 5.449513 16.647072 -3.025588
v 5.409994 16.601679 -4.273602
v 4.583784 17.320992 -4.273602
v 5.515335 16.722675 -3.886297
v 4.689125 17.441988 -3.886297
v 5.409994 16.601679 -3.498992
v 4.583784 17.320992 -3.498992
v 4.532178 17.261717 -4.306154
v 5.358388 16.542404 -4.306154
v 4.532178 17.261717 -3.466439
v 5.358388 16.542404 -3.466439
v 4.623303 17.366383 -3.886297
v 5.449513 16.647072 -3.886297
v 5.409994 16.601679 -5.134310
v 4.583784 17.320992 -5.134310
v 5.515335 16.722675 -4.747005
v 4.689125 17.441988 -4.747005
v 5.409994 16.601679 -4.359701
v 4.583784 17.320992 -4.359701
v 4.532178 17.261717 -5.166864
v 5.358388 16.542404 -5.166864
v 4.532178 17.261717 -4.327148
v 5.358388 16.542404 -4.327148
v 4.623303 17.366383 -4.747005
v 5.449513 16.647072 -4.747005
v 5.409994 16.601679 -5.995018
v 4.583784 17.320992 -5.995018
v 5.515335 16.722675 -5.607714
v 4.689125 17.441988 -5.607714
v 5.409994 16.601679 -5.220409
v 4.583784 17.320992 -5.220409
v 4.532178 17.261717 -6.027573
v 5.358388 16.542404 -6.027573
v 4.532178 17.261717 -5.187857
v 5.358388 16.542404 -5.187857
v 4.623303 17.366383 -5.607714
v 5.449513 16.647072 -5.607714
v 5.409994 16.601679 -6.855726
v 4.583784 17.320992 -6.855726
v 5.515335 16.722675 -6.468422
v 4.689125 17.441988 -6.468422
v 5.409994 16.601679 -6.081118
v 4.583784 17.320992 -6.081118
v 4.532178 17.261717 -6.888279
v 5.358388 16.542404 -6.888279
v 4.532178 17.261717 -6.048565
v 5.358388 16.542404 -6.048565
v 4.623303 17.366383 -6.468422
v 5.449513 16.647072 -6.468422
v 5.409994 16.601679 -7.716434
v 4.583784 17.320992 -7.716434
v 5.515335 16.722675 -7.329130
v 4.689125 17.441988 -7.329130
v 5.409994 16.601679 -6.941826
v 4.583784 17.320992 -6.941826
v 4.532178 17.261717 -7.748987
v 5.358388 16.542404 -7.748987
v 4.532178 17.261717 -6.909271
v 5.358388 16.542404 -6.909271
v 4.623303 17.366383 -7.329130
v 5.449513 16.647072 -7.329130
v 5.409994 16.601679 -8.577143
v 4.583784 17.320992 -8.577143
v 5.515335 16.722675 -8.189838
v 4.689125 17.441988 -8.189838
v 5.409994 16.601679 -7.802532
v 4.583784 17.320992 -7.802532
v 4.532178 17.261717 -8.609695
v 5.358388 16.542404 -8.609695
v 4.532178 17.261717 -7.769979
v 5.358388 16.542404 -7.769979
v 4.623303 17.366383 -8.189838
v 5.449513 16.647072 -8.189838
v 5.409994 16.601679 -9.437849
v 4.583784 17.320992 -9.437849
v 5.515335 16.722675 -9.050545
v 4.689125 17.441988 -9.050545
v 5.409994 16.601679 -8.663240
v 4.583784 17.320992 -8.663240
v 4.532178 17.261717 -9.470404
v 5.358388 16.542404 -9.470404
v 4.532178 17.261717 -8.630688
v 5.358388 16.542404 -8.630688
v 4.623303 17.366383 -9.050545
v 5.449513 16.647072 -9.050545
v 5.409994 16.601679 -10.298557
v 4.583784 17.320992 -10.298557
v 5.515335 16.722675 -9.911253
v 4.689125 17.441988 -9.911253
v 5.409994 16.601679 -9.523949
v 4.583784 17.320992 -9.523949
v 4.532178 17.261717 -10.331110
v 5.358388 16.542404 -10.331110
v 4.532178 17.261717 -9.491396
v 5.358388 16.542404 -9.491396
v 4.623303 17.366383 -9.911253
v 5.449513 16.647072 -9.911253
v 5.409994 16.601679 -11.159266
v 4.583784 17.320992 -11.159266
v 5.515335 16.722675 -10.771961
v 4.689125 17.441988 -10.771961
v 5.409994 16.601679 -10.384657
v 4.583784 17.320992 -10.384657
v 4.532178 17.261717 -11.191818
v 5.358388 16.542404 -11.191818
v 4.532178 17.261717 -10.352102
v 5.358388 16.542404 -10.352102
v 4.623303 17.366383 -10.771961
v 5.449513 16.647072 -10.771961
v 5.409994 16.601679 -12.019972
v 4.583784 17.320992 -12.019972
v 5.515335 16.722675 -11.632668
v 4.689125 17.441988 -11.632668
v 5.409994 16.601679 -11.245363
v 4.583784 17.320992 -11.245363
v 4.532178 17.261717 -12.052526
v 5.358388 16.542404 -12.052526
v 4.532178 17.261717 -11.212811
v 5.358388 16.542404 -11.212811
v 4.623303 17.366383 -11.632668
v 5.449513 16.647072 -11.632668
v 5.409994 16.601679 -12.880680
v 4.583784 17.320992 -12.880680
v 5.515335 16.722675 -12.493376
v 4.689125 17.441988 -12.493376
v 5.409994 16.601679 -12.106071
v 4.583784 17.320992 -12.106071
v 4.532178 17.261717 -12.913233
v 5.358388 16.542404 -12.913233
v 4.532178 17.261717 -12.073519
v 5.358388 16.542404 -12.073519
v 4.623303 17.366383 -12.493376
v 5.449513 16.647072 -12.493376
v 4.630868 17.375072 12.079865
v 3.804657 18.094385 12.079865
v 4.736208 17.496069 12.467169
v 3.909997 18.215382 12.467169
v 4.630868 17.375072 12.854473
v 3.804657 18.094385 12.854473
v 3.753051 18.035110 12.047311
v 4.579262 17.315798 12.047311
v 3.753051 18.035110 12.887027
v 4.579262 17.315798 12.887027
v 3.844176 18.139778 12.467169
v 4.670387 17.420465 12.467169
v 4.630868 17.375072 11.219156
v 3.804657 18.094385 11.219156
v 4.736208 17.496069 11.606461
v 3.909997 18.215382 11.606461
v 4.630868 17.375072 11.993764
v 3.804657 18.094385 11.993764
v 3.753051 18.035110 11.186603
v 4.579262 17.315798 11.186603
v 3.753051 18.035110 12.026318
v 4.579262 17.315798 12.026318
v 3.844176 18.139778 11.606461
v 4.670387 17.420465 11.606461
v 4.630868 17.375072 10.358448
v 3.804657 18.094385 10.358448
v 4.736208 17.496069 10.745751
v 3.909997 18.215382 10.745751
v 4.630868 17.375072 11.133056
v 3.804657 18.094385 11.133056
v 3.753051 18.035110 10.325893
v 4.579262 17.315798 10.325893
v 3.753051 18.035110 11.165609
v 4.579262 17.315798 11.165609
v 3.844176 18.139778 10.745751
v 4.670387 17.420465 10.745751
v 4.630868 17.375072 9.497739
v 3.804657 18.094385 9.497739
v 4.736208 17.496069 9.885043
v 3.909997 18.215382 9.885043
v 4.630868 17.375072 10.272346
v 3.804657 18.094385 10.272346
v 3.753051 18.035110 9.465185
v 4.579262 17.315798 9.465185
v 3.753051 18.035110 10.304901
v 4.579262 17.315798 10.304901
v 3.844176 18.139778 9.885043
v 4.670387 17.420465 9.885043
v 4.630868 17.375072 8.637031
v 3.804657 18.094385 8.637031
v 4.736208 17.496069 9.024334
v 3.909997 18.215382 9.024334
v 4.630868 17.375072 9.411638
v 3.804657 18.094385 9.411638
v 3.753051 18.035110 8.604477
v 4.579262 17.315798 8.604477
v 3.753051 18.035110 9.444192
v 4.579262 17.315798 9.444192
v 3.844176 18.139778 9.024334
v 4.670387 17.420465 9.024334
v 4.630868 17.375072 7.776321
v 3.804657 18.094385 7.776321
v 4.736208 17.496069 8.163626
v 3.909997 18.215382 8.163626
v 4.630868 17.375072 8.550929
v 3.804657 18.094385 8.550929
v 3.753051 18.035110 7.743767
v 4.579262 17.315798 7.743767
v 3.753051 18.035110 8.583484
v 4.579262 17.315798 8.583484
v 3.844176 18.139778 8.163626
v 4.670387 17.420465 8.163626
v 4.630868 17.375072 6.915613
v 3.804657 18.094385 6.915613
v 4.736208 17.496069 7.302917
v 3.909997 18.215382 7.302917
v 4.630868 17.375072 7.690220
v 3.804657 18.094385 7.690220
v 3.753051 18.035110 6.883059
v 4.579262 17.315798 6.883059
v 3.753051 18.035110 7.722775
v 4.579262 17.315798 7.722775
v 3.844176 18.139778 7.302917
v 4.670387 17.420465 7.302917
v 4.630868 17.375072 6.054904
v 3.804657 18.094385 6.054904
v 4.736208 17.496069 6.442208
v 3.909997 18.215382 6.442208
v 4.630868 17.375072 6.829512
v 3.804657 18.094385 6.829512
v 3.753051 18.035110 6.022350
v 4.579262 17.315798 6.022350
v 3.753051 18.035110 6.862066
v 4.579262 17.315798 6.862066
v 3.844176 18.139778 6.442208
v 4.670387 17.420465 6.442208
v 4.630868 17.375072 5.194195
v 3.804657 18.094385 5.194195
v 4.736208 17.496069 5.581499
v 3.909997 18.215382 5.581499
v 4.630868 17.375072 5.968803
v 3.804657 18.094385 5.968803
v 3.753051 18.035110 5.161641
v 4.579262 17.315798 5.161641
v 3.753051 18.035110 6.001358
v 4.579262 17.315798 6.001358
v 3.844176 18.139778 5.581499
v 4.670387 17.420465 5.581499
v 4.630868 17.375072 4.333487
v 3.804657 18.094385 4.333487
v 4.736208 17.496069 4.720790
v 3.909997 18.215382 4.720790
v 4.630868 17.375072 5.108094
v 3.804657 18.094385 5.108094
v 3.753051 18.035110 4.300932
v 4.579262 17.315798 4.300932
v 3.753051 18.035110 5.140648
v 4.579262 17.315798 5.140648
v 3.844176 18.139778 4.720790
v 4.670387 17.420465 4.720790
v 4.630868 17.375072 3.472777
v 3.804657 18.094385 3.472777
v 4.736208 17.496069 3.860082
v 3.909997 18.215382 3.860082
v 4.630868 17.375072 4.247385
v 3.804657 18.094385 4.247385
v 3.753051 18.035110 3.440224
v 4.579262 17.315798 3.440224
v 3.753051 18.035110 4.279940
v 4.579262 17.315798 4.279940
v 3.844176 18.139778 3.860082
v 4.670387 17.420465 3.860082
v 4.630868 17.375072 2.612069
v 3.804657 18.094385 2.612069
v 4.736208 17.496069 2.999373
v 3.909997 18.215382 2.999373
v 4.630868 17.375072 3.386678
v 3.804657 18.094385 3.386678
v 3.753051 18.035110 2.579515
v 4.579262 17.315798 2.579515
v 3.753051 18.035110 3.419231
v 4.579262 17.315798 3.419231
v 3.844176 18.139778 2.999373
v 4.670387 17.420465 2.999373
v 4.630868 17.375072 1.751360
v 3.804657 18.094385 1.751360
v 4.736208 17.496069 2.138664
v 3.909997 18.215382 2.138664
v 4.630868 17.375072 2.525969
v 3.804657 18.094385 2.525969
v 3.753051 18.035110 1.718807
v 4.579262 17.315798 1.718807
v 3.753051 18.035110 2.558522
v 4.579262 17.315798 2.558522
v 3.844176 18.139778 2.138664
v 4.670387 17.420465 2.138664
v 4.630868 17.375072 0.890652
v 3.804657 18.094385 0.890652
v 4.736208 17.496069 1.277956
v 3.909997 18.215382 1.277956
v 4.630868 17.375072 1.665260
v 3.804657 18.094385 1.665260
v 3.753051 18.035110 0.858098
v 4.579262 17.315798 0.858098
v 3.753051 18.035110 1.697813
v 4.579262 17.315798 1.697813
v 3.844176 18.139778 1.277956
v 4.670387 17.420465 1.277956
v 4.630868 17.375072 0.029943
v 3.804657 18.094385 0.029943
v 4.736208 17.496069 0.417247
v 3.909997 18.215382 0.417247
v 4.630868 17.375072 0.804551
v 3.804657 18.094385 0.804551
v 3.753051 18.035110 -0.002610
v 4.579262 17.315798 -0.002610
v 3.753051 18.035110 0.837105
v 4.579262 17.315798 0.837105
v 3.844176 18.139778 0.417247
v 4.670387 17.420465 0.417247
v 4.630868 17.375072 -0.830766
v 3.804657 18.094385 -0.830766
v 4.736208 17.496069 -0.443461
v 3.909997 18.215382 -0.443461
v 4.630868 17.375072 -0.056157
v 3.804657 18.094385 -0.056157
v 3.753051 18.035110 -0.863319
v 4.579262 17.315798 -0.863319
v 3.753051 18.035110 -0.023604
v 4.579262 17.315798 -0.023604
v 3.844176 18.139778 -0.443461
v 4.670387 17.420465 -0.443461
v 4.630868 17.375072 -1.691475
v 3.804657 18.094385 -1.691475
v 4.736208 17.496069 -1.304171
v 3.909997 18.215382 -1.304171
v 4.630868 17.375072 -0.916866
v 3.804657 18.094385 -0.916866
v 3.753051 18.035110 -1.724028
v 4.579262 17.315798 -1.724028
v 3.753051 18.035110 -0.884313
v 4.579262 17.315798 -0.884313
v 3.844176 18.139778 -1.304171
v 4.670387 17.420465 -1.304171
v 4.630868 17.375072 -2.552183
v 3.804657 18.094385 -2.552183
v 4.736208 17.496069 -2.164879
v 3.909997 18.215382 -2.164879
v 4.630868 17.375072 -1.777575
v 3.804657 18.094385 -1.777575
v 3.753051 18.035110 -2.584737
v 4.579262 17.315798 -2.584737
v 3.753051 18.035110 -1.745022
v 4.579262 17.315798 -1.745022
v 3.844176 18.139778 -2.164879
v 4.670387 17.420465 -2.164879
v 4.630868 17.375072 -3.412892
v 3.804657 18.094385 -3.412892
v 4.736208 17.496069 -3.025588
v 3.909997 18.215382 -3.025588
v 4.630868 17.375072 -2.638284
v 3.804657 18.094385 -2.638284
v 3.753051 18.035110 -3.445446
v 4.579262 17.315798 -3.445446
v 3.753051 18.035110 -2.605730
v 4.579262 17.315798 -2.605730
v 3.844176 18.139778 -3.025588
v 4.670387 17.420465 -3.025588
v 4.630868 17.375072 -4.273602
v 3.804657 18.094385 -4.273602
v 4.736208 17.496069 -3.886297
v 3.909997 18.215382 -3.886297
v 4.630868 17.375072 -3.498992
v 3.804657 18.094385 -3.498992
v 3.753051 18.035110 -4.306154
v 4.579262 17.315798 -4.306154
v 3.753051 18.035110 -3.466439
v 4.579262 17.315798 -3.466439
v 3.844176 18.139778 -3.886297
v 4.670387 17.420465 -3.886297
v 4.630868 17.375072 -5.134310
v 3.804657 18.094385 -5.134310
v 4.736208 17.496069 -4.747005
v 3.909997 18.215382 -4.747005
v 4.630868 17.375072 -4.359701
v 3.804657 18.094385 -4.359701
v 3.753051 18.035110 -5.166864
v 4.579262 17.315798 -5.166864
v 3.753051 18.035110 -4.327148
v 4.579262 17.315798 -4.327148
v 3.844176 18.139778 -4.747005
v 4.670387 17.420465 -4.747005
v 4.630868 17.375072 -5.995018
v 3.804657 18.094385 -5.995018
v 4.736208 17.496069 -5.607714
v 3.909997 18.215382 -5.607714
v 4.630868 17.375072 -5.220409
v 3.804657 18.094385 -5.220409
v 3.753051 18.035110 -6.027573
v 4.579262 17.315798 -6.027573
v 3.753051 18.035110 -5.187857
v 4.579262 17.315798 -5.187857
v 3.844176 18.139778 -5.607714
v 4.670387 17.420465 -5.607714
v 4.630868 17.375072 -6.855726
v 3.804657 18.094385 -6.855726
v 4.736208 17.496069 -6.468422
v 3.909997 18.215382 -6.468422
v 4.630868 17.375072 -6.081118
v 3.804657 18.094385 -6.081118
v 3.753051 18.035110 -6.888279
v 4.579262 17.315798 -6.888279
v 3.753051 18.035110 -6.048565
v 4.579262 17.315798 -6.048565
v 3.844176 18.139778 -6.468422
v 4.670387 17.420465 -6.468422
v 4.630868 17.375072 -7.716434
v 3.804657 18.094385 -7.716434
v 4.736208 17.496069 -7.329130
v 3.909997 18.215382 -7.329130
v 4.630868 17.375072 -6.941826
v 3.804657 18.094385 -6.941826
v 3.753051 18.035110 -7.748987
v 4.579262 17.315798 -7.748987
v 3.753051 18.035110 -6.909271
v 4.579262 17.315798 -6.909271
v 3.844176 18.139778 -7.329130
v 4.670387 17.420465 -7.329130
v 4.630868 17.375072 -8.577143
v 3.804657 18.094385 -8.577143
v 4.736208 17.496069 -8.189838
v 3.909997 18.215382 -8.189838
v 4.630868 17.375072 -7.802532
v 3.804657 18.094385 -7.802532
v 3.753051 18.035110 -8.609695
v 4.579262 17.315798 -8.609695
v 3.753051 18.035110 -7.769979
v 4.579262 17.315798 -7.769979
v 3.844176 18.139778 -8.189838
v 4.670387 17.420465 -8.189838
v 4.630868 17.375072 -9.437849
v 3.804657 18.094385 -9.437849
v 4.736208 17.496069 -9.050545
v 3.909997 18.215382 -9.050545
v 4.630868 17.375072 -8.663240
v 3.804657 18.094385 -8.663240
v 3.753051 18.035110 -9.470404
v 4.579262 17.315798 -9.470404
v 3.753051 18.035110 -8.630688
v 4.579262 17.315798 -8.630688
v 3.844176 18.139778 -9.050545
v 4.670387 17.420465 -9.050545
v 4.630868 17.375072 -10.298557
v 3.804657 18.094385 -10.298557
v 4.736208 17.496069 -9.911253
v 3.909997 18.215382 -9.911253
v 4.630868 17.375072 -9.523949
v 3.804657 18.094385 -9.523949
v 3.753051 18.035110 -10.331110
v 4.579262 17.315798 -10.331110
v 3.753051 18.035110 -9.491396
v 4.579262 17.315798 -9.491396
v 3.844176 18.139778 -9.911253
v 4.670387 17.420465 -9.911253
v 4.630868 17.375072 -11.159266
v 3.804657 18.094385 -11.159266
v 4.736208 17.496069 -10.771961
v 3.909997 18.215382 -10.771961
v 4.630868 17.375072 -10.384657
v 3.804657 18.094385 -10.384657
v 3.753051 18.035110 -11.191818
v 4.579262 17.315798 -11.191818
v 3.753051 18.035110 -10.352102
v 4.579262 17.315798 -10.352102
v 3.844176 18.139778 -10.771961
v 4.670387 17.420465 -10.771961
v 4.630868 17.375072 -12.019972
v 3.804657 18.094385 -12.019972
v 4.736208 17.496069 -11.632668
v 3.909997 18.215382 -11.632668
v 4.630868 17.375072 -11.245363
v 3.804657 18.094385 -11.245363
v 3.753051 18.035110 -12.052526
v 4.579262 17.315798 -12.052526
v 3.753051 18.035110 -11.212811
v 4.579262 17.315798 -11.212811
v 3.844176 18.139778 -11.632668
v 4.670387 17.420465 -11.632668
v 4.630868 17.375072 -12.880680
v 3.804657 18.094385 -12.880680
v 4.736208 17.496069 -12.493376
v 3.909997 18.215382 -12.493376
v 4.630868 17.375072 -12.106071
v 3.804657 18.094385 -12.106071
v 3.753051 18.035110 -12.913233
v 4.579262 17.315798 -12.913233
v 3.753051 18.035110 -12.073519
v 4.579262 17.315798 -12.073519
v 3.844176 18.139778 -12.493376
v 4.670387 17.420465 -12.493376
v 3.851741 18.148468 12.079865
v 3.025530 18.867779 12.079865
v 3.957082 18.269463 12.467169
v 3.130871 18.988775 12.467169
v 3.851741 18.148468 12.854473
v 3.025530 18.867779 12.854473
v 2.973924 18.808504 12.047311
v 3.800135 18.089191 12.047311
v 2.973924 18.808504 12.887027
v 3.800135 18.089191 12.887027
v 3.065050 18.913172 12.467169
v 3.891260 18.193859 12.467169
v 3.851741 18.148468 11.219156
v 3.025530 18.867779 11.219156
v 3.957082 18.269463 11.606461
v 3.130871 18.988775 11.606461
v 3.851741 18.148468 11.993764
v 3.025530 18.867779 11.993764
v 2.973924 18.808504 11.186603
v 3.800135 18.089191 11.186603
v 2.973924 18.808504 12.026318
v 3.800135 18.089191 12.026318
v 3.065050 18.913172 11.606461
v 3.891260 18.193859 11.606461
v 3.851741 18.148468 10.358448
v 3.025530 18.867779 10.358448
v 3.957082 18.269463 10.745751
v 3.130871 18.988775 10.745751
v 3.851741 18.148468 11.133056
v 3.025530 18.867779 11.133056
v 2.973924 18.808504 10.325893
v 3.800135 18.089191 10.325893
v 2.973924 18.808504 11.165609
v 3.800135 18.089191 11.165609
v 3.065050 18.913172 10.745751
v 3.891260 18.193859 10.745751
v 3.851741 18.148468 9.497739
v 3.025530 18.867779 9.497739
v 3.957082 18.269463 9.885043
v 3.130871 18.988775 9.885043
v 3.851741 18.148468 10.272346
v 3.025530 18.867779 10.272346
v 2.973924 18.808504 9.465185
v 3.800135 18.089191 9.465185
v 2.973924 18.808504 10.304901
v 3.800135 18.089191 10.304901
v 3.065050 18.913172 9.885043
v 3.891260 18.193859 9.885043
v 3.851741 18.148468 8.637031
v 3.025530 18.867779 8.637031
v 3.957082 18.269463 9.024334
v 3.130871 18.988775 9.024334
v 3.851741 18.148468 9.411638
v 3.025530 18.867779 9.411638
v 2.973924 18.808504 8.604477
v 3.800135 18.089191 8.604477
v 2.973924 18.808504 9.444192
v 3.800135 18.089191 9.444192
v 3.065050 18.913172 9.024334
v 3.891260 18.193859 9.024334
v 3.851741 18.148468 7.776321
v 3.025530 18.867779 7.776321
v 3.957082 18.269463 8.163626
v 3.130871 18.988775 8.163626
v 3.851741 18.148468 8.550929
v 3.025530 18.867779 8.550929
v 2.973924 18.808504 7.743767
v 3.800135 18.089191 7.743767
v 2.973924 18.808504 8.583484
v 3.800135 18.089191 8.583484
v 3.065050 18.913172 8.163626
v 3.891260 18.193859 8.163626
v 3.851741 18.148468 6.915613
v 3.025530 18.867779 6.915613
v 3.957082 18.269463 7.302917
v 3.130871 18.988775 7.302917
v 3.851741 18.148468 7.690220
v 3.025530 18.867779 7.690220
v 2.973924 18.808504 6.883059
v 3.800135 18.089191 6.883059
v 2.973924 18.808504 7.722775
v 3.800135 18.089191 7.722775
v 3.065050 18.913172 7.302917
v 3.891260 18.193859 7.302917
v 3.851741 18.148468 6.054904
v 3.025530 18.867779 6.054904
v 3.957082 18.269463 6.442208
v 3.130871 18.988775 6.442208
v 3.851741 18.148468 6.829512
v 3.025530 18.867779 6.829512
v 2.973924 18.808504 6.022350
v 3.800135 18.089191 6.022350
v 2.973924 18.808504 6.862066
v 3.800135 18.089191 6.862066
v 3.065050 18.913172 6.442208
v 3.891260 18.193859 6.442208
v 3.851741 18.148468 5.194195
v 3.025530 18.867779 5.194195
v 3.957082 18.269463 5.581499
v 3.130871 18.988775 5.581499
v 3.851741 18.148468 5.968803
v 3.025530 18.867779 5.968803
v 2.973924 18.808504 5.161641
v 3.800135 18.089191 5.161641
v 2.973924 18.808504 6.001358
v 3.800135 18.089191 6.001358
v 3.065050 18.913172 5.581499
v 3.891260 18.193859 5.581499
v 3.851741 18.148468 4.333487
v 3.025530 18.867779 4.333487
v 3.957082 18.269463 4.720790
v 3.130871 18.988775 4.720790
v 3.851741 18.148468 5.108094
v 3.025530 18.867779 5.108094
v 2.973924 18.808504 4.300932
v 3.800135 18.089191 4.300932
v 2.973924 18.808504 5.140648
v 3.800135 18.089191 5.140648
v 3.065050 18.913172 4.720790
v 3.891260 18.193859 4.720790
v 3.851741 18.148468 3.472777
v 3.025530 18.867779 3.472777
v 3.957082 18.269463 3.860082
v 3.130871 18.988775 3.860082
v 3.851741 18.148468 4.247385
v 3.025530 18.867779 4.247385
v 2.973924 18.808504 3.440224
v 3.800135 18.089191 3.440224
v 2.973924 18.808504 4.279940
v 3.800135 18.089191 4.279940
v 3.065050 18.913172 3.860082
v 3.891260 18.193859 3.860082
v 3.851741 18.148468 2.612069
v 3.025530 18.867779 2.612069
v 3.957082 18.269463 2.999373
v 3.130871 18.988775 2.999373
v 3.851741 18.148468 3.386678
v 3.025530 18.867779 3.386678
v 2.973924 18.808504 2.579515
v 3.800135 18.089191 2.579515
v 2.973924 18.808504 3.419231
v 3.800135 18.089191 3.419231
v 3.065050 18.913172 2.999373
v 3.891260 18.193859 2.999373
v 3.851741 18.148468 1.751360
v 3.025530 18.867779 1.751360
v 3.957082 18.269463 2.138664
v 3.130871 18.988775 2.138664
v 3.851741 18.148468 2.525969
v 3.025530 18.867779 2.525969
v 2.973924 18.808504 1.718807
v 3.800135 18.089191 1.718807
v 2.973924 18.808504 2.558522
v 3.800135 18.089191 2.558522
v 3.065050 18.913172 2.138664
v 3.891260 18.193859 2.138664
v 3.851741 18.148468 0.890652
v 3.025530 18.867779 0.890652
v 3.957082 18.269463 1.277956
v 3.130871 18.988775 1.277956
v 3.851741 18.148468 1.665260
v 3.025530 18.867779 1.665260
v 2.973924 18.808504 0.858098
v 3.800135 18.089191 0.858098
v 2.973924 18.808504 1.697813
v 3.800135 18.089191 1.697813
v 3.065050 18.913172 1.277956
v 3.891260 18.193859 1.277956
v 3.851741 18.148468 0.029943
v 3.025530 18.867779 0.029943
v 3.957082 18.269463 0.417247
v 3.130871 18.988775 0.417247
v 3.851741 18.148468 0.804551
v 3.025530 18.867779 0.804551
v 2.973924 18.808504 -0.002610
v 3.800135 18.089191 -0.002610
v 2.973924 18.808504 0.837105
v 3.800135 18.089191 0.837105
v 3.065050 18.913172 0.417247
v 3.891260 18.193859 0.417247
v 3.851741 18.148468 -0.830766
v 3.025530 18.867779 -0.830766
v 3.957082 18.269463 -0.443461
v 3.130871 18.988775 -0.443461
v 3.851741 18.148468 -0.056157
v 3.025530 18.867779 -0.056157
v 2.973924 18.808504 -0.863319
v 3.800135 18.089191 -0.863319
v 2.973924 18.808504 -0.023604
v 3.800135 18.089191 -0.023604
v 3.065050 18.913172 -0.443461
v 3.891260 18.193859 -0.443461
v 3.851741 18.148468 -1.691475
v 3.025530 18.867779 -1.691475
v 3.957082 18.269463 -1.304171
v 3.130871 18.988775 -1.304171
v 3.851741 18.148468 -0.916866
v 3.025530 18.867779 -0.916866
v 2.973924 18.808504 -1.724028
v 3.800135 18.089191 -1.724028
v 2.973924 18.808504 -0.884313
v 3.800135 18.089191 -0.884313
v 3.065050 18.913172 -1.304171
v 3.891260 18.193859 -1.304171
v 3.851741 18.148468 -2.552183
v 3.025530 18.867779 -2.552183
v 3.957082 18.269463 -2.164879
v 3.130871 18.988775 -2.164879
v 3.851741 18.148468 -1.777575
v 3.025530 18.867779 -1.777575
v 2.973924 18.808504 -2.584737
v 3.800135 18.089191 -2.584737
v 2.973924 18.808504 -1.745022
v 3.800135 18.089191 -1.745022
v 3.065050 18.913172 -2.164879
v 3.891260 18.193859 -2.164879
v 3.851741 18.148468 -3.412892
v 3.025530 18.867779 -3.412892
v 3.957082 18.269463 -3.025588
v 3.130871 18.988775 -3.025588
v 3.851741 18.148468 -2.638284
v 3.025530 18.867779 -2.638284
v 2.973924 18.808504 -3.445446
v 3.800135 18.089191 -3.445446
v 2.973924 18.808504 -2.605730
v 3.800135 18.089191 -2.605730
v 3.065050 18.913172 -3.025588
v 3.891260 18.193859 -3.025588
v 3.851741 18.148468 -4.273602
v 3.025530 18.867779 -4.273602
v 3.957082 18.269463 -3.886297
v 3.130871 18.988775 -3.886297
v 3.851741 18.148468 -3.498992
v 3.025530 18.867779 -3.498992
v 2.973924 18.808504 -4.306154
v 3.800135 18.089191 -4.306154
v 2.973924 18.808504 -3.466439
v 3.800135 18.089191 -3.466439
v 3.065050 18.913172 -3.886297
v 3.891260 18.193859 -3.886297
v 3.851741 18.148468 -5.134310
v 3.025530 18.867779 -5.134310
v 3.957082 18.269463 -4.747005
v 3.130871 18.988775 -4.747005
v 3.851741 18.148468 -4.359701
v 3.025530 18.867779 -4.359701
v 2.973924 18.808504 -5.166864
v 3.800135 18.089191 -5.166864
v 2.973924 18.808504 -4.327148
v 3.800135 18.089191 -4.327148
v 3.065050 18.913172 -4.747005
v 3.891260 18.193859 -4.747005
v 3.851741 18.148468 -5.995018
v 3.025530 18.867779 -5.995018
v 3.957082 18.269463 -5.607714
v 3.130871 18.988775 -5.607714
v 3.851741 18.148468 -5.220409
v 3.025530 18.867779 -5.220409
v 2.973924 18.808504 -6.027573
v 3.800135 18.089191 -6.027573
v 2.973924 18.808504 -5.187857
v 3.800135 18.089191 -5.187857
v 3.065050 18.913172 -5.607714
v 3.891260 18.193859 -5.607714
v 3.851741 18.148468 -6.855726
v 3.025530 18.867779 -6.855726
v 3.957082 18.269463 -6.468422
v 3.130871 18.988775 -6.468422
v 3.851741 18.148468 -6.081118
v 3.025530 18.867779 -6.081118
v 2.973924 18.808504 -6.888279
v 3.800135 18.089191 -6.888279
v 2.973924 18.808504 -6.048565
v 3.800135 18.089191 -6.048565
v 3.065050 18.913172 -6.468422
v 3.891260 18.193859 -6.468422
v 3.851741 18.148468 -7.716434
v 3.025530 18.867779 -7.716434
v 3.957082 18.269463 -7.329130
v 3.130871 18.988775 -7.329130
v 3.851741 18.148468 -6.941826
v 3.025530 18.867779 -6.941826
v 2.973924 18.808504 -7.748987
v 3.800135 18.089191 -7.748987
v 2.973924 18.808504 -6.909271
v 3.800135 18.089191 -6.909271
v 3.065050 18.913172 -7.329130
v 3.891260 18.193859 -7.329130
v 3.851741 18.148468 -8.577143
v 3.025530 18.867779 -8.577143
v 3.957082 18.269463 -8.189838
v 3.130871 18.988775 -8.189838
v 3.851741 18.148468 -7.802532
v 3.025530 18.867779 -7.802532
v 2.973924 18.808504 -8.609695
v 3.800135 18.089191 -8.609695
v 2.973924 18.808504 -7.769979
v 3.800135 18.089191 -7.769979
v 3.065050 18.913172 -8.189838
v 3.891260 18.193859 -8.189838
v 3.851741 18.148468 -9.437849
v 3.025530 18.867779 -9.437849
v 3.957082 18.269463 -9.050545
v 3.130871 18.988775 -9.050545
v 3.851741 18.148468 -8.663240
v 3.025530 18.867779 -8.663240
v 2.973924 18.808504 -9.470404
v 3.800135 18.089191 -9.470404
v 2.973924 18.808504 -8.630688
v 3.800135 18.089191 -8.630688
v 3.065050 18.913172 -9.050545
v 3.891260 18.193859 -9.050545
v 3.851741 18.148468 -10.298557
v 3.025530 18.867779 -10.298557
v 3.957082 18.269463 -9.911253
v 3.130871 18.988775 -9.911253
v 3.851741 18.148468 -9.523949
v 3.025530 18.867779 -9.523949
v 2.973924 18.808504 -10.331110
v 3.800135 18.089191 -10.331110
v 2.973924 18.808504 -9.491396
v 3.800135 18.089191 -9.491396
v 3.065050 18.913172 -9.911253
v 3.891260 18.193859 -9.911253
v 3.851741 18.148468 -11.159266
v 3.025530 18.867779 -11.159266
v 3.957082 18.269463 -10.771961
v 3.130871 18.988775 -10.771961
v 3.851741 18.148468 -10.384657
v 3.025530 18.867779 -10.384657
v 2.973924 18.808504 -11.191818
v 3.800135 18.089191 -11.191818
v 2.973924 18.808504 -10.352102
v 3.800135 18.089191 -10.352102
v 3.065050 18.913172 -10.771961
v 3.891260 18.193859 -10.771961
v 3.851741 18.148468 -12.019972
v 3.025530 18.867779 -12.019972
v 3.957082 18.269463 -11.632668
v 3.130871 18.988775 -11.632668
v 3.851741 18.148468 -11.245363
v 3.025530 18.867779 -11.245363
v 2.973924 18.808504 -12.052526
v 3.800135 18.089191 -12.052526
v 2.973924 18.808504 -11.212811
v 3.800135 18.089191 -11.212811
v 3.065050 18.913172 -11.632668
v 3.891260 18.193859 -11.632668
v 3.851741 18.148468 -12.880680
v 3.025530 18.867779 -12.880680
v 3.957082 18.269463 -12.493376
v 3.130871 18.988775 -12.493376
v 3.851741 18.148468 -12.106071
v 3.025530 18.867779 -12.106071
v 2.973924 18.808504 -12.913233
v 3.800135 18.089191 -12.913233
v 2.973924 18.808504 -12.073519
v 3.800135 18.089191 -12.073519
v 3.065050 18.913172 -12.493376
v 3.891260 18.193859 -12.493376
v 3.072614 18.921860 12.079865
v 2.246404 19.641174 12.079865
v 3.177955 19.042856 12.467169
v 2.351745 19.762169 12.467169
v 3.072614 18.921860 12.854473
v 2.246404 19.641174 12.854473
v 2.194798 19.581898 12.047311
v 3.021008 18.862585 12.047311
v 2.194798 19.581898 12.887027
v 3.021008 18.862585 12.887027
v 2.285923 19.686565 12.467169
v 3.112134 18.967253 12.467169
v 3.072614 18.921860 11.219156
v 2.246404 19.641174 11.219156
v 3.177955 19.042856 11.606461
v 2.351745 19.762169 11.606461
v 3.072614 18.921860 11.993764
v 2.246404 19.641174 11.993764
v 2.194798 19.581898 11.186603
v 3.021008 18.862585 11.186603
v 2.194798 19.581898 12.026318
v 3.021008 18.862585 12.026318
v 2.285923 19.686565 11.606461
v 3.112134 18.967253 11.606461
v 3.072614 18.921860 10.358448
v 2.246404 19.641174 10.358448
v 3.177955 19.042856 10.745751
v 2.351745 19.762169 10.745751
v 3.072614 18.921860 11.133056
v 2.246404 19.641174 11.133056
v 2.194798 19.581898 10.325893
v 3.021008 18.862585 10.325893
v 2.194798 19.581898 11.165609
v 3.021008 18.862585 11.165609
v 2.285923 19.686565 10.745751
v 3.112134 18.967253 10.745751
v 3.072614 18.921860 9.497739
v 2.246404 19.641174 9.497739
v 3.177955 19.042856 9.885043
v 2.351745 19.762169 9.885043
v 3.072614 18.921860 10.272346
v 2.246404 19.641174 10.272346
v 2.194798 19.581898 9.465185
v 3.021008 18.862585 9.465185
v 2.194798 19.581898 10.304901
v 3.021008 18.862585 10.304901
v 2.285923 19.686565 9.885043
v 3.112134 18.967253 9.885043
v 3.072614 18.921860 8.637031
v 2.246404 19.641174 8.637031
v 3.177955 19.042856 9.024334
v 2.351745 19.762169 9.024334
v 3.072614 18.921860 9.411638
v 2.246404 19.641174 9.411638
v 2.194798 19.581898 8.604477
v 3.021008 18.862585 8.604477
v 2.194798 19.581898 9.444192
v 3.021008 18.862585 9.444192
v 2.285923 19.686565 9.024334
v 3.112134 18.967253 9.024334
v 3.072614 18.921860 7.776321
v 2.246404 19.641174 7.776321
v 3.177955 19.042856 8.163626
v 2.351745 19.762169 8.163626
v 3.072614 18.921860 8.550929
v 2.246404 19.641174 8.550929
v 2.194798 19.581898 7.743767
v 3.021008 18.862585 7.743767
v 2.194798 19.581898 8.583484
v 3.021008 18.862585 8.583484
v 2.285923 19.686565 8.163626
v 3.112134 18.967253 8.163626
v 3.072614 18.921860 6.915613
v 2.246404 19.641174 6.915613
v 3.177955 19.042856 7.302917
v 2.351745 19.762169 7.302917
v 3.072614 18.921860 7.690220
v 2.246404 19.641174 7.690220
v 2.194798 19.581898 6.883059
v 3.021008 18.862585 6.883059
v 2.194798 19.581898 7.722775
v 3.021008 18.862585 7.722775
v 2.285923 19.686565 7.302917
v 3.112134 18.967253 7.302917
v 3.072614 18.921860 6.054904
v 2.246404 19.641174 6.054904
v 3.177955 19.042856 6.442208
v 2.351745 19.762169 6.442208
v 3.072614 18.921860 6.829512
v 2.246404 19.641174 6.829512
v 2.194798 19.581898 6.022350
v 3.021008 18.862585 6.022350
v 2.194798 19.581898 6.862066
v 3.021008 18.862585 6.862066
v 2.285923 19.686565 6.442208
v 3.112134 18.967253 6.442208
v 3.072614 18.921860 5.194195
v 2.246404 19.641174 5.194195
v 3.177955 19.042856 5.581499
v 2.351745 19.762169 5.581499
v 3.072614 18.921860 5.968803
v 2.246404 19.641174 5.968803
v 2.194798 19.581898 5.161641
v 3.021008 18.862585 5.161641
v 2.194798 19.581898 6.001358
v 3.021008 18.862585 6.001358
v 2.285923 19.686565 5.581499
v 3.112134 18.967253 5.581499
v 3.072614 18.921860 4.333487
v 2.246404 19.641174 4.333487
v 3.177955 19.042856 4.720790
v 2.351745 19.762169 4.720790
v 3.072614 18.921860 5.108094
v 2.246404 19.641174 5.108094
v 2.194798 19.581898 4.300932
v 3.021008 18.862585 4.300932
v 2.194798 19.581898 5.140648
v 3.021008 18.862585 5.140648
v 2.285923 19.686565 4.720790
v 3.112134 18.967253 4.720790
v 3.072614 18.921860 3.472777
v 2.246404 19.641174 3.472777
v 3.177955 19.042856 3.860082
v 2.351745 19.762169 3.860082
v 3.072614 18.921860 4.247385
v 2.246404 19.641174 4.247385
v 2.194798 19.581898 3.440224
v 3.021008 18.862585 3.440224
v 2.194798 19.581898 4.279940
v 3.021008 18.862585 4.279940
v 2.285923 19.686565 3.860082
v 3.112134 18.967253 3.860082
v 3.072614 18.921860 2.612069
v 2.246404 19.641174 2.612069
v 3.177955 19.042856 2.999373
v 2.351745 19.762169 2.999373
v 3.072614 18.921860 3.386678
v 2.246404 19.641174 3.386678
v 2.194798 19.581898 2.579515
v 3.021008 18.862585 2.579515
v 2.194798 19.581898 3.419231
v 3.021008 18.862585 3.419231
v 2.285923 19.686565 2.999373
v 3.112134 18.967253 2.999373
v 3.072614 18.921860 1.751360
v 2.246404 19.641174 1.751360
v 3.177955 19.042856 2.138664
v 2.351745 19.762169 2.138664
v 3.072614 18.921860 2.525969
v 2.246404 19.641174 2.525969
v 2.194798 19.581898 1.718807
v 3.021008 18.862585 1.718807
v 2.194798 19.581898 2.558522
v 3.021008 18.862585 2.558522
v 2.285923 19.686565 2.138664
v 3.112134 18.967253 2.138664
v 3.072614 18.921860 0.890652
v 2.246404 19.641174 0.890652
v 3.177955 19.042856 1.277956
v 2.351745 19.762169 1.277956
v 3.072614 18.921860 1.665260
v 2.246404 19.641174 1.665260
v 2.194798 19.581898 0.858098
v 3.021008 18.862585 0.858098
v 2.194798 19.581898 1.697813
v 3.021008 18.862585 1.697813
v 2.285923 19.686565 1.277956
v 3.112134 18.967253 1.277956
v 3.072614 18.921860 0.029943
v 2.246404 19.641174 0.029943
v 3.177955 19.042856 0.417247
v 2.351745 19.762169 0.417247
v 3.072614 18.921860 0.804551
v 2.246404 19.641174 0.804551
v 2.194798 19.581898 -0.002610
v 3.021008 18.862585 -0.002610
v 2.194798 19.581898 0.837105
v 3.021008 18.862585 0.837105
v 2.285923 19.686565 0.417247
v 3.112134 18.967253 0.417247
v 3.072614 18.921860 -0.830766
v 2.246404 19.641174 -0.830766
v 3.177955 19.042856 -0.443461
v 2.351745 19.762169 -0.443461
v 3.072614 18.921860 -0.056157
v 2.246404 19.641174 -0.056157
v 2.194798 19.581898 -0.863319
v 3.021008 18.862585 -0.863319
v 2.194798 19.581898 -0.023604
v 3.021008 18.862585 -0.023604
v 2.285923 19.686565 -0.443461
v 3.112134 18.967253 -0.443461
v 3.072614 18.921860 -1.691475
v 2.246404 19.641174 -1.691475
v 3.177955 19.042856 -1.304171
v 2.351745 19.762169 -1.304171
v 3.072614 18.921860 -0.916866
v 2.246404 19.641174 -0.916866
v 2.194798 19.581898 -1.724028
v 3.021008 18.862585 -1.724028
v 2.194798 19.581898 -0.884313
v 3.021008 18.862585 -0.884313
v 2.285923 19.686565 -1.304171
v 3.112134 18.967253 -1.304171
v 3.072614 18.921860 -2.552183
v 2.246404 19.641174 -2.552183
v 3.177955 19.042856 -2.164879
v 2.351745 19.762169 -2.164879
v 3.072614 18.921860 -1.777575
v 2.246404 19.641174 -1.777575
v 2.194798 19.581898 -2.584737
v 3.021008 18.862585 -2.584737
v 2.194798 19.581898 -1.745022
v 3.021008 18.862585 -1.745022
v 2.285923 19.686565 -2.164879
v 3.112134 18.967253 -2.164879
v 3.072614 18.921860 -3.412892
v 2.246404 19.641174 -3.412892
v 3.177955 19.042856 -3.025588
v 2.351745 19.762169 -3.025588
v 3.072614 18.921860 -2.638284
v 2.246404 19.641174 -2.638284
v 2.194798 19.581898 -3.445446
v 3.021008 18.862585 -3.445446
v 2.194798 19.581898 -2.605730
v 3.021008 18.862585 -2.605730
v 2.285923 19.686565 -3.025588
v 3.112134 18.967253 -3.025588
v 3.072614 18.921860 -4.273602
v 2.246404 19.641174 -4.273602
v 3.177955 19.042856 -3.886297
v 2.351745 19.762169 -3.886297
v 3.072614 18.921860 -3.498992
v 2.246404 19.641174 -3.498992
v 2.194798 19.581898 -4.306154
v 3.021008 18.862585 -4.306154
v 2.194798 19.581898 -3.466439
v 3.021008 18.862585 -3.466439
v 2.285923 19.686565 -3.886297
v 3.112134 18.967253 -3.886297
v 3.072614 18.921860 -5.134310
v 2.246404 19.641174 -5.134310
v 3.177955 19.042856 -4.747005
v 2.351745 19.762169 -4.747005
v 3.072614 18.921860 -4.359701
v 2.246404 19.641174 -4.359701
v 2.194798 19.581898 -5.166864
v 3.021008 18.862585 -5.166864
v 2.194798 19.581898 -4.327148
v 3.021008 18.862585 -4.327148
v 2.285923 19.686565 -4.747005
v 3.112134 18.967253 -4.747005
v 3.072614 18.921860 -5.995018
v 2.246404 19.641174 -5.995018
v 3.177955 19.042856 -5.607714
v 2.351745 19.762169 -5.607714
v 3.072614 18.921860 -5.220409
v 2.246404 19.641174 -5.220409
v 2.194798 19.581898 -6.027573
v 3.021008 18.862585 -6.027573
v 2.194798 19.581898 -5.187857
v 3.021008 18.862585 -5.187857
v 2.285923 19.686565 -5.607714
v 3.112134 18.967253 -5.607714
v 3.072614 18.921860 -6.855726
v 2.246404 19.641174 -6.855726
v 3.177955 19.042856 -6.468422
v 2.351745 19.762169 -6.468422
v 3.072614 18.921860 -6.081118
v 2.246404 19.641174 -6.081118
v 2.194798 19.581898 -6.888279
v 3.021008 18.862585 -6.888279
v 2.194798 19.581898 -6.048565
v 3.021008 18.862585 -6.048565
v 2.285923 19.686565 -6.468422
v 3.112134 18.967253 -6.468422
v 3.072614 18.921860 -7.716434
v 2.246404 19.641174 -7.716434
v 3.177955 19.042856 -7.329130
v 2.351745 19.762169 -7.329130
v 3.072614 18.921860 -6.941826
v 2.246404 19.641174 -6.941826
v 2.194798 19.581898 -7.748987
v 3.021008 18.862585 -7.748987
v 2.194798 19.581898 -6.909271
v 3.021008 18.862585 -6.909271
v 2.285923 19.686565 -7.329130
v 3.112134 18.967253 -7.329130
v 3.072614 18.921860 -8.577143
v 2.246404 19.641174 -8.577143
v 3.177955 19.042856 -8.189838
v 2.351745 19.762169 -8.189838
v 3.072614 18.921860 -7.802532
v 2.246404 19.641174 -7.802532
v 2.194798 19.581898 -8.609695
v 3.021008 18.862585 -8.609695
v 2.194798 19.581898 -7.769979
v 3.021008 18.862585 -7.769979
v 2.285923 19.686565 -8.189838
v 3.112134 18.967253 -8.189838
v 3.072614 18.921860 -9.437849
v 2.246404 19.641174 -9.437849
v 3.177955 19.042856 -9.050545
v 2.351745 19.762169 -9.050545
v 3.072614 18.921860 -8.663240
v 2.246404 19.641174 -8.663240
v 2.194798 19.581898 -9.470404
v 3.021008 18.862585 -9.470404
v 2.194798 19.581898 -8.630688
v 3.021008 18.862585 -8.630688
v 2.285923 19.686565 -9.050545
v 3.112134 18.967253 -9.050545
v 3.072614 18.921860 -10.298557
v 2.246404 19.641174 -10.298557
v 3.177955 19.042856 -9.911253
v 2.351745 19.762169 -9.911253
v 3.072614 18.921860 -9.523949
v 2.246404 19.641174 -9.523949
v 2.194798 19.581898 -10.331110
v 3.021008 18.862585 -10.331110
v 2.194798 19.581898 -9.491396
v 3.021008 18.862585 -9.491396
v 2.285923 19.686565 -9.911253
v 3.112134 18.967253 -9.911253
v 3.072614 18.921860 -11.159266
v 2.246404 19.641174 -11.159266
v 3.177955 19.042856 -10.771961
v 2.351745 19.762169 -10.771961
v 3.072614 18.921860 -10.384657
v 2.246404 19.641174 -10.384657
v 2.194798 19.581898 -11.191818
v 3.021008 18.862585 -11.191818
v 2.194798 19.581898 -10.352102
v 3.021008 18.862585 -10.352102
v 2.285923 19.686565 -10.771961
v 3.112134 18.967253 -10.771961
v 3.072614 18.921860 -12.019972
v 2.246404 19.641174 -12.019972
v 3.177955 19.042856 -11.632668
v 2.351745 19.762169 -11.632668
v 3.072614 18.921860 -11.245363
v 2.246404 19.641174 -11.245363
v 2.194798 19.581898 -12.052526
v 3.021008 18.862585 -12.052526
v 2.194798 19.581898 -11.212811
v 3.021008 18.862585 -11.212811
v 2.285923 19.686565 -11.632668
v 3.112134 18.967253 -11.632668
v 3.072614 18.921860 -12.880680
v 2.246404 19.641174 -12.880680
v 3.177955 19.042856 -12.493376
v 2.351745 19.762169 -12.493376
v 3.072614 18.921860 -12.106071
v 2.246404 19.641174 -12.106071
v 2.194798 19.581898 -12.913233
v 3.021008 18.862585 -12.913233
v 2.194798 19.581898 -12.073519
v 3.021008 18.862585 -12.073519
v 2.285923 19.686565 -12.493376
v 3.112134 18.967253 -12.493376
v 2.293488 19.695255 12.079865
v 1.467278 20.414566 12.079865
v 2.398829 19.816250 12.467169
v 1.572618 20.535564 12.467169
v 2.293488 19.695255 12.854473
v 1.467278 20.414566 12.854473
v 1.415672 20.355293 12.047311
v 2.241882 19.635979 12.047311
v 1.415672 20.355293 12.887027
v 2.241882 19.635979 12.887027
v 1.506797 20.459961 12.467169
v 2.333007 19.740646 12.467169
v 2.293488 19.695255 11.219156
v 1.467278 20.414566 11.219156
v 2.398829 19.816250 11.606461
v 1.572618 20.535564 11.606461
v 2.293488 19.695255 11.993764
v 1.467278 20.414566 11.993764
v 1.415672 20.355293 11.186603
v 2.241882 19.635979 11.186603
v 1.415672 20.355293 12.026318
v 2.241882 19.635979 12.026318
v 1.506797 20.459961 11.606461
v 2.333007 19.740646 11.606461
v 2.293488 19.695255 10.358448
v 1.467278 20.414566 10.358448
v 2.398829 19.816250 10.745751
v 1.572618 20.535564 10.745751
v 2.293488 19.695255 11.133056
v 1.467278 20.414566 11.133056
v 1.415672 20.355293 10.325893
v 2.241882 19.635979 10.325893
v 1.415672 20.355293 11.165609
v 2.241882 19.635979 11.165609
v 1.506797 20.459961 10.745751
v 2.333007 19.740646 10.745751
v 2.293488 19.695255 9.497739
v 1.467278 20.414566 9.497739
v 2.398829 19.816250 9.885043
v 1.572618 20.535564 9.885043
v 2.293488 19.695255 10.272346
v 1.467278 20.414566 10.272346
v 1.415672 20.355293 9.465185
v 2.241882 19.635979 9.465185
v 1.415672 20.355293 10.304901
v 2.241882 19.635979 10.304901
v 1.506797 20.459961 9.885043
v 2.333007 19.740646 9.885043
v 2.293488 19.695255 8.637031
v 1.467278 20.414566 8.637031
v 2.398829 19.816250 9.024334
v 1.572618 20.535564 9.024334
v 2.293488 19.695255 9.411638
v 1.467278 20.414566 9.411638
v 1.415672 20.355293 8.604477
v 2.241882 19.635979 8.604477
v 1.415672 20.355293 9.444192
v 2.241882 19.635979 9.444192
v 1.506797 20.459961 9.024334
v 2.333007 19.740646 9.024334
v 2.293488 19.695255 7.776321
v 1.467278 20.414566 7.776321
v 2.398829 19.816250 8.163626
v 1.572618 20.535564 8.163626
v 2.293488 19.695255 8.550929
v 1.467278 20.414566 8.550929
v 1.415672 20.355293 7.743767
v 2.241882 19.635979 7.743767
v 1.415672 20.355293 8.583484
v 2.241882 19.635979 8.583484
v 1.506797 20.459961 8.163626
v 2.333007 19.740646 8.163626
v 2.293488 19.695255 6.915613
v 1.467278 20.414566 6.915613
v 2.398829 19.816250 7.302917
v 1.572618 20.535564 7.302917
v 2.293488 19.695255 7.690220
v 1.467278 20.414566 7.690220
v 1.415672 20.355293 6.883059
v 2.241882 19.635979 6.883059
v 1.415672 20.355293 7.722775
v 2.241882 19.635979 7.722775
v 1.506797 20.459961 7.302917
v 2.333007 19.740646 7.302917
v 2.293488 19.695255 6.054904
v 1.467278 20.414566 6.054904
v 2.398829 19.816250 6.442208
v 1.572618 20.535564 6.442208
v 2.293488 19.695255 6.829512
v 1.467278 20.414566 6.829512
v 1.415672 20.355293 6.022350
v 2.241882 19.635979 6.022350
v 1.415672 20.355293 6.862066
v 2.241882 19.635979 6.862066
v 1.506797 20.459961 6.442208
v 2.333007 19.740646 6.442208
v 2.293488 19.695255 5.194195
v 1.467278 20.414566 5.194195
v 2.398829 19.816250 5.581499
v 1.572618 20.535564 5.581499
v 2.293488 19.695255 5.968803
v 1.467278 20.414566 5.968803
v 1.415672 20.355293 5.161641
v 2.241882 19.635979 5.161641
v 1.415672 20.355293 6.001358
v 2.241882 19.635979 6.001358
v 1.506797 20.459961 5.581499
v 2.333007 19.740646 5.581499
v 2.293488 19.695255 4.333487
v 1.467278 20.414566 4.333487
v 2.398829 19.816250 4.720790
v 1.572618 20.535564 4.720790
v 2.293488 19.695255 5.108094
v 1.467278 20.414566 5.108094
v 1.415672 20.355293 4.300932
v 2.241882 19.635979 4.300932
v 1.415672 20.355293 5.140648
v 2.241882 19.635979 5.140648
v 1.506797 20.459961 4.720790
v 2.333007 19.740646 4.720790
v 2.293488 19.695255 3.472777
v 1.467278 20.414566 3.472777
v 2.398829 19.816250 3.860082
v 1.572618 20.535564 3.860082
v 2.293488 19.695255 4.247385
v 1.467278 20.414566 4.247385
v 1.415672 20.355293 3.440224
v 2.241882 19.635979 3.440224
v 1.415672 20.355293 4.279940
v 2.241882 19.635979 4.279940
v 1.506797 20.459961 3.860082
v 2.333007 19.740646 3.860082
v 2.293488 19.695255 2.612069
v 1.467278 20.414566 2.612069
v 2.398829 19.816250 2.999373
v 1.572618 20.535564 2.999373
v 2.293488 19.695255 3.386678
v 1.467278 20.414566 3.386678
v 1.415672 20.355293 2.579515
v 2.241882 19.635979 2.579515
v 1.415672 20.355293 3.419231
v 2.241882 19.635979 3.419231
v 1.506797 20.459961 2.999373
v 2.333007 19.740646 2.999373
v 2.293488 19.695255 1.751360
v 1.467278 20.414566 1.751360
v 2.398829 19.816250 2.138664
v 1.572618 20.535564 2.138664
v 2.293488 19.695255 2.525969
v 1.467278 20.414566 2.525969
v 1.415672 20.355293 1.718807
v 2.241882 19.635979 1.718807
v 1.415672 20.355293 2.558522
v 2.241882 19.635979 2.558522
v 1.506797 20.459961 2.138664
v 2.333007 19.740646 2.138664
v 2.293488 19.695255 0.890652
v 1.467278 20.414566 0.890652
v 2.398829 19.816250 1.277956
v 1.572618 20.535564 1.277956
v 2.293488 19.695255 1.665260
v 1.467278 20.414566 1.665260
v 1.415672 20.355293 0.858098
v 2.241882 19.635979 0.858098
v 1.415672 20.355293 1.697813
v 2.241882 19.635979 1.697813
v 1.506797 20.459961 1.277956
v 2.333007 19.740646 1.277956
v 2.293488 19.695255 0.029943
v 1.467278 20.414566 0.029943
v 2.398829 19.816250 0.417247
v 1.572618 20.535564 0.417247
v 2.293488 19.695255 0.804551
v 1.467278 20.414566 0.804551
v 1.415672 20.355293 -0.002610
v 2.241882 19.635979 -0.002610
v 1.415672 20.355293 0.837105
v 2.241882 19.635979 0.837105
v 1.506797 20.459961 0.417247
v 2.333007 19.740646 0.417247
v 2.293488 19.695255 -0.830766
v 1.467278 20.414566 -0.830766
v 2.398829 19.816250 -0.443461
v 1.572618 20.535564 -0.443461
v 2.293488 19.695255 -0.056157
v 1.467278 20.414566 -0.056157
v 1.415672 20.355293 -0.863319
v 2.241882 19.635979 -0.863319
v 1.415672 20.355293 -0.023604
v 2.241882 19.635979 -0.023604
v 1.506797 20.459961 -0.443461
v 2.333007 19.740646 -0.443461
v 2.293488 19.695255 -1.691475
v 1.467278 20.414566 -1.691475
v 2.398829 19.816250 -1.304171
v 1.572618 20.535564 -1.304171
v 2.293488 19.695255 -0.916866
v 1.467278 20.414566 -0.916866
v 1.415672 20.355293 -1.724028
v 2.241882 19.635979 -1.724028
v 1.415672 20.355293 -0.884313
v 2.241882 19.635979 -0.884313
v 1.506797 20.459961 -1.304171
v 2.333007 19.740646 -1.304171
v 2.293488 19.695255 -2.552183
v 1.467278 20.414566 -2.552183
v 2.398829 19.816250 -2.164879
v 1.572618 20.535564 -2.164879
v 2.293488 19.695255 -1.777575
v 1.467278 20.414566 -1.777575
v 1.415672 20.355293 -2.584737
v 2.241882 19.635979 -2.584737
v 1.415672 20.355293 -1.745022
v 2.241882 19.635979 -1.745022
v 1.506797 20.459961 -2.164879
v 2.333007 19.740646 -2.164879
v 2.293488 19.695255 -3.412892
v 1.467278 20.414566 -3.412892
v 2.398829 19.816250 -3.025588
v 1.572618 20.535564 -3.025588
v 2.293488 19.695255 -2.638284
v 1.467278 20.414566 -2.638284
v 1.415672 20.355293 -3.445446
v 2.241882 19.635979 -3.445446
v 1.415672 20.355293 -2.605730
v 2.241882 19.635979 -2.605730
v 1.506797 20.459961 -3.025588
v 2.333007 19.740646 -3.025588
v 2.293488 19.695255 -4.273602
v 1.467278 20.414566 -4.273602
v 2.398829 19.816250 -3.886297
v 1.572618 20.535564 -3.886297
v 2.293488 19.695255 -3.498992
v 1.467278 20.414566 -3.498992
v 1.415672 20.355293 -4.306154
v 2.241882 19.635979 -4.306154
v 1.415672 20.355293 -3.466439
v 2.241882 19.635979 -3.466439
v 1.506797 20.459961 -3.886297
v 2.333007 19.740646 -3.886297
v 2.293488 19.695255 -5.134310
v 1.467278 20.414566 -5.134310
v 2.398829 19.816250 -4.747005
v 1.572618 20.535564 -4.747005
v 2.293488 19.695255 -4.359701
v 1.467278 20.414566 -4.359701
v 1.415672 20.355293 -5.166864
v 2.241882 19.635979 -5.166864
v 1.415672 20.355293 -4.327148
v 2.241882 19.635979 -4.327148
v 1.506797 20.459961 -4.747005
v 2.333007 19.740646 -4.747005
v 2.293488 19.695255 -5.995018
v 1.467278 20.414566 -5.995018
v 2.398829 19.816250 -5.607714
v 1.572618 20.535564 -5.607714
v 2.293488 19.695255 -5.220409
v 1.467278 20.414566 -5.220409
v 1.415672 20.355293 -6.027573
v 2.241882 19.635979 -6.027573
v 1.415672 20.355293 -5.187857
v 2.241882 19.635979 -5.187857
v 1.506797 20.459961 -5.607714
v 2.333007 19.740646 -5.607714
v 2.293488 19.695255 -6.855726
v 1.467278 20.414566 -6.855726
v 2.398829 19.816250 -6.468422
v 1.572618 20.535564 -6.468422
v 2.293488 19.695255 -6.081118
v 1.467278 20.414566 -6.081118
v 1.415672 20.355293 -6.888279
v 2.241882 19.635979 -6.888279
v 1.415672 20.355293 -6.048565
v 2.241882 19.635979 -6.048565
v 1.506797 20.459961 -6.468422
v 2.333007 19.740646 -6.468422
v 2.293488 19.695255 -7.716434
v 1.467278 20.414566 -7.716434
v 2.398829 19.816250 -7.329130
v 1.572618 20.535564 -7.329130
v 2.293488 19.695255 -6.941826
v 1.467278 20.414566 -6.941826
v 1.415672 20.355293 -7.748987
v 2.241882 19.635979 -7.748987
v 1.415672 20.355293 -6.909271
v 2.241882 19.635979 -6.909271
v 1.506797 20.459961 -7.329130
v 2.333007 19.740646 -7.329130
v 2.293488 19.695255 -8.577143
v 1.467278 20.414566 -8.577143
v 2.398829 19.816250 -8.189838
v 1.572618 20.535564 -8.189838
v 2.293488 19.695255 -7.802532
v 1.467278 20.414566 -7.802532
v 1.415672 20.355293 -8.609695
v 2.241882 19.635979 -8.609695
v 1.415672 20.355293 -7.769979
v 2.241882 19.635979 -7.769979
v 1.506797 20.459961 -8.189838
v 2.333007 19.740646 -8.189838
v 2.293488 19.695255 -9.437849
v 1.467278 20.414566 -9.437849
v 2.398829 19.816250 -9.050545
v 1.572618 20.535564 -9.050545
v 2.293488 19.695255 -8.663240
v 1.467278 20.414566 -8.663240
v 1.415672 20.355293 -9.470404
v 2.241882 19.635979 -9.470404
v 1.415672 20.355293 -8.630688
v 2.241882 19.635979 -8.630688
v 1.506797 20.459961 -9.050545
v 2.333007 19.740646 -9.050545
v 2.293488 19.695255 -10.298557
v 1.467278 20.414566 -10.298557
v 2.398829 19.816250 -9.911253
v 1.572618 20.535564 -9.911253
v 2.293488 19.695255 -9.523949
v 1.467278 20.414566 -9.523949
v 1.415672 20.355293 -10.331110
v 2.241882 19.635979 -10.331110
v 1.415672 20.355293 -9.491396
v 2.241882 19.635979 -9.491396
v 1.506797 20.459961 -9.911253
v 2.333007 19.740646 -9.911253
v 2.293488 19.695255 -11.159266
v 1.467278 20.414566 -11.159266
v 2.398829 19.816250 -10.771961
v 1.572618 20.535564 -10.771961
v 2.293488 19.695255 -10.384657
v 1.467278 20.414566 -10.384657
v 1.415672 20.355293 -11.191818
v 2.241882 19.635979 -11.191818
v 1.415672 20.355293 -10.352102
v 2.241882 19.635979 -10.352102
v 1.506797 20.459961 -10.771961
v 2.333007 19.740646 -10.771961
v 2.293488 19.695255 -12.019972
v 1.467278 20.414566 -12.019972
v 2.398829 19.816250 -11.632668
v 1.572618 20.535564 -11.632668
v 2.293488 19.695255 -11.245363
v 1.467278 20.414566 -11.245363
v 1.415672 20.355293 -12.052526
v 2.241882 19.635979 -12.052526
v 1.415672 20.355293 -11.212811
v 2.241882 19.635979 -11.212811
v 1.506797 20.459961 -11.632668
v 2.333007 19.740646 -11.632668
v 2.293488 19.695255 -12.880680
v 1.467278 20.414566 -12.880680
v 2.398829 19.816250 -12.493376
v 1.572618 20.535564 -12.493376
v 2.293488 19.695255 -12.106071
v 1.467278 20.414566 -12.106071
v 1.415672 20.355293 -12.913233
v 2.241882 19.635979 -12.913233
v 1.415672 20.355293 -12.073519
v 2.241882 19.635979 -12.073519
v 1.506797 20.459961 -12.493376
v 2.333007 19.740646 -12.493376
v 1.514362 20.468649 12.079865
v 0.688151 21.187962 12.079865
v 1.619703 20.589645 12.467169
v 0.793491 21.308958 12.467169
v 1.514362 20.468649 12.854473
v 0.688151 21.187962 12.854473
v 0.636545 21.128687 12.047311
v 1.462756 20.409374 12.047311
v 0.636545 21.128687 12.887027
v 1.462756 20.409374 12.887027
v 0.727670 21.233355 12.467169
v 1.553881 20.514042 12.467169
v 1.514362 20.468649 11.219156
v 0.688151 21.187962 11.219156
v 1.619703 20.589645 11.606461
v 0.793491 21.308958 11.606461
v 1.514362 20.468649 11.993764
v 0.688151 21.187962 11.993764
v 0.636545 21.128687 11.186603
v 1.462756 20.409374 11.186603
v 0.636545 21.128687 12.026318
v 1.462756 20.409374 12.026318
v 0.727670 21.233355 11.606461
v 1.553881 20.514042 11.606461
v 1.514362 20.468649 10.358448
v 0.688151 21.187962 10.358448
v 1.619703 20.589645 10.745751
v 0.793491 21.308958 10.745751
v 1.514362 20.468649 11.133056
v 0.688151 21.187962 11.133056
v 0.636545 21.128687 10.325893
v 1.462756 20.409374 10.325893
v 0.636545 21.128687 11.165609
v 1.462756 20.409374 11.165609
v 0.727670 21.233355 10.745751
v 1.553881 20.514042 10.745751
v 1.514362 20.468649 9.497739
v 0.688151 21.187962 9.497739
v 1.619703 20.589645 9.885043
v 0.793491 21.308958 9.885043
v 1.514362 20.468649 10.272346
v 0.688151 21.187962 10.272346
v 0.636545 21.128687 9.465185
v 1.462756 20.409374 9.465185
v 0.636545 21.128687 10.304901
v 1.462756 20.409374 10.304901
v 0.727670 21.233355 9.885043
v 1.553881 20.514042 9.885043
v 1.514362 20.468649 8.637031
v 0.688151 21.187962 8.637031
v 1.619703 20.589645 9.024334
v 0.793491 21.308958 9.024334
v 1.514362 20.468649 9.411638
v 0.688151 21.187962 9.411638
v 0.636545 21.128687 8.604477
v 1.462756 20.409374 8.604477
v 0.636545 21.128687 9.444192
v 1.462756 20.409374 9.444192
v 0.727670 21.233355 9.024334
v 1.553881 20.514042 9.024334
v 1.514362 20.468649 7.776321
v 0.688151 21.187962 7.776321
v 1.619703 20.589645 8.163626
v 0.793491 21.308958 8.163626
v 1.514362 20.468649 8.550929
v 0.688151 21.187962 8.550929
v 0.636545 21.128687 7.743767
v 1.462756 20.409374 7.743767
v 0.636545 21.128687 8.583484
v 1.462756 20.409374 8.583484
v 0.727670 21.233355 8.163626
v 1.553881 20.514042 8.163626
v 1.514362 20.468649 6.915613
v 0.688151 21.187962 6.915613
v 1.619703 20.589645 7.302917
v 0.793491 21.308958 7.302917
v 1.514362 20.468649 7.690220
v 0.688151 21.187962 7.690220
v 0.636545 21.128687 6.883059
v 1.462756 20.409374 6.883059
v 0.636545 21.128687 7.722775
v 1.462756 20.409374 7.722775
v 0.727670 21.233355 7.302917
v 1.553881 20.514042 7.302917
v 1.514362 20.468649 6.054904
v 0.688151 21.187962 6.054904
v 1.619703 20.589645 6.442208
v 0.793491 21.308958 6.442208
v 1.514362 20.468649 6.829512
v 0.688151 21.187962 6.829512
v 0.636545 21.128687 6.022350
v 1.462756 20.409374 6.022350
v 0.636545 21.128687 6.862066
v 1.462756 20.409374 6.862066
v 0.727670 21.233355 6.442208
v 1.553881 20.514042 6.442208
v 1.514362 20.468649 5.194195
v 0.688151 21.187962 5.194195
v 1.619703 20.589645 5.581499
v 0.793491 21.308958 5.581499
v 1.514362 20.468649 5.968803
v 0.688151 21.187962 5.968803
v 0.636545 21.128687 5.161641
v 1.462756 20.409374 5.161641
v 0.636545 21.128687 6.001358
v 1.462756 20.409374 6.001358
v 0.727670 21.233355 5.581499
v 1.553881 20.514042 5.581499
v 1.514362 20.468649 4.333487
v 0.688151 21.187962 4.333487
v 1.619703 20.589645 4.720790
v 0.793491 21.308958 4.720790
v 1.514362 20.468649 5.108094
v 0.688151 21.187962 5.108094
v 0.636545 21.128687 4.300932
v 1.462756 20.409374 4.300932
v 0.636545 21.128687 5.140648
v 1.462756 20.409374 5.140648
v 0.727670 21.233355 4.720790
v 1.553881 20.514042 4.720790
v 1.514362 20.468649 3.472777
v 0.688151 21.187962 3.472777
v 1.619703 20.589645 3.860082
v 0.793491 21.308958 3.860082
v 1.514362 20.468649 4.247385
v 0.688151 21.187962 4.247385
v 0.636545 21.128687 3.440224
v 1.462756 20.409374 3.440224
v 0.636545 21.128687 4.279940
v 1.462756 20.409374 4.279940
v 0.727670 21.233355 3.860082
v 1.553881 20.514042 3.860082
v 1.514362 20.468649 2.612069
v 0.688151 21.187962 2.612069
v 1.619703 20.589645 2.999373
v 0.793491 21.308958 2.999373
v 1.514362 20.468649 3.386678
v 0.688151 21.187962 3.386678
v 0.636545 21.128687 2.579515
v 1.462756 20.409374 2.579515
v 0.636545 21.128687 3.419231
v 1.462756 20.409374 3.419231
v 0.727670 21.233355 2.999373
v 1.553881 20.514042 2.999373
v 1.514362 20.468649 1.751360
v 0.688151 21.187962 1.751360
v 1.619703 20.589645 2.138664
v 0.793491 21.308958 2.138664
v 1.514362 20.468649 2.525969
v 0.688151 21.187962 2.525969
v 0.636545 21.128687 1.718807
v 1.462756 20.409374 1.718807
v 0.636545 21.128687 2.558522
v 1.462756 20.409374 2.558522
v 0.727670 21.233355 2.138664
v 1.553881 20.514042 2.138664
v 1.514362 20.468649 0.890652
v 0.688151 21.187962 0.890652
v 1.619703 20.589645 1.277956
v 0.793491 21.308958 1.277956
v 1.514362 20.468649 1.665260
v 0.688151 21.187962 1.665260
v 0.636545 21.128687 0.858098
v 1.462756 20.409374 0.858098
v 0.636545 21.128687 1.697813
v 1.462756 20.409374 1.697813
v 0.727670 21.233355 1.277956
v 1.553881 20.514042 1.277956
v 1.514362 20.468649 0.029943
v 0.688151 21.187962 0.029943
v 1.619703 20.589645 0.417247
v 0.793491 21.308958 0.417247
v 1.514362 20.468649 0.804551
v 0.688151 21.187962 0.804551
v 0.636545 21.128687 -0.002610
v 1.462756 20.409374 -0.002610
v 0.636545 21.128687 0.837105
v 1.462756 20.409374 0.837105
v 0.727670 21.233355 0.417247
v 1.553881 20.514042 0.417247
v 1.514362 20.468649 -0.830766
v 0.688151 21.187962 -0.830766
v 1.619703 20.589645 -0.443461
v 0.793491 21.308958 -0.443461
v 1.514362 20.468649 -0.056157
v 0.688151 21.187962 -0.056157
v 0.636545 21.128687 -0.863319
v 1.462756 20.409374 -0.863319
v 0.636545 21.128687 -0.023604
v 1.462756 20.409374 -0.023604
v 0.727670 21.233355 -0.443461
v 1.553881 20.514042 -0.443461
v 1.514362 20.468649 -1.691475
v 0.688151 21.187962 -1.691475
v 1.619703 20.589645 -1.304171
v 0.793491 21.308958 -1.304171
v 1.514362 20.468649 -0.916866
v 0.688151 21.187962 -0.916866
v 0.636545 21.128687 -1.724028
v 1.462756 20.409374 -1.724028
v 0.636545 21.128687 -0.884313
v 1.462756 20.409374 -0.884313
v 0.727670 21.233355 -1.304171
v 1.553881 20.514042 -1.304171
v 1.514362 20.468649 -2.552183
v 0.688151 21.187962 -2.552183
v 1.619703 20.589645 -2.164879
v 0.793491 21.308958 -2.164879
v 1.514362 20.468649 -1.777575
v 0.688151 21.187962 -1.777575
v 0.636545 21.128687 -2.584737
v 1.462756 20.409374 -2.584737
v 0.636545 21.128687 -1.745022
v 1.462756 20.409374 -1.745022
v 0.727670 21.233355 -2.164879
v 1.553881 20.514042 -2.164879
v 1.514362 20.468649 -3.412892
v 0.688151 21.187962 -3.412892
v 1.619703 20.589645 -3.025588
v 0.793491 21.308958 -3.025588
v 1.514362 20.468649 -2.638284
v 0.688151 21.187962 -2.638284
v 0.636545 21.128687 -3.445446
v 1.462756 20.409374 -3.445446
v 0.636545 21.128687 -2.605730
v 1.462756 20.409374 -2.605730
v 0.727670 21.233355 -3.025588
v 1.553881 20.514042 -3.025588
v 1.514362 20.468649 -4.273602
v 0.688151 21.187962 -4.273602
v 1.619703 20.589645 -3.886297
v 0.793491 21.308958 -3.886297
v 1.514362 20.468649 -3.498992
v 0.688151 21.187962 -3.498992
v 0.636545 21.128687 -4.306154
v 1.462756 20.409374 -4.306154
v 0.636545 21.128687 -3.466439
v 1.462756 20.409374 -3.466439
v 0.727670 21.233355 -3.886297
v 1.553881 20.514042 -3.886297
v 1.514362 20.468649 -5.134310
v 0.688151 21.187962 -5.134310
v 1.619703 20.589645 -4.747005
v 0.793491 21.308958 -4.747005
v 1.514362 20.468649 -4.359701
v 0.688151 21.187962 -4.359701
v 0.636545 21.128687 -5.166864
v 1.462756 20.409374 -5.166864
v 0.636545 21.128687 -4.327148
v 1.462756 20.409374 -4.327148
v 0.727670 21.233355 -4.747005
v 1.553881 20.514042 -4.747005
v 1.514362 20.468649 -5.995018
v 0.688151 21.187962 -5.995018
v 1.619703 20.589645 -5.607714
v 0.793491 21.308958 -5.607714
v 1.514362 20.468649 -5.220409
v 0.688151 21.187962 -5.220409
v 0.636545 21.128687 -6.027573
v 1.462756 20.409374 -6.027573
v 0.636545 21.128687 -5.187857
v 1.462756 20.409374 -5.187857
v 0.727670 21.233355 -5.607714
v 1.553881 20.514042 -5.607714
v 1.514362 20.468649 -6.855726
v 0.688151 21.187962 -6.855726
v 1.619703 20.589645 -6.468422
v 0.793491 21.308958 -6.468422
v 1.514362 20.468649 -6.081118
v 0.688151 21.187962 -6.081118
v 0.636545 21.128687 -6.888279
v 1.462756 20.409374 -6.888279
v 0.636545 21.128687 -6.048565
v 1.462756 20.409374 -6.048565
v 0.727670 21.233355 -6.468422
v 1.553881 20.514042 -6.468422
v 1.514362 20.468649 -7.716434
v 0.688151 21.187962 -7.716434
v 1.619703 20.589645 -7.329130
v 0.793491 21.308958 -7.329130
v 1.514362 20.468649 -6.941826
v 0.688151 21.187962 -6.941826
v 0.636545 21.128687 -7.748987
v 1.462756 20.409374 -7.748987
v 0.636545 21.128687 -6.909271
v 1.462756 20.409374 -6.909271
v 0.727670 21.233355 -7.329130
v 1.553881 20.514042 -7.329130
v 1.514362 20.468649 -8.577143
v 0.688151 21.187962 -8.577143
v 1.619703 20.589645 -8.189838
v 0.793491 21.308958 -8.189838
v 1.514362 20.468649 -7.802532
v 0.688151 21.187962 -7.802532
v 0.636545 21.128687 -8.609695
v 1.462756 20.409374 -8.609695
v 0.636545 21.128687 -7.769979
v 1.462756 20.409374 -7.769979
v 0.727670 21.233355 -8.189838
v 1.553881 20.514042 -8.189838
v 1.514362 20.468649 -9.437849
v 0.688151 21.187962 -9.437849
v 1.619703 20.589645 -9.050545
v 0.793491 21.308958 -9.050545
v 1.514362 20.468649 -8.663240
v 0.688151 21.187962 -8.663240
v 0.636545 21.128687 -9.470404
v 1.462756 20.409374 -9.470404
v 0.636545 21.128687 -8.630688
v 1.462756 20.409374 -8.630688
v 0.727670 21.233355 -9.050545
v 1.553881 20.514042 -9.050545
v 1.514362 20.468649 -10.298557
v 0.688151 21.187962 -10.298557
v 1.619703 20.589645 -9.911253
v 0.793491 21.308958 -9.911253
v 1.514362 20.468649 -9.523949
v 0.688151 21.187962 -9.523949
v 0.636545 21.128687 -10.331110
v 1.462756 20.409374 -10.331110
v 0.636545 21.128687 -9.491396
v 1.462756 20.409374 -9.491396
v 0.727670 21.233355 -9.911253
v 1.553881 20.514042 -9.911253
v 1.514362 20.468649 -11.159266
v 0.688151 21.187962 -11.159266
v 1.619703 20.589645 -10.771961
v 0.793491 21.308958 -10.771961
v 1.514362 20.468649 -10.384657
v 0.688151 21.187962 -10.384657
v 0.636545 21.128687 -11.191818
v 1.462756 20.409374 -11.191818
v 0.636545 21.128687 -10.352102
v 1.462756 20.409374 -10.352102
v 0.727670 21.233355 -10.771961
v 1.553881 20.514042 -10.771961
v 1.514362 20.468649 -12.019972
v 0.688151 21.187962 -12.019972
v 1.619703 20.589645 -11.632668
v 0.793491 21.308958 -11.632668
v 1.514362 20.468649 -11.245363
v 0.688151 21.187962 -11.245363
v 0.636545 21.128687 -12.052526
v 1.462756 20.409374 -12.052526
v 0.636545 21.128687 -11.212811
v 1.462756 20.409374 -11.212811
v 0.727670 21.233355 -11.632668
v 1.553881 20.514042 -11.632668
v 1.514362 20.468649 -12.880680
v 0.688151 21.187962 -12.880680
v 1.619703 20.589645 -12.493376
v 0.793491 21.308958 -12.493376
v 1.514362 20.468649 -12.106071
v 0.688151 21.187962 -12.106071
v 0.636545 21.128687 -12.913233
v 1.462756 20.409374 -12.913233
v 0.636545 21.128687 -12.073519
v 1.462756 20.409374 -12.073519
v 0.727670 21.233355 -12.493376
v 1.553881 20.514042 -12.493376
v 0.735235 21.242043 12.079865
v -0.090976 21.961357 12.079865
v 0.840576 21.363039 12.467169
v 0.014365 22.082352 12.467169
v 0.735235 21.242043 12.854473
v -0.090976 21.961357 12.854473
v -0.142582 21.902081 12.047311
v 0.683629 21.182770 12.047311
v -0.142582 21.902081 12.887027
v 0.683629 21.182770 12.887027
v -0.051456 22.006748 12.467169
v 0.774755 21.287436 12.467169
v 0.735235 21.242043 11.219156
v -0.090976 21.961357 11.219156
v 0.840576 21.363039 11.606461
v 0.014365 22.082352 11.606461
v 0.735235 21.242043 11.993764
v -0.090976 21.961357 11.993764
v -0.142582 21.902081 11.186603
v 0.683629 21.182770 11.186603
v -0.142582 21.902081 12.026318
v 0.683629 21.182770 12.026318
v -0.051456 22.006748 11.606461
v 0.774755 21.287436 11.606461
v 0.735235 21.242043 10.358448
v -0.090976 21.961357 10.358448
v 0.840576 21.363039 10.745751
v 0.014365 22.082352 10.745751
v 0.735235 21.242043 11.133056
v -0.090976 21.961357 11.133056
v -0.142582 21.902081 10.325893
v 0.683629 21.182770 10.325893
v -0.142582 21.902081 11.165609
v 0.683629 21.182770 11.165609
v -0.051456 22.006748 10.745751
v 0.774755 21.287436 10.745751
v 0.735235 21.242043 9.497739
v -0.090976 21.961357 9.497739
v 0.840576 21.363039 9.885043
v 0.014365 22.082352 9.885043
v 0.735235 21.242043 10.272346
v -0.090976 21.961357 10.272346
v -0.142582 21.902081 9.465185
v 0.683629 21.182770 9.465185
v -0.142582 21.902081 10.304901
v 0.683629 21.182770 10.304901
v -0.051456 22.006748 9.885043
v 0.774755 21.287436 9.885043
v 0.735235 21.242043 8.637031
v -0.090976 21.961357 8.637031
v 0.840576 21.363039 9.024334
v 0.014365 22.082352 9.024334
v 0.735235 21.242043 9.411638
v -0.090976 21.961357 9.411638
v -0.142582 21.902081 8.604477
v 0.683629 21.182770 8.604477
v -0.142582 21.902081 9.444192
v 0.683629 21.182770 9.444192
v -0.051456 22.006748 9.024334
v 0.774755 21.287436 9.024334
v 0.735235 21.242043 7.776321
v -0.090976 21.961357 7.776321
v 0.840576 21.363039 8.163626
v 0.014365 22.082352 8.163626
v 0.735235 21.242043 8.550929
v -0.090976 21.961357 8.550929
v -0.142582 21.902081 7.743767
v 0.683629 21.182770 7.743767
v -0.142582 21.902081 8.583484
v 0.683629 21.182770 8.583484
v -0.051456 22.006748 8.163626
v 0.774755 21.287436 8.163626
v 0.735235 21.242043 6.915613
v -0.090976 21.961357 6.915613
v 0.840576 21.363039 7.302917
v 0.014365 22.082352 7.302917
v 0.735235 21.242043 7.690220
v -0.090976 21.961357 7.690220
v -0.142582 21.902081 6.883059
v 0.683629 21.182770 6.883059
v -0.142582 21.902081 7.722775
v 0.683629 21.182770 7.722775
v -0.051456 22.006748 7.302917
v 0.774755 21.287436 7.302917
v 0.735235 21.242043 6.054904
v -0.090976 21.961357 6.054904
v 0.840576 21.363039 6.442208
v 0.014365 22.082352 6.442208
v 0.735235 21.242043 6.829512
v -0.090976 21.961357 6.829512
v -0.142582 21.902081 6.022350
v 0.683629 21.182770 6.022350
v -0.142582 21.902081 6.862066
v 0.683629 21.182770 6.862066
v -0.051456 22.006748 6.442208
v 0.774755 21.287436 6.442208
v 0.735235 21.242043 5.194195
v -0.090976 21.961357 5.194195
v 0.840576 21.363039 5.581499
v 0.014365 22.082352 5.581499
v 0.735235 21.242043 5.968803
v -0.090976 21.961357 5.968803
v -0.142582 21.902081 5.161641
v 0.683629 21.182770 5.161641
v -0.142582 21.902081 6.001358
v 0.683629 21.182770 6.001358
v -0.051456 22.006748 5.581499
v 0.774755 21.287436 5.581499
v 0.735235 21.242043 4.333487
v -0.090976 21.961357 4.333487
v 0.840576 21.363039 4.720790
v 0.014365 22.082352 4.720790
v 0.735235 21.242043 5.108094
v -0.090976 21.961357 5.108094
v -0.142582 21.902081 4.300932
v 0.683629 21.182770 4.300932
v -0.142582 21.902081 5.140648
v 0.683629 21.182770 5.140648
v -0.051456 22.006748 4.720790
v 0.774755 21.287436 4.720790
v 0.735235 21.242043 3.472777
v -0.090976 21.961357 3.472777
v 0.840576 21.363039 3.860082
v 0.014365 22.082352 3.860082
v 0.735235 21.242043 4.247385
v -0.090976 21.961357 4.247385
v -0.142582 21.902081 3.440224
v 0.683629 21.182770 3.440224
v -0.142582 21.902081 4.279940
v 0.683629 21.182770 4.279940
v -0.051456 22.006748 3.860082
v 0.774755 21.287436 3.860082
v 0.735235 21.242043 2.612069
v -0.090976 21.961357 2.612069
v 0.840576 21.363039 2.999373
v 0.014365 22.082352 2.999373
v 0.735235 21.242043 3.386678
v -0.090976 21.961357 3.386678
v -0.142582 21.902081 2.579515
v 0.683629 21.182770 2.579515
v -0.142582 21.902081 3.419231
v 0.683629 21.182770 3.419231
v -0.051456 22.006748 2.999373
v 0.774755 21.287436 2.999373
v 0.735235 21.242043 1.751360
v -0.090976 21.961357 1.751360
v 0.840576 21.363039 2.138664
v 0.014365 22.082352 2.138664
v 0.735235 21.242043 2.525969
v -0.090976 21.961357 2.525969
v -0.142582 21.902081 1.718807
v 0.683629 21.182770 1.718807
v -0.142582 21.902081 2.558522
v 0.683629 21.182770 2.558522
v -0.051456 22.006748 2.138664
v 0.774755 21.287436 2.138664
v 0.735235 21.242043 0.890652
v -0.090976 21.961357 0.890652
v 0.840576 21.363039 1.277956
v 0.014365 22.082352 1.277956
v 0.735235 21.242043 1.665260
v -0.090976 21.961357 1.665260
v -0.142582 21.902081 0.858098
v 0.683629 21.182770 0.858098
v -0.142582 21.902081 1.697813
v 0.683629 21.182770 1.697813
v -0.051456 22.006748 1.277956
v 0.774755 21.287436 1.277956
v 0.735235 21.242043 0.029943
v -0.090976 21.961357 0.029943
v 0.840576 21.363039 0.417247
v 0.014365 22.082352 0.417247
v 0.735235 21.242043 0.804551
v -0.090976 21.961357 0.804551
v -0.142582 21.902081 -0.002610
v 0.683629 21.182770 -0.002610
v -0.142582 21.902081 0.837105
v 0.683629 21.182770 0.837105
v -0.051456 22.006748 0.417247
v 0.774755 21.287436 0.417247
v 0.735235 21.242043 -0.830766
v -0.090976 21.961357 -0.830766
v 0.840576 21.363039 -0.443461
v 0.014365 22.082352 -0.443461
v 0.735235 21.242043 -0.056157
v -0.090976 21.961357 -0.056157
v -0.142582 21.902081 -0.863319
v 0.683629 21.182770 -0.863319
v -0.142582 21.902081 -0.023604
v 0.683629 21.182770 -0.023604
v -0.051456 22.006748 -0.443461
v 0.774755 21.287436 -0.443461
v 0.735235 21.242043 -1.691475
v -0.090976 21.961357 -1.691475
v 0.840576 21.363039 -1.304171
v 0.014365 22.082352 -1.304171
v 0.735235 21.242043 -0.916866
v -0.090976 21.961357 -0.916866
v -0.142582 21.902081 -1.724028
v 0.683629 21.182770 -1.724028
v -0.142582 21.902081 -0.884313
v 0.683629 21.182770 -0.884313
v -0.051456 22.006748 -1.304171
v 0.774755 21.287436 -1.304171
v 0.735235 21.242043 -2.552183
v -0.090976 21.961357 -2.552183
v 0.840576 21.363039 -2.164879
v 0.014365 22.082352 -2.164879
v 0.735235 21.242043 -1.777575
v -0.090976 21.961357 -1.777575
v -0.142582 21.902081 -2.584737
v 0.683629 21.182770 -2.584737
v -0.142582 21.902081 -1.745022
v 0.683629 21.182770 -1.745022
v -0.051456 22.006748 -2.164879
v 0.774755 21.287436 -2.164879
v 0.735235 21.242043 -3.412892
v -0.090976 21.961357 -3.412892
v 0.840576 21.363039 -3.025588
v 0.014365 22.082352 -3.025588
v 0.735235 21.242043 -2.638284
v -0.090976 21.961357 -2.638284
v -0.142582 21.902081 -3.445446
v 0.683629 21.182770 -3.445446
v -0.142582 21.902081 -2.605730
v 0.683629 21.182770 -2.605730
v -0.051456 22.006748 -3.025588
v 0.774755 21.287436 -3.025588
v 0.735235 21.242043 -4.273602
v -0.090976 21.961357 -4.273602
v 0.840576 21.363039 -3.886297
v 0.014365 22.082352 -3.886297
v 0.735235 21.242043 -3.498992
v -0.090976 21.961357 -3.498992
v -0.142582 21.902081 -4.306154
v 0.683629 21.182770 -4.306154
v -0.142582 21.902081 -3.466439
v 0.683629 21.182770 -3.466439
v -0.051456 22.006748 -3.886297
v 0.774755 21.287436 -3.886297
v 0.735235 21.242043 -5.134310
v -0.090976 21.961357 -5.134310
v 0.840576 21.363039 -4.747005
v 0.014365 22.082352 -4.747005
v 0.735235 21.242043 -4.359701
v -0.090976 21.961357 -4.359701
v -0.142582 21.902081 -5.166864
v 0.683629 21.182770 -5.166864
v -0.142582 21.902081 -4.327148
v 0.683629 21.182770 -4.327148
v -0.051456 22.006748 -4.747005
v 0.774755 21.287436 -4.747005
v 0.735235 21.242043 -5.995018
v -0.090976 21.961357 -5.995018
v 0.840576 21.363039 -5.607714
v 0.014365 22.082352 -5.607714
v 0.735235 21.242043 -5.220409
v -0.090976 21.961357 -5.220409
v -0.142582 21.902081 -6.027573
v 0.683629 21.182770 -6.027573
v -0.142582 21.902081 -5.187857
v 0.683629 21.182770 -5.187857
v -0.051456 22.006748 -5.607714
v 0.774755 21.287436 -5.607714
v 0.735235 21.242043 -6.855726
v -0.090976 21.961357 -6.855726
v 0.840576 21.363039 -6.468422
v 0.014365 22.082352 -6.468422
v 0.735235 21.242043 -6.081118
v -0.090976 21.961357 -6.081118
v -0.142582 21.902081 -6.888279
v 0.683629 21.182770 -6.888279
v -0.142582 21.902081 -6.048565
v 0.683629 21.182770 -6.048565
v -0.051456 22.006748 -6.468422
v 0.774755 21.287436 -6.468422
v 0.735235 21.242043 -7.716434
v -0.090976 21.961357 -7.716434
v 0.840576 21.363039 -7.329130
v 0.014365 22.082352 -7.329130
v 0.735235 21.242043 -6.941826
v -0.090976 21.961357 -6.941826
v -0.142582 21.902081 -7.748987
v 0.683629 21.182770 -7.748987
v -0.142582 21.902081 -6.909271
v 0.683629 21.182770 -6.909271
v -0.051456 22.006748 -7.329130
v 0.774755 21.287436 -7.329130
v 0.735235 21.242043 -8.577143
v -0.090976 21.961357 -8.577143
v 0.840576 21.363039 -8.189838
v 0.014365 22.082352 -8.189838
v 0.735235 21.242043 -7.802532
v -0.090976 21.961357 -7.802532
v -0.142582 21.902081 -8.609695
v 0.683629 21.182770 -8.609695
v -0.142582 21.902081 -7.769979
v 0.683629 21.182770 -7.769979
v -0.051456 22.006748 -8.189838
v 0.774755 21.287436 -8.189838
v 0.735235 21.242043 -9.437849
v -0.090976 21.961357 -9.437849
v 0.840576 21.363039 -9.050545
v 0.014365 22.082352 -9.050545
v 0.735235 21.242043 -8.663240
v -0.090976 21.961357 -8.663240
v -0.142582 21.902081 -9.470404
v 0.683629 21.182770 -9.470404
v -0.142582 21.902081 -8.630688
v 0.683629 21.182770 -8.630688
v -0.051456 22.006748 -9.050545
v 0.774755 21.287436 -9.050545
v 0.735235 21.242043 -10.298557
v -0.090976 21.961357 -10.298557
v 0.840576 21.363039 -9.911253
v 0.014365 22.082352 -9.911253
v 0.735235 21.242043 -9.523949
v -0.090976 21.961357 -9.523949
v -0.142582 21.902081 -10.331110
v 0.683629 21.182770 -10.331110
v -0.142582 21.902081 -9.491396
v 0.683629 21.182770 -9.491396
v -0.051456 22.006748 -9.911253
v 0.774755 21.287436 -9.911253
v 0.735235 21.242043 -11.159266
v -0.090976 21.961357 -11.159266
v 0.840576 21.363039 -10.771961
v 0.014365 22.082352 -10.771961
v 0.735235 21.242043 -10.384657
v -0.090976 21.961357 -10.384657
v -0.142582 21.902081 -11.191818
v 0.683629 21.182770 -11.191818
v -0.142582 21.902081 -10.352102
v 0.683629 21.182770 -10.352102
v -0.051456 22.006748 -10.771961
v 0.774755 21.287436 -10.771961
v 0.735235 21.242043 -12.019972
v -0.090976 21.961357 -12.019972
v 0.840576 21.363039 -11.632668
v 0.014365 22.082352 -11.632668
v 0.735235 21.242043 -11.245363
v -0.090976 21.961357 -11.245363
v -0.142582 21.902081 -12.052526
v 0.683629 21.182770 -12.052526
v -0.142582 21.902081 -11.212811
v 0.683629 21.182770 -11.212811
v -0.051456 22.006748 -11.632668
v 0.774755 21.287436 -11.632668
v 0.735235 21.242043 -12.880680
v -0.090976 21.961357 -12.880680
v 0.840576 21.363039 -12.493376
v 0.014365 22.082352 -12.493376
v 0.735235 21.242043 -12.106071
v -0.090976 21.961357 -12.106071
v -0.142582 21.902081 -12.913233
v 0.683629 21.182770 -12.913233
v -0.142582 21.902081 -12.073519
v 0.683629 21.182770 -12.073519
v -0.051456 22.006748 -12.493376
v 0.774755 21.287436 -12.493376
s 0
f 84 90 89
f 84 85 83
f 86 87 85
f 87 91 92
f 86 89 93
f 85 92 94
f 94 89 90
f 93 92 91
f 96 102 101
f 96 97 95
f 98 99 97
f 99 103 104
f 98 101 105
f 97 104 106
f 106 101 102
f 105 104 103
f 108 114 113
f 108 109 107
f 110 111 109
f 111 115 116
f 110 113 117
f 109 116 118
f 118 113 114
f 117 116 115
f 120 126 125
f 120 121 119
f 122 123 121
f 123 127 128
f 122 125 129
f 121 128 130
f 130 125 126
f 129 128 127
f 132 138 137
f 132 133 131
f 134 135 133
f 135 139 140
f 134 137 141
f 133 140 142
f 142 137 138
f 141 140 139
f 144 150 149
f 144 145 143
f 146 147 145
f 147 151 152
f 146 149 153
f 145 152 154
f 154 149 150
f 153 152 151
f 156 162 161
f 156 157 155
f 158 159 157
f 159 163 164
f 158 161 165
f 157 164 166
f 166 161 162
f 165 164 163
f 168 174 173
f 168 169 167
f 170 171 169
f 171 175 176
f 170 173 177
f 169 176 178
f 178 173 174
f 177 176 175
f 180 186 185
f 180 181 179
f 182 183 181
f 183 187 188
f 182 185 189
f 181 188 190
f 190 185 186
f 189 188 187
f 192 198 197
f 192 193 191
f 194 195 193
f 195 199 200
f 194 197 201
f 193 200 202
f 202 197 198
f 201 200 199
f 204 210 209
f 204 205 203
f 206 207 205
f 207 211 212
f 206 209 213
f 205 212 214
f 214 209 210
f 213 212 211
f 216 222 221
f 216 217 215
f 218 219 217
f 219 223 224
f 218 221 225
f 217 224 226
f 226 221 222
f 225 224 223
f 228 234 233
f 228 229 227
f 230 231 229
f 231 235 236
f 230 233 237
f 229 236 238
f 238 233 234
f 237 236 235
f 240 246 245
f 240 241 239
f 242 243 241
f 243 247 248
f 242 245 249
f 241 248 250
f 250 245 246
f 249 248 247
f 252 258 257
f 252 253 251
f 254 255 253
f 255 259 260
f 254 257 261
f 253 260 262
f 262 257 258
f 261 260 259
f 264 270 269
f 264 265 263
f 266 267 265
f 267 271 272
f 266 269 273
f 265 272 274
f 274 269 270
f 273 272 271
f 276 282 281
f 276 277 275
f 278 279 277
f 279 283 284
f 278 281 285
f 277 284 286
f 286 281 282
f 285 284 283
f 288 294 293
f 288 289 287
f 290 291 289
f 291 295 296
f 290 293 297
f 289 296 298
f 298 293 294
f 297 296 295
f 300 306 305
f 300 301 299
f 302 303 301
f 303 307 308
f 302 305 309
f 301 308 310
f 310 305 306
f 309 308 307
f 312 318 317
f 312 313 311
f 314 315 313
f 315 319 320
f 314 317 321
f 313 320 322
f 322 317 318
f 321 320 319
f 324 330 329
f 324 325 323
f 326 327 325
f 327 331 332
f 326 329 333
f 325 332 334
f 334 329 330
f 333 332 331
f 336 342 341
f 336 337 335
f 338 339 337
f 339 343 344
f 338 341 345
f 337 344 346
f 346 341 342
f 345 344 343
f 348 354 353
f 348 349 347
f 350 351 349
f 351 355 356
f 350 353 357
f 349 356 358
f 358 353 354
f 357 356 355
f 360 366 365
f 360 361 359
f 362 363 361
f 363 367 368
f 362 365 369
f 361 368 370
f 370 365 366
f 369 368 367
f 372 378 377
f 372 373 371
f 374 375 373
f 375 379 380
f 374 377 381
f 373 380 382
f 382 377 378
f 381 380 379
f 384 390 389
f 384 385 383
f 386 387 385
f 387 391 392
f 386 389 393
f 385 392 394
f 394 389 390
f 393 392 391
f 396 402 401
f 396 397 395
f 398 399 397
f 399 403 404
f 398 401 405
f 397 404 406
f 406 401 402
f 405 404 403
f 408 414 413
f 408 409 407
f 410 411 409
f 411 415 416
f 410 413 417
f 409 416 418
f 418 413 414
f 417 416 415
f 420 426 425
f 420 421 419
f 422 423 421
f 423 427 428
f 422 425 429
f 421 428 430
f 430 425 426
f 429 428 427
f 432 438 437
f 432 433 431
f 434 435 433
f 435 439 440
f 434 437 441
f 433 440 442
f 442 437 438
f 441 440 439
f 444 450 449
f 444 445 443
f 446 447 445
f 447 451 452
f 446 449 453
f 445 452 454
f 454 449 450
f 453 452 451
f 456 462 461
f 456 457 455
f 458 459 457
f 459 463 464
f 458 461 465
f 457 464 466
f 466 461 462
f 465 464 463
f 468 474 473
f 468 469 467
f 470 471 469
f 471 475 476
f 470 473 477
f 469 476 478
f 478 473 474
f 477 476 475
f 480 486 485
f 480 481 479
f 482 483 481
f 483 487 488
f 482 485 489
f 481 488 490
f 490 485 486
f 489 488 487
f 492 498 497
f 492 493 491
f 494 495 493
f 495 499 500
f 494 497 501
f 493 500 502
f 502 497 498
f 501 500 499
f 504 510 509
f 504 505 503
f 506 507 505
f 507 511 512
f 506 509 513
f 505 512 514
f 514 509 510
f 513 512 511
f 516 522 521
f 516 517 515
f 518 519 517
f 519 523 524
f 518 521 525
f 517 524 526
f 526 521 522
f 525 524 523
f 528 534 533
f 528 529 527
f 530 531 529
f 531 535 536
f 530 533 537
f 529 536 538
f 538 533 534
f 537 536 535
f 540 546 545
f 540 541 539
f 542 543 541
f 543 547 548
f 542 545 549
f 541 548 550
f 550 545 546
f 549 548 547
f 552 558 557
f 552 553 551
f 554 555 553
f 555 559 560
f 554 557 561
f 553 560 562
f 562 557 558
f 561 560 559
f 564 570 569
f 564 565 563
f 566 567 565
f 567 571 572
f 566 569 573
f 565 572 574
f 574 569 570
f 573 572 571
f 576 582 581
f 576 577 575
f 578 579 577
f 579 583 584
f 578 581 585
f 577 584 586
f 586 581 582
f 585 584 583
f 588 594 593
f 588 589 587
f 590 591 589
f 591 595 596
f 590 593 597
f 589 596 598
f 598 593 594
f 597 596 595
f 600 606 605
f 600 601 599
f 602 603 601
f 603 607 608
f 602 605 609
f 601 608 610
f 610 605 606
f 609 608 607
f 612 618 617
f 612 613 611
f 614 615 613
f 615 619 620
f 614 617 621
f 613 620 622
f 622 617 618
f 621 620 619
f 624 630 629
f 624 625 623
f 626 627 625
f 627 631 632
f 626 629 633
f 625 632 634
f 634 629 630
f 633 632 631
f 636 642 641
f 636 637 635
f 638 639 637
f 639 643 644
f 638 641 645
f 637 644 646
f 646 641 642
f 645 644 643
f 648 654 653
f 648 649 647
f 650 651 649
f 651 655 656
f 650 653 657
f 649 656 658
f 658 653 654
f 657 656 655
f 660 666 665
f 660 661 659
f 662 663 661
f 663 667 668
f 662 665 669
f 661 668 670
f 670 665 666
f 669 668 667
f 672 678 677
f 672 673 671
f 674 675 673
f 675 679 680
f 674 677 681
f 673 680 682
f 682 677 678
f 681 680 679
f 684 690 689
f 684 685 683
f 686 687 685
f 687 691 692
f 686 689 693
f 685 692 694
f 694 689 690
f 693 692 691
f 696 702 701
f 696 697 695
f 698 699 697
f 699 703 704
f 698 701 705
f 697 704 706
f 706 701 702
f 705 704 703
f 708 714 713
f 708 709 707
f 710 711 709
f 711 715 716
f 710 713 717
f 709 716 718
f 718 713 714
f 717 716 715
f 720 726 725
f 720 721 719
f 722 723 721
f 723 727 728
f 722 725 729
f 721 728 730
f 730 725 726
f 729 728 727
f 732 738 737
f 732 733 731
f 734 735 733
f 735 739 740
f 734 737 741
f 733 740 742
f 742 737 738
f 741 740 739
f 744 750 749
f 744 745 743
f 746 747 745
f 747 751 752
f 746 749 753
f 745 752 754
f 754 749 750
f 753 752 751
f 756 762 761
f 756 757 755
f 758 759 757
f 759 763 764
f 758 761 765
f 757 764 766
f 766 761 762
f 765 764 763
f 768 774 773
f 768 769 767
f 770 771 769
f 771 775 776
f 770 773 777
f 769 776 778
f 778 773 774
f 777 776 775
f 780 786 785
f 780 781 779
f 782 783 781
f 783 787 788
f 782 785 789
f 781 788 790
f 790 785 786
f 789 788 787
f 792 798 797
f 792 793 791
f 794 795 793
f 795 799 800
f 794 797 801
f 793 800 802
f 802 797 798
f 801 800 799
f 804 810 809
f 804 805 803
f 806 807 805
f 807 811 812
f 806 809 813
f 805 812 814
f 814 809 810
f 813 812 811
f 816 822 821
f 816 817 815
f 818 819 817
f 819 823 824
f 818 821 825
f 817 824 826
f 826 821 822
f 825 824 823
f 828 834 833
f 828 829 827
f 830 831 829
f 831 835 836
f 830 833 837
f 829 836 838
f 838 833 834
f 837 836 835
f 840 846 845
f 840 841 839
f 842 843 841
f 843 847 848
f 842 845 849
f 841 848 850
f 850 845 846
f 849 848 847
f 852 858 857
f 852 853 851
f 854 855 853
f 855 859 860
f 854 857 861
f 853 860 862
f 862 857 858
f 861 860 859
f 864 870 869
f 864 865 863
f 866 867 865
f 867 871 872
f 866 869 873
f 865 872 874
f 874 869 870
f 873 872 871
f 876 882 881
f 876 877 875
f 878 879 877
f 879 883 884
f 878 881 885
f 877 884 886
f 886 881 882
f 885 884 883
f 888 894 893
f 888 889 887
f 890 891 889
f 891 895 896
f 890 893 897
f 889 896 898
f 898 893 894
f 897 896 895
f 900 906 905
f 900 901 899
f 902 903 901
f 903 907 908
f 902 905 909
f 901 908 910
f 910 905 906
f 909 908 907
f 912 918 917
f 912 913 911
f 914 915 913
f 915 919 920
f 914 917 921
f 913 920 922
f 922 917 918
f 921 920 919
f 924 930 929
f 924 925 923
f 926 927 925
f 927 931 932
f 926 929 933
f 925 932 934
f 934 929 930
f 933 932 931
f 936 942 941
f 936 937 935
f 938 939 937
f 939 943 944
f 938 941 945
f 937 944 946
f 946 941 942
f 945 944 943
f 948 954 953
f 948 949 947
f 950 951 949
f 951 955 956
f 950 953 957
f 949 956 958
f 958 953 954
f 957 956 955
f 960 966 965
f 960 961 959
f 962 963 961
f 963 967 968
f 962 965 969
f 961 968 970
f 970 965 966
f 969 968 967
f 972 978 977
f 972 973 971
f 974 975 973
f 975 979 980
f 974 977 981
f 973 980 982
f 982 977 978
f 981 980 979
f 984 990 989
f 984 985 983
f 986 987 985
f 987 991 992
f 986 989 993
f 985 992 994
f 994 989 990
f 993 992 991
f 996 1002 1001
f 996 997 995
f 998 999 997
f 999 1003 1004
f 998 1001 1005
f 997 1004 1006
f 1006 1001 1002
f 1005 1004 1003
f 1008 1014 1013
f 1008 1009 1007
f 1010 1011 1009
f 1011 1015 1016
f 1010 1013 1017
f 1009 1016 1018
f 1018 1013 1014
f 1017 1016 1015
f 1020 1026 1025
f 1020 1021 1019
f 1022 1023 1021
f 1023 1027 1028
f 1022 1025 1029
f 1021 1028 1030
f 1030 1025 1026
f 1029 1028 1027
f 1032 1038 1037
f 1032 1033 1031
f 1034 1035 1033
f 1035 1039 1040
f 1034 1037 1041
f 1033 1040 1042
f 1042 1037 1038
f 1041 1040 1039
f 1044 1050 1049
f 1044 1045 1043
f 1046 1047 1045
f 1047 1051 1052
f 1046 1049 1053
f 1045 1052 1054
f 1054 1049 1050
f 1053 1052 1051
f 1056 1062 1061
f 1056 1057 1055
f 1058 1059 1057
f 1059 1063 1064
f 1058 1061 1065
f 1057 1064 1066
f 1066 1061 1062
f 1065 1064 1063
f 1068 1074 1073
f 1068 1069 1067
f 1070 1071 1069
f 1071 1075 1076
f 1070 1073 1077
f 1069 1076 1078
f 1078 1073 1074
f 1077 1076 1075
f 1080 1086 1085
f 1080 1081 1079
f 1082 1083 1081
f 1083 1087 1088
f 1082 1085 1089
f 1081 1088 1090
f 1090 1085 1086
f 1089 1088 1087
f 1092 1098 1097
f 1092 1093 1091
f 1094 1095 1093
f 1095 1099 1100
f 1094 1097 1101
f 1093 1100 1102
f 1102 1097 1098
f 1101 1100 1099
f 1104 1110 1109
f 1104 1105 1103
f 1106 1107 1105
f 1107 1111 1112
f 1106 1109 1113
f 1105 1112 1114
f 1114 1109 1110
f 1113 1112 1111
f 1116 1122 1121
f 1116 1117 1115
f 1118 1119 1117
f 1119 1123 1124
f 1118 1121 1125
f 1117 1124 1126
f 1126 1121 1122
f 1125 1124 1123
f 1128 1134 1133
f 1128 1129 1127
f 1130 1131 1129
f 1131 1135 1136
f 1130 1133 1137
f 1129 1136 1138
f 1138 1133 1134
f 1137 1136 1135
f 1140 1146 1145
f 1140 1141 1139
f 1142 1143 1141
f 1143 1147 1148
f 1142 1145 1149
f 1141 1148 1150
f 1150 1145 1146
f 1149 1148 1147
f 1152 1158 1157
f 1152 1153 1151
f 1154 1155 1153
f 1155 1159 1160
f 1154 1157 1161
f 1153 1160 1162
f 1162 1157 1158
f 1161 1160 1159
f 1164 1170 1169
f 1164 1165 1163
f 1166 1167 1165
f 1167 1171 1172
f 1166 1169 1173
f 1165 1172 1174
f 1174 1169 1170
f 1173 1172 1171
f 1176 1182 1181
f 1176 1177 1175
f 1178 1179 1177
f 1179 1183 1184
f 1178 1181 1185
f 1177 1184 1186
f 1186 1181 1182
f 1185 1184 1183
f 1188 1194 1193
f 1188 1189 1187
f 1190 1191 1189
f 1191 1195 1196
f 1190 1193 1197
f 1189 1196 1198
f 1198 1193 1194
f 1197 1196 1195
f 1200 1206 1205
f 1200 1201 1199
f 1202 1203 1201
f 1203 1207 1208
f 1202 1205 1209
f 1201 1208 1210
f 1210 1205 1206
f 1209 1208 1207
f 1212 1218 1217
f 1212 1213 1211
f 1214 1215 1213
f 1215 1219 1220
f 1214 1217 1221
f 1213 1220 1222
f 1222 1217 1218
f 1221 1220 1219
f 1224 1230 1229
f 1224 1225 1223
f 1226 1227 1225
f 1227 1231 1232
f 1226 1229 1233
f 1225 1232 1234
f 1234 1229 1230
f 1233 1232 1231
f 1236 1242 1241
f 1236 1237 1235
f 1238 1239 1237
f 1239 1243 1244
f 1238 1241 1245
f 1237 1244 1246
f 1246 1241 1242
f 1245 1244 1243
f 1248 1254 1253
f 1248 1249 1247
f 1250 1251 1249
f 1251 1255 1256
f 1250 1253 1257
f 1249 1256 1258
f 1258 1253 1254
f 1257 1256 1255
f 1260 1266 1265
f 1260 1261 1259
f 1262 1263 1261
f 1263 1267 1268
f 1262 1265 1269
f 1261 1268 1270
f 1270 1265 1266
f 1269 1268 1267
f 1272 1278 1277
f 1272 1273 1271
f 1274 1275 1273
f 1275 1279 1280
f 1274 1277 1281
f 1273 1280 1282
f 1282 1277 1278
f 1281 1280 1279
f 1284 1290 1289
f 1284 1285 1283
f 1286 1287 1285
f 1287 1291 1292
f 1286 1289 1293
f 1285 1292 1294
f 1294 1289 1290
f 1293 1292 1291
f 1296 1302 1301
f 1296 1297 1295
f 1298 1299 1297
f 1299 1303 1304
f 1298 1301 1305
f 1297 1304 1306
f 1306 1301 1302
f 1305 1304 1303
f 1308 1314 1313
f 1308 1309 1307
f 1310 1311 1309
f 1311 1315 1316
f 1310 1313 1317
f 1309 1316 1318
f 1318 1313 1314
f 1317 1316 1315
f 1320 1326 1325
f 1320 1321 1319
f 1322 1323 1321
f 1323 1327 1328
f 1322 1325 1329
f 1321 1328 1330
f 1330 1325 1326
f 1329 1328 1327
f 1332 1338 1337
f 1332 1333 1331
f 1334 1335 1333
f 1335 1339 1340
f 1334 1337 1341
f 1333 1340 1342
f 1342 1337 1338
f 1341 1340 1339
f 1344 1350 1349
f 1344 1345 1343
f 1346 1347 1345
f 1347 1351 1352
f 1346 1349 1353
f 1345 1352 1354
f 1354 1349 1350
f 1353 1352 1351
f 1356 1362 1361
f 1356 1357 1355
f 1358 1359 1357
f 1359 1363 1364
f 1358 1361 1365
f 1357 1364 1366
f 1366 1361 1362
f 1365 1364 1363
f 1368 1374 1373
f 1368 1369 1367
f 1370 1371 1369
f 1371 1375 1376
f 1370 1373 1377
f 1369 1376 1378
f 1378 1373 1374
f 1377 1376 1375
f 1380 1386 1385
f 1380 1381 1379
f 1382 1383 1381
f 1383 1387 1388
f 1382 1385 1389
f 1381 1388 1390
f 1390 1385 1386
f 1389 1388 1387
f 1392 1398 1397
f 1392 1393 1391
f 1394 1395 1393
f 1395 1399 1400
f 1394 1397 1401
f 1393 1400 1402
f 1402 1397 1398
f 1401 1400 1399
f 1404 1410 1409
f 1404 1405 1403
f 1406 1407 1405
f 1407 1411 1412
f 1406 1409 1413
f 1405 1412 1414
f 1414 1409 1410
f 1413 1412 1411
f 1416 1422 1421
f 1416 1417 1415
f 1418 1419 1417
f 1419 1423 1424
f 1418 1421 1425
f 1417 1424 1426
f 1426 1421 1422
f 1425 1424 1423
f 1428 1434 1433
f 1428 1429 1427
f 1430 1431 1429
f 1431 1435 1436
f 1430 1433 1437
f 1429 1436 1438
f 1438 1433 1434
f 1437 1436 1435
f 1440 1446 1445
f 1440 1441 1439
f 1442 1443 1441
f 1443 1447 1448
f 1442 1445 1449
f 1441 1448 1450
f 1450 1445 1446
f 1449 1448 1447
f 1452 1458 1457
f 1452 1453 1451
f 1454 1455 1453
f 1455 1459 1460
f 1454 1457 1461
f 1453 1460 1462
f 1462 1457 1458
f 1461 1460 1459
f 1464 1470 1469
f 1464 1465 1463
f 1466 1467 1465
f 1467 1471 1472
f 1466 1469 1473
f 1465 1472 1474
f 1474 1469 1470
f 1473 1472 1471
f 1476 1482 1481
f 1476 1477 1475
f 1478 1479 1477
f 1479 1483 1484
f 1478 1481 1485
f 1477 1484 1486
f 1486 1481 1482
f 1485 1484 1483
f 1488 1494 1493
f 1488 1489 1487
f 1490 1491 1489
f 1491 1495 1496
f 1490 1493 1497
f 1489 1496 1498
f 1498 1493 1494
f 1497 1496 1495
f 1500 1506 1505
f 1500 1501 1499
f 1502 1503 1501
f 1503 1507 1508
f 1502 1505 1509
f 1501 1508 1510
f 1510 1505 1506
f 1509 1508 1507
f 1512 1518 1517
f 1512 1513 1511
f 1514 1515 1513
f 1515 1519 1520
f 1514 1517 1521
f 1513 1520 1522
f 1522 1517 1518
f 1521 1520 1519
f 1524 1530 1529
f 1524 1525 1523
f 1526 1527 1525
f 1527 1531 1532
f 1526 1529 1533
f 1525 1532 1534
f 1534 1529 1530
f 1533 1532 1531
f 1536 1542 1541
f 1536 1537 1535
f 1538 1539 1537
f 1539 1543 1544
f 1538 1541 1545
f 1537 1544 1546
f 1546 1541 1542
f 1545 1544 1543
f 1548 1554 1553
f 1548 1549 1547
f 1550 1551 1549
f 1551 1555 1556
f 1550 1553 1557
f 1549 1556 1558
f 1558 1553 1554
f 1557 1556 1555
f 1560 1566 1565
f 1560 1561 1559
f 1562 1563 1561
f 1563 1567 1568
f 1562 1565 1569
f 1561 1568 1570
f 1570 1565 1566
f 1569 1568 1567
f 1572 1578 1577
f 1572 1573 1571
f 1574 1575 1573
f 1575 1579 1580
f 1574 1577 1581
f 1573 1580 1582
f 1582 1577 1578
f 1581 1580 1579
f 1584 1590 1589
f 1584 1585 1583
f 1586 1587 1585
f 1587 1591 1592
f 1586 1589 1593
f 1585 1592 1594
f 1594 1589 1590
f 1593 1592 1591
f 1596 1602 1601
f 1596 1597 1595
f 1598 1599 1597
f 1599 1603 1604
f 1598 1601 1605
f 1597 1604 1606
f 1606 1601 1602
f 1605 1604 1603
f 1608 1614 1613
f 1608 1609 1607
f 1610 1611 1609
f 1611 1615 1616
f 1610 1613 1617
f 1609 1616 1618
f 1618 1613 1614
f 1617 1616 1615
f 1620 1626 1625
f 1620 1621 1619
f 1622 1623 1621
f 1623 1627 1628
f 1622 1625 1629
f 1621 1628 1630
f 1630 1625 1626
f 1629 1628 1627
f 1632 1638 1637
f 1632 1633 1631
f 1634 1635 1633
f 1635 1639 1640
f 1634 1637 1641
f 1633 1640 1642
f 1642 1637 1638
f 1641 1640 1639
f 1644 1650 1649
f 1644 1645 1643
f 1646 1647 1645
f 1647 1651 1652
f 1646 1649 1653
f 1645 1652 1654
f 1654 1649 1650
f 1653 1652 1651
f 1656 1662 1661
f 1656 1657 1655
f 1658 1659 1657
f 1659 1663 1664
f 1658 1661 1665
f 1657 1664 1666
f 1666 1661 1662
f 1665 1664 1663
f 1668 1674 1673
f 1668 1669 1667
f 1670 1671 1669
f 1671 1675 1676
f 1670 1673 1677
f 1669 1676 1678
f 1678 1673 1674
f 1677 1676 1675
f 1680 1686 1685
f 1680 1681 1679
f 1682 1683 1681
f 1683 1687 1688
f 1682 1685 1689
f 1681 1688 1690
f 1690 1685 1686
f 1689 1688 1687
f 1692 1698 1697
f 1692 1693 1691
f 1694 1695 1693
f 1695 1699 1700
f 1694 1697 1701
f 1693 1700 1702
f 1702 1697 1698
f 1701 1700 1699
f 1704 1710 1709
f 1704 1705 1703
f 1706 1707 1705
f 1707 1711 1712
f 1706 1709 1713
f 1705 1712 1714
f 1714 1709 1710
f 1713 1712 1711
f 1716 1722 1721
f 1716 1717 1715
f 1718 1719 1717
f 1719 1723 1724
f 1718 1721 1725
f 1717 1724 1726
f 1726 1721 1722
f 1725 1724 1723
f 1728 1734 1733
f 1728 1729 1727
f 1730 1731 1729
f 1731 1735 1736
f 1730 1733 1737
f 1729 1736 1738
f 1738 1733 1734
f 1737 1736 1735
f 1740 1746 1745
f 1740 1741 1739
f 1742 1743 1741
f 1743 1747 1748
f 1742 1745 1749
f 1741 1748 1750
f 1750 1745 1746
f 1749 1748 1747
f 1752 1758 1757
f 1752 1753 1751
f 1754 1755 1753
f 1755 1759 1760
f 1754 1757 1761
f 1753 1760 1762
f 1762 1757 1758
f 1761 1760 1759
f 1764 1770 1769
f 1764 1765 1763
f 1766 1767 1765
f 1767 1771 1772
f 1766 1769 1773
f 1765 1772 1774
f 1774 1769 1770
f 1773 1772 1771
f 1776 1782 1781
f 1776 1777 1775
f 1778 1779 1777
f 1779 1783 1784
f 1778 1781 1785
f 1777 1784 1786
f 1786 1781 1782
f 1785 1784 1783
f 1788 1794 1793
f 1788 1789 1787
f 1790 1791 1789
f 1791 1795 1796
f 1790 1793 1797
f 1789 1796 1798
f 1798 1793 1794
f 1797 1796 1795
f 1800 1806 1805
f 1800 1801 1799
f 1802 1803 1801
f 1803 1807 1808
f 1802 1805 1809
f 1801 1808 1810
f 1810 1805 1806
f 1809 1808 1807
f 1812 1818 1817
f 1812 1813 1811
f 1814 1815 1813
f 1815 1819 1820
f 1814 1817 1821
f 1813 1820 1822
f 1822 1817 1818
f 1821 1820 1819
f 1824 1830 1829
f 1824 1825 1823
f 1826 1827 1825
f 1827 1831 1832
f 1826 1829 1833
f 1825 1832 1834
f 1834 1829 1830
f 1833 1832 1831
f 1836 1842 1841
f 1836 1837 1835
f 1838 1839 1837
f 1839 1843 1844
f 1838 1841 1845
f 1837 1844 1846
f 1846 1841 1842
f 1845 1844 1843
f 1848 1854 1853
f 1848 1849 1847
f 1850 1851 1849
f 1851 1855 1856
f 1850 1853 1857
f 1849 1856 1858
f 1858 1853 1854
f 1857 1856 1855
f 1860 1866 1865
f 1860 1861 1859
f 1862 1863 1861
f 1863 1867 1868
f 1862 1865 1869
f 1861 1868 1870
f 1870 1865 1866
f 1869 1868 1867
f 1872 1878 1877
f 1872 1873 1871
f 1874 1875 1873
f 1875 1879 1880
f 1874 1877 1881
f 1873 1880 1882
f 1882 1877 1878
f 1881 1880 1879
f 1884 1890 1889
f 1884 1885 1883
f 1886 1887 1885
f 1887 1891 1892
f 1886 1889 1893
f 1885 1892 1894
f 1894 1889 1890
f 1893 1892 1891
f 1896 1902 1901
f 1896 1897 1895
f 1898 1899 1897
f 1899 1903 1904
f 1898 1901 1905
f 1897 1904 1906
f 1906 1901 1902
f 1905 1904 1903
f 1908 1914 1913
f 1908 1909 1907
f 1910 1911 1909
f 1911 1915 1916
f 1910 1913 1917
f 1909 1916 1918
f 1918 1913 1914
f 1917 1916 1915
f 1920 1926 1925
f 1920 1921 1919
f 1922 1923 1921
f 1923 1927 1928
f 1922 1925 1929
f 1921 1928 1930
f 1930 1925 1926
f 1929 1928 1927
f 1932 1938 1937
f 1932 1933 1931
f 1934 1935 1933
f 1935 1939 1940
f 1934 1937 1941
f 1933 1940 1942
f 1942 1937 1938
f 1941 1940 1939
f 1944 1950 1949
f 1944 1945 1943
f 1946 1947 1945
f 1947 1951 1952
f 1946 1949 1953
f 1945 1952 1954
f 1954 1949 1950
f 1953 1952 1951
f 1956 1962 1961
f 1956 1957 1955
f 1958 1959 1957
f 1959 1963 1964
f 1958 1961 1965
f 1957 1964 1966
f 1966 1961 1962
f 1965 1964 1963
f 1968 1974 1973
f 1968 1969 1967
f 1970 1971 1969
f 1971 1975 1976
f 1970 1973 1977
f 1969 1976 1978
f 1978 1973 1974
f 1977 1976 1975
f 1980 1986 1985
f 1980 1981 1979
f 1982 1983 1981
f 1983 1987 1988
f 1982 1985 1989
f 1981 1988 1990
f 1990 1985 1986
f 1989 1988 1987
f 1992 1998 1997
f 1992 1993 1991
f 1994 1995 1993
f 1995 1999 2000
f 1994 1997 2001
f 1993 2000 2002
f 2002 1997 1998
f 2001 2000 1999
f 2004 2010 2009
f 2004 2005 2003
f 2006 2007 2005
f 2007 2011 2012
f 2006 2009 2013
f 2005 2012 2014
f 2014 2009 2010
f 2013 2012 2011
f 2016 2022 2021
f 2016 2017 2015
f 2018 2019 2017
f 2019 2023 2024
f 2018 2021 2025
f 2017 2024 2026
f 2026 2021 2022
f 2025 2024 2023
f 2028 2034 2033
f 2028 2029 2027
f 2030 2031 2029
f 2031 2035 2036
f 2030 2033 2037
f 2029 2036 2038
f 2038 2033 2034
f 2037 2036 2035
f 2040 2046 2045
f 2040 2041 2039
f 2042 2043 2041
f 2043 2047 2048
f 2042 2045 2049
f 2041 2048 2050
f 2050 2045 2046
f 2049 2048 2047
f 2052 2058 2057
f 2052 2053 2051
f 2054 2055 2053
f 2055 2059 2060
f 2054 2057 2061
f 2053 2060 2062
f 2062 2057 2058
f 2061 2060 2059
f 2064 2070 2069
f 2064 2065 2063
f 2066 2067 2065
f 2067 2071 2072
f 2066 2069 2073
f 2065 2072 2074
f 2074 2069 2070
f 2073 2072 2071
f 2076 2082 2081
f 2076 2077 2075
f 2078 2079 2077
f 2079 2083 2084
f 2078 2081 2085
f 2077 2084 2086
f 2086 2081 2082
f 2085 2084 2083
f 2088 2094 2093
f 2088 2089 2087
f 2090 2091 2089
f 2091 2095 2096
f 2090 2093 2097
f 2089 2096 2098
f 2098 2093 2094
f 2097 2096 2095
f 2100 2106 2105
f 2100 2101 2099
f 2102 2103 2101
f 2103 2107 2108
f 2102 2105 2109
f 2101 2108 2110
f 2110 2105 2106
f 2109 2108 2107
f 2112 2118 2117
f 2112 2113 2111
f 2114 2115 2113
f 2115 2119 2120
f 2114 2117 2121
f 2113 2120 2122
f 2122 2117 2118
f 2121 2120 2119
f 2124 2130 2129
f 2124 2125 2123
f 2126 2127 2125
f 2127 2131 2132
f 2126 2129 2133
f 2125 2132 2134
f 2134 2129 2130
f 2133 2132 2131
f 2136 2142 2141
f 2136 2137 2135
f 2138 2139 2137
f 2139 2143 2144
f 2138 2141 2145
f 2137 2144 2146
f 2146 2141 2142
f 2145 2144 2143
f 2148 2154 2153
f 2148 2149 2147
f 2150 2151 2149
f 2151 2155 2156
f 2150 2153 2157
f 2149 2156 2158
f 2158 2153 2154
f 2157 2156 2155
f 2160 2166 2165
f 2160 2161 2159
f 2162 2163 2161
f 2163 2167 2168
f 2162 2165 2169
f 2161 2168 2170
f 2170 2165 2166
f 2169 2168 2167
f 2172 2178 2177
f 2172 2173 2171
f 2174 2175 2173
f 2175 2179 2180
f 2174 2177 2181
f 2173 2180 2182
f 2182 2177 2178
f 2181 2180 2179
f 2184 2190 2189
f 2184 2185 2183
f 2186 2187 2185
f 2187 2191 2192
f 2186 2189 2193
f 2185 2192 2194
f 2194 2189 2190
f 2193 2192 2191
f 2196 2202 2201
f 2196 2197 2195
f 2198 2199 2197
f 2199 2203 2204
f 2198 2201 2205
f 2197 2204 2206
f 2206 2201 2202
f 2205 2204 2203
f 2208 2214 2213
f 2208 2209 2207
f 2210 2211 2209
f 2211 2215 2216
f 2210 2213 2217
f 2209 2216 2218
f 2218 2213 2214
f 2217 2216 2215
f 2220 2226 2225
f 2220 2221 2219
f 2222 2223 2221
f 2223 2227 2228
f 2222 2225 2229
f 2221 2228 2230
f 2230 2225 2226
f 2229 2228 2227
f 2232 2238 2237
f 2232 2233 2231
f 2234 2235 2233
f 2235 2239 2240
f 2234 2237 2241
f 2233 2240 2242
f 2242 2237 2238
f 2241 2240 2239
f 2244 2250 2249
f 2244 2245 2243
f 2246 2247 2245
f 2247 2251 2252
f 2246 2249 2253
f 2245 2252 2254
f 2254 2249 2250
f 2253 2252 2251
f 2256 2262 2261
f 2256 2257 2255
f 2258 2259 2257
f 2259 2263 2264
f 2258 2261 2265
f 2257 2264 2266
f 2266 2261 2262
f 2265 2264 2263
f 2268 2274 2273
f 2268 2269 2267
f 2270 2271 2269
f 2271 2275 2276
f 2270 2273 2277
f 2269 2276 2278
f 2278 2273 2274
f 2277 2276 2275
f 2280 2286 2285
f 2280 2281 2279
f 2282 2283 2281
f 2283 2287 2288
f 2282 2285 2289
f 2281 2288 2290
f 2290 2285 2286
f 2289 2288 2287
f 2292 2298 2297
f 2292 2293 2291
f 2294 2295 2293
f 2295 2299 2300
f 2294 2297 2301
f 2293 2300 2302
f 2302 2297 2298
f 2301 2300 2299
f 2304 2310 2309
f 2304 2305 2303
f 2306 2307 2305
f 2307 2311 2312
f 2306 2309 2313
f 2305 2312 2314
f 2314 2309 2310
f 2313 2312 2311
f 2316 2322 2321
f 2316 2317 2315
f 2318 2319 2317
f 2319 2323 2324
f 2318 2321 2325
f 2317 2324 2326
f 2326 2321 2322
f 2325 2324 2323
f 2328 2334 2333
f 2328 2329 2327
f 2330 2331 2329
f 2331 2335 2336
f 2330 2333 2337
f 2329 2336 2338
f 2338 2333 2334
f 2337 2336 2335
f 2340 2346 2345
f 2340 2341 2339
f 2342 2343 2341
f 2343 2347 2348
f 2342 2345 2349
f 2341 2348 2350
f 2350 2345 2346
f 2349 2348 2347
f 2352 2358 2357
f 2352 2353 2351
f 2354 2355 2353
f 2355 2359 2360
f 2354 2357 2361
f 2353 2360 2362
f 2362 2357 2358
f 2361 2360 2359
f 2364 2370 2369
f 2364 2365 2363
f 2366 2367 2365
f 2367 2371 2372
f 2366 2369 2373
f 2365 2372 2374
f 2374 2369 2370
f 2373 2372 2371
f 2376 2382 2381
f 2376 2377 2375
f 2378 2379 2377
f 2379 2383 2384
f 2378 2381 2385
f 2377 2384 2386
f 2386 2381 2382
f 2385 2384 2383
f 2388 2394 2393
f 2388 2389 2387
f 2390 2391 2389
f 2391 2395 2396
f 2390 2393 2397
f 2389 2396 2398
f 2398 2393 2394
f 2397 2396 2395
f 2400 2406 2405
f 2400 2401 2399
f 2402 2403 2401
f 2403 2407 2408
f 2402 2405 2409
f 2401 2408 2410
f 2410 2405 2406
f 2409 2408 2407
f 2412 2418 2417
f 2412 2413 2411
f 2414 2415 2413
f 2415 2419 2420
f 2414 2417 2421
f 2413 2420 2422
f 2422 2417 2418
f 2421 2420 2419
f 2424 2430 2429
f 2424 2425 2423
f 2426 2427 2425
f 2427 2431 2432
f 2426 2429 2433
f 2425 2432 2434
f 2434 2429 2430
f 2433 2432 2431
f 2436 2442 2441
f 2436 2437 2435
f 2438 2439 2437
f 2439 2443 2444
f 2438 2441 2445
f 2437 2444 2446
f 2446 2441 2442
f 2445 2444 2443
f 2448 2454 2453
f 2448 2449 2447
f 2450 2451 2449
f 2451 2455 2456
f 2450 2453 2457
f 2449 2456 2458
f 2458 2453 2454
f 2457 2456 2455
f 2460 2466 2465
f 2460 2461 2459
f 2462 2463 2461
f 2463 2467 2468
f 2462 2465 2469
f 2461 2468 2470
f 2470 2465 2466
f 2469 2468 2467
f 2472 2478 2477
f 2472 2473 2471
f 2474 2475 2473
f 2475 2479 2480
f 2474 2477 2481
f 2473 2480 2482
f 2482 2477 2478
f 2481 2480 2479
f 2484 2490 2489
f 2484 2485 2483
f 2486 2487 2485
f 2487 2491 2492
f 2486 2489 2493
f 2485 2492 2494
f 2494 2489 2490
f 2493 2492 2491
f 2496 2502 2501
f 2496 2497 2495
f 2498 2499 2497
f 2499 2503 2504
f 2498 2501 2505
f 2497 2504 2506
f 2506 2501 2502
f 2505 2504 2503
f 2508 2514 2513
f 2508 2509 2507
f 2510 2511 2509
f 2511 2515 2516
f 2510 2513 2517
f 2509 2516 2518
f 2518 2513 2514
f 2517 2516 2515
f 2520 2526 2525
f 2520 2521 2519
f 2522 2523 2521
f 2523 2527 2528
f 2522 2525 2529
f 2521 2528 2530
f 2530 2525 2526
f 2529 2528 2527
f 2532 2538 2537
f 2532 2533 2531
f 2534 2535 2533
f 2535 2539 2540
f 2534 2537 2541
f 2533 2540 2542
f 2542 2537 2538
f 2541 2540 2539
f 2544 2550 2549
f 2544 2545 2543
f 2546 2547 2545
f 2547 2551 2552
f 2546 2549 2553
f 2545 2552 2554
f 2554 2549 2550
f 2553 2552 2551
f 2556 2562 2561
f 2556 2557 2555
f 2558 2559 2557
f 2559 2563 2564
f 2558 2561 2565
f 2557 2564 2566
f 2566 2561 2562
f 2565 2564 2563
f 2568 2574 2573
f 2568 2569 2567
f 2570 2571 2569
f 2571 2575 2576
f 2570 2573 2577
f 2569 2576 2578
f 2578 2573 2574
f 2577 2576 2575
f 2580 2586 2585
f 2580 2581 2579
f 2582 2583 2581
f 2583 2587 2588
f 2582 2585 2589
f 2581 2588 2590
f 2590 2585 2586
f 2589 2588 2587
f 2592 2598 2597
f 2592 2593 2591
f 2594 2595 2593
f 2595 2599 2600
f 2594 2597 2601
f 2593 2600 2602
f 2602 2597 2598
f 2601 2600 2599
f 2604 2610 2609
f 2604 2605 2603
f 2606 2607 2605
f 2607 2611 2612
f 2606 2609 2613
f 2605 2612 2614
f 2614 2609 2610
f 2613 2612 2611
f 2616 2622 2621
f 2616 2617 2615
f 2618 2619 2617
f 2619 2623 2624
f 2618 2621 2625
f 2617 2624 2626
f 2626 2621 2622
f 2625 2624 2623
f 2628 2634 2633
f 2628 2629 2627
f 2630 2631 2629
f 2631 2635 2636
f 2630 2633 2637
f 2629 2636 2638
f 2638 2633 2634
f 2637 2636 2635
f 2640 2646 2645
f 2640 2641 2639
f 2642 2643 2641
f 2643 2647 2648
f 2642 2645 2649
f 2641 2648 2650
f 2650 2645 2646
f 2649 2648 2647
f 2652 2658 2657
f 2652 2653 2651
f 2654 2655 2653
f 2655 2659 2660
f 2654 2657 2661
f 2653 2660 2662
f 2662 2657 2658
f 2661 2660 2659
f 2664 2670 2669
f 2664 2665 2663
f 2666 2667 2665
f 2667 2671 2672
f 2666 2669 2673
f 2665 2672 2674
f 2674 2669 2670
f 2673 2672 2671
f 2676 2682 2681
f 2676 2677 2675
f 2678 2679 2677
f 2679 2683 2684
f 2678 2681 2685
f 2677 2684 2686
f 2686 2681 2682
f 2685 2684 2683
f 2688 2694 2693
f 2688 2689 2687
f 2690 2691 2689
f 2691 2695 2696
f 2690 2693 2697
f 2689 2696 2698
f 2698 2693 2694
f 2697 2696 2695
f 2700 2706 2705
f 2700 2701 2699
f 2702 2703 2701
f 2703 2707 2708
f 2702 2705 2709
f 2701 2708 2710
f 2710 2705 2706
f 2709 2708 2707
f 2712 2718 2717
f 2712 2713 2711
f 2714 2715 2713
f 2715 2719 2720
f 2714 2717 2721
f 2713 2720 2722
f 2722 2717 2718
f 2721 2720 2719
f 2724 2730 2729
f 2724 2725 2723
f 2726 2727 2725
f 2727 2731 2732
f 2726 2729 2733
f 2725 2732 2734
f 2734 2729 2730
f 2733 2732 2731
f 2736 2742 2741
f 2736 2737 2735
f 2738 2739 2737
f 2739 2743 2744
f 2738 2741 2745
f 2737 2744 2746
f 2746 2741 2742
f 2745 2744 2743
f 2748 2754 2753
f 2748 2749 2747
f 2750 2751 2749
f 2751 2755 2756
f 2750 2753 2757
f 2749 2756 2758
f 2758 2753 2754
f 2757 2756 2755
f 2760 2766 2765
f 2760 2761 2759
f 2762 2763 2761
f 2763 2767 2768
f 2762 2765 2769
f 2761 2768 2770
f 2770 2765 2766
f 2769 2768 2767
f 2772 2778 2777
f 2772 2773 2771
f 2774 2775 2773
f 2775 2779 2780
f 2774 2777 2781
f 2773 2780 2782
f 2782 2777 2778
f 2781 2780 2779
f 2784 2790 2789
f 2784 2785 2783
f 2786 2787 2785
f 2787 2791 2792
f 2786 2789 2793
f 2785 2792 2794
f 2794 2789 2790
f 2793 2792 2791
f 2796 2802 2801
f 2796 2797 2795
f 2798 2799 2797
f 2799 2803 2804
f 2798 2801 2805
f 2797 2804 2806
f 2806 2801 2802
f 2805 2804 2803
f 2808 2814 2813
f 2808 2809 2807
f 2810 2811 2809
f 2811 2815 2816
f 2810 2813 2817
f 2809 2816 2818
f 2818 2813 2814
f 2817 2816 2815
f 2820 2826 2825
f 2820 2821 2819
f 2822 2823 2821
f 2823 2827 2828
f 2822 2825 2829
f 2821 2828 2830
f 2830 2825 2826
f 2829 2828 2827
f 2832 2838 2837
f 2832 2833 2831
f 2834 2835 2833
f 2835 2839 2840
f 2834 2837 2841
f 2833 2840 2842
f 2842 2837 2838
f 2841 2840 2839
f 2844 2850 2849
f 2844 2845 2843
f 2846 2847 2845
f 2847 2851 2852
f 2846 2849 2853
f 2845 2852 2854
f 2854 2849 2850
f 2853 2852 2851
f 2856 2862 2861
f 2856 2857 2855
f 2858 2859 2857
f 2859 2863 2864
f 2858 2861 2865
f 2857 2864 2866
f 2866 2861 2862
f 2865 2864 2863
f 2868 2874 2873
f 2868 2869 2867
f 2870 2871 2869
f 2871 2875 2876
f 2870 2873 2877
f 2869 2876 2878
f 2878 2873 2874
f 2877 2876 2875
f 2880 2886 2885
f 2880 2881 2879
f 2882 2883 2881
f 2883 2887 2888
f 2882 2885 2889
f 2881 2888 2890
f 2890 2885 2886
f 2889 2888 2887
f 2892 2898 2897
f 2892 2893 2891
f 2894 2895 2893
f 2895 2899 2900
f 2894 2897 2901
f 2893 2900 2902
f 2902 2897 2898
f 2901 2900 2899
f 2904 2910 2909
f 2904 2905 2903
f 2906 2907 2905
f 2907 2911 2912
f 2906 2909 2913
f 2905 2912 2914
f 2914 2909 2910
f 2913 2912 2911
f 2916 2922 2921
f 2916 2917 2915
f 2918 2919 2917
f 2919 2923 2924
f 2918 2921 2925
f 2917 2924 2926
f 2926 2921 2922
f 2925 2924 2923
f 2928 2934 2933
f 2928 2929 2927
f 2930 2931 2929
f 2931 2935 2936
f 2930 2933 2937
f 2929 2936 2938
f 2938 2933 2934
f 2937 2936 2935
f 2940 2946 2945
f 2940 2941 2939
f 2942 2943 2941
f 2943 2947 2948
f 2942 2945 2949
f 2941 2948 2950
f 2950 2945 2946
f 2949 2948 2947
f 2952 2958 2957
f 2952 2953 2951
f 2954 2955 2953
f 2955 2959 2960
f 2954 2957 2961
f 2953 2960 2962
f 2962 2957 2958
f 2961 2960 2959
f 2964 2970 2969
f 2964 2965 2963
f 2966 2967 2965
f 2967 2971 2972
f 2966 2969 2973
f 2965 2972 2974
f 2974 2969 2970
f 2973 2972 2971
f 2976 2982 2981
f 2976 2977 2975
f 2978 2979 2977
f 2979 2983 2984
f 2978 2981 2985
f 2977 2984 2986
f 2986 2981 2982
f 2985 2984 2983
f 2988 2994 2993
f 2988 2989 2987
f 2990 2991 2989
f 2991 2995 2996
f 2990 2993 2997
f 2989 2996 2998
f 2998 2993 2994
f 2997 2996 2995
f 3000 3006 3005
f 3000 3001 2999
f 3002 3003 3001
f 3003 3007 3008
f 3002 3005 3009
f 3001 3008 3010
f 3010 3005 3006
f 3009 3008 3007
f 3012 3018 3017
f 3012 3013 3011
f 3014 3015 3013
f 3015 3019 3020
f 3014 3017 3021
f 3013 3020 3022
f 3022 3017 3018
f 3021 3020 3019
f 3024 3030 3029
f 3024 3025 3023
f 3026 3027 3025
f 3027 3031 3032
f 3026 3029 3033
f 3025 3032 3034
f 3034 3029 3030
f 3033 3032 3031
f 3036 3042 3041
f 3036 3037 3035
f 3038 3039 3037
f 3039 3043 3044
f 3038 3041 3045
f 3037 3044 3046
f 3046 3041 3042
f 3045 3044 3043
f 3048 3054 3053
f 3048 3049 3047
f 3050 3051 3049
f 3051 3055 3056
f 3050 3053 3057
f 3049 3056 3058
f 3058 3053 3054
f 3057 3056 3055
f 3060 3066 3065
f 3060 3061 3059
f 3062 3063 3061
f 3063 3067 3068
f 3062 3065 3069
f 3061 3068 3070
f 3070 3065 3066
f 3069 3068 3067
f 3072 3078 3077
f 3072 3073 3071
f 3074 3075 3073
f 3075 3079 3080
f 3074 3077 3081
f 3073 3080 3082
f 3082 3077 3078
f 3081 3080 3079
f 3084 3090 3089
f 3084 3085 3083
f 3086 3087 3085
f 3087 3091 3092
f 3086 3089 3093
f 3085 3092 3094
f 3094 3089 3090
f 3093 3092 3091
f 3096 3102 3101
f 3096 3097 3095
f 3098 3099 3097
f 3099 3103 3104
f 3098 3101 3105
f 3097 3104 3106
f 3106 3101 3102
f 3105 3104 3103
f 3108 3114 3113
f 3108 3109 3107
f 3110 3111 3109
f 3111 3115 3116
f 3110 3113 3117
f 3109 3116 3118
f 3118 3113 3114
f 3117 3116 3115
f 3120 3126 3125
f 3120 3121 3119
f 3122 3123 3121
f 3123 3127 3128
f 3122 3125 3129
f 3121 3128 3130
f 3130 3125 3126
f 3129 3128 3127
f 3132 3138 3137
f 3132 3133 3131
f 3134 3135 3133
f 3135 3139 3140
f 3134 3137 3141
f 3133 3140 3142
f 3142 3137 3138
f 3141 3140 3139
f 3144 3150 3149
f 3144 3145 3143
f 3146 3147 3145
f 3147 3151 3152
f 3146 3149 3153
f 3145 3152 3154
f 3154 3149 3150
f 3153 3152 3151
f 3156 3162 3161
f 3156 3157 3155
f 3158 3159 3157
f 3159 3163 3164
f 3158 3161 3165
f 3157 3164 3166
f 3166 3161 3162
f 3165 3164 3163
f 3168 3174 3173
f 3168 3169 3167
f 3170 3171 3169
f 3171 3175 3176
f 3170 3173 3177
f 3169 3176 3178
f 3178 3173 3174
f 3177 3176 3175
f 3180 3186 3185
f 3180 3181 3179
f 3182 3183 3181
f 3183 3187 3188
f 3182 3185 3189
f 3181 3188 3190
f 3190 3185 3186
f 3189 3188 3187
f 3192 3198 3197
f 3192 3193 3191
f 3194 3195 3193
f 3195 3199 3200
f 3194 3197 3201
f 3193 3200 3202
f 3202 3197 3198
f 3201 3200 3199
f 3204 3210 3209
f 3204 3205 3203
f 3206 3207 3205
f 3207 3211 3212
f 3206 3209 3213
f 3205 3212 3214
f 3214 3209 3210
f 3213 3212 3211
f 3216 3222 3221
f 3216 3217 3215
f 3218 3219 3217
f 3219 3223 3224
f 3218 3221 3225
f 3217 3224 3226
f 3226 3221 3222
f 3225 3224 3223
f 3228 3234 3233
f 3228 3229 3227
f 3230 3231 3229
f 3231 3235 3236
f 3230 3233 3237
f 3229 3236 3238
f 3238 3233 3234
f 3237 3236 3235
f 3240 3246 3245
f 3240 3241 3239
f 3242 3243 3241
f 3243 3247 3248
f 3242 3245 3249
f 3241 3248 3250
f 3250 3245 3246
f 3249 3248 3247
f 3252 3258 3257
f 3252 3253 3251
f 3254 3255 3253
f 3255 3259 3260
f 3254 3257 3261
f 3253 3260 3262
f 3262 3257 3258
f 3261 3260 3259
f 3264 3270 3269
f 3264 3265 3263
f 3266 3267 3265
f 3267 3271 3272
f 3266 3269 3273
f 3265 3272 3274
f 3274 3269 3270
f 3273 3272 3271
f 3276 3282 3281
f 3276 3277 3275
f 3278 3279 3277
f 3279 3283 3284
f 3278 3281 3285
f 3277 3284 3286
f 3286 3281 3282
f 3285 3284 3283
f 3288 3294 3293
f 3288 3289 3287
f 3290 3291 3289
f 3291 3295 3296
f 3290 3293 3297
f 3289 3296 3298
f 3298 3293 3294
f 3297 3296 3295
f 3300 3306 3305
f 3300 3301 3299
f 3302 3303 3301
f 3303 3307 3308
f 3302 3305 3309
f 3301 3308 3310
f 3310 3305 3306
f 3309 3308 3307
f 3312 3318 3317
f 3312 3313 3311
f 3314 3315 3313
f 3315 3319 3320
f 3314 3317 3321
f 3313 3320 3322
f 3322 3317 3318
f 3321 3320 3319
f 3324 3330 3329
f 3324 3325 3323
f 3326 3327 3325
f 3327 3331 3332
f 3326 3329 3333
f 3325 3332 3334
f 3334 3329 3330
f 3333 3332 3331
f 3336 3342 3341
f 3336 3337 3335
f 3338 3339 3337
f 3339 3343 3344
f 3338 3341 3345
f 3337 3344 3346
f 3346 3341 3342
f 3345 3344 3343
f 3348 3354 3353
f 3348 3349 3347
f 3350 3351 3349
f 3351 3355 3356
f 3350 3353 3357
f 3349 3356 3358
f 3358 3353 3354
f 3357 3356 3355
f 3360 3366 3365
f 3360 3361 3359
f 3362 3363 3361
f 3363 3367 3368
f 3362 3365 3369
f 3361 3368 3370
f 3370 3365 3366
f 3369 3368 3367
f 3372 3378 3377
f 3372 3373 3371
f 3374 3375 3373
f 3375 3379 3380
f 3374 3377 3381
f 3373 3380 3382
f 3382 3377 3378
f 3381 3380 3379
f 3384 3390 3389
f 3384 3385 3383
f 3386 3387 3385
f 3387 3391 3392
f 3386 3389 3393
f 3385 3392 3394
f 3394 3389 3390
f 3393 3392 3391
f 3396 3402 3401
f 3396 3397 3395
f 3398 3399 3397
f 3399 3403 3404
f 3398 3401 3405
f 3397 3404 3406
f 3406 3401 3402
f 3405 3404 3403
f 3408 3414 3413
f 3408 3409 3407
f 3410 3411 3409
f 3411 3415 3416
f 3410 3413 3417
f 3409 3416 3418
f 3418 3413 3414
f 3417 3416 3415
f 3420 3426 3425
f 3420 3421 3419
f 3422 3423 3421
f 3423 3427 3428
f 3422 3425 3429
f 3421 3428 3430
f 3430 3425 3426
f 3429 3428 3427
f 3432 3438 3437
f 3432 3433 3431
f 3434 3435 3433
f 3435 3439 3440
f 3434 3437 3441
f 3433 3440 3442
f 3442 3437 3438
f 3441 3440 3439
f 3444 3450 3449
f 3444 3445 3443
f 3446 3447 3445
f 3447 3451 3452
f 3446 3449 3453
f 3445 3452 3454
f 3454 3449 3450
f 3453 3452 3451
f 3456 3462 3461
f 3456 3457 3455
f 3458 3459 3457
f 3459 3463 3464
f 3458 3461 3465
f 3457 3464 3466
f 3466 3461 3462
f 3465 3464 3463
f 3468 3474 3473
f 3468 3469 3467
f 3470 3471 3469
f 3471 3475 3476
f 3470 3473 3477
f 3469 3476 3478
f 3478 3473 3474
f 3477 3476 3475
f 3480 3486 3485
f 3480 3481 3479
f 3482 3483 3481
f 3483 3487 3488
f 3482 3485 3489
f 3481 3488 3490
f 3490 3485 3486
f 3489 3488 3487
f 3492 3498 3497
f 3492 3493 3491
f 3494 3495 3493
f 3495 3499 3500
f 3494 3497 3501
f 3493 3500 3502
f 3502 3497 3498
f 3501 3500 3499
f 3504 3510 3509
f 3504 3505 3503
f 3506 3507 3505
f 3507 3511 3512
f 3506 3509 3513
f 3505 3512 3514
f 3514 3509 3510
f 3513 3512 3511
f 3516 3522 3521
f 3516 3517 3515
f 3518 3519 3517
f 3519 3523 3524
f 3518 3521 3525
f 3517 3524 3526
f 3526 3521 3522
f 3525 3524 3523
f 3528 3534 3533
f 3528 3529 3527
f 3530 3531 3529
f 3531 3535 3536
f 3530 3533 3537
f 3529 3536 3538
f 3538 3533 3534
f 3537 3536 3535
f 3540 3546 3545
f 3540 3541 3539
f 3542 3543 3541
f 3543 3547 3548
f 3542 3545 3549
f 3541 3548 3550
f 3550 3545 3546
f 3549 3548 3547
f 3552 3558 3557
f 3552 3553 3551
f 3554 3555 3553
f 3555 3559 3560
f 3554 3557 3561
f 3553 3560 3562
f 3562 3557 3558
f 3561 3560 3559
f 3564 3570 3569
f 3564 3565 3563
f 3566 3567 3565
f 3567 3571 3572
f 3566 3569 3573
f 3565 3572 3574
f 3574 3569 3570
f 3573 3572 3571
f 3576 3582 3581
f 3576 3577 3575
f 3578 3579 3577
f 3579 3583 3584
f 3578 3581 3585
f 3577 3584 3586
f 3586 3581 3582
f 3585 3584 3583
f 3588 3594 3593
f 3588 3589 3587
f 3590 3591 3589
f 3591 3595 3596
f 3590 3593 3597
f 3589 3596 3598
f 3598 3593 3594
f 3597 3596 3595
f 3600 3606 3605
f 3600 3601 3599
f 3602 3603 3601
f 3603 3607 3608
f 3602 3605 3609
f 3601 3608 3610
f 3610 3605 3606
f 3609 3608 3607
f 3612 3618 3617
f 3612 3613 3611
f 3614 3615 3613
f 3615 3619 3620
f 3614 3617 3621
f 3613 3620 3622
f 3622 3617 3618
f 3621 3620 3619
f 3624 3630 3629
f 3624 3625 3623
f 3626 3627 3625
f 3627 3631 3632
f 3626 3629 3633
f 3625 3632 3634
f 3634 3629 3630
f 3633 3632 3631
f 3636 3642 3641
f 3636 3637 3635
f 3638 3639 3637
f 3639 3643 3644
f 3638 3641 3645
f 3637 3644 3646
f 3646 3641 3642
f 3645 3644 3643
f 3648 3654 3653
f 3648 3649 3647
f 3650 3651 3649
f 3651 3655 3656
f 3650 3653 3657
f 3649 3656 3658
f 3658 3653 3654
f 3657 3656 3655
f 3660 3666 3665
f 3660 3661 3659
f 3662 3663 3661
f 3663 3667 3668
f 3662 3665 3669
f 3661 3668 3670
f 3670 3665 3666
f 3669 3668 3667
f 3672 3678 3677
f 3672 3673 3671
f 3674 3675 3673
f 3675 3679 3680
f 3674 3677 3681
f 3673 3680 3682
f 3682 3677 3678
f 3681 3680 3679
f 3684 3690 3689
f 3684 3685 3683
f 3686 3687 3685
f 3687 3691 3692
f 3686 3689 3693
f 3685 3692 3694
f 3694 3689 3690
f 3693 3692 3691
f 3696 3702 3701
f 3696 3697 3695
f 3698 3699 3697
f 3699 3703 3704
f 3698 3701 3705
f 3697 3704 3706
f 3706 3701 3702
f 3705 3704 3703
f 3708 3714 3713
f 3708 3709 3707
f 3710 3711 3709
f 3711 3715 3716
f 3710 3713 3717
f 3709 3716 3718
f 3718 3713 3714
f 3717 3716 3715
f 3720 3726 3725
f 3720 3721 3719
f 3722 3723 3721
f 3723 3727 3728
f 3722 3725 3729
f 3721 3728 3730
f 3730 3725 3726
f 3729 3728 3727
f 3732 3738 3737
f 3732 3733 3731
f 3734 3735 3733
f 3735 3739 3740
f 3734 3737 3741
f 3733 3740 3742
f 3742 3737 3738
f 3741 3740 3739
f 3744 3750 3749
f 3744 3745 3743
f 3746 3747 3745
f 3747 3751 3752
f 3746 3749 3753
f 3745 3752 3754
f 3754 3749 3750
f 3753 3752 3751
f 3756 3762 3761
f 3756 3757 3755
f 3758 3759 3757
f 3759 3763 3764
f 3758 3761 3765
f 3757 3764 3766
f 3766 3761 3762
f 3765 3764 3763
f 3768 3774 3773
f 3768 3769 3767
f 3770 3771 3769
f 3771 3775 3776
f 3770 3773 3777
f 3769 3776 3778
f 3778 3773 3774
f 3777 3776 3775
f 3780 3786 3785
f 3780 3781 3779
f 3782 3783 3781
f 3783 3787 3788
f 3782 3785 3789
f 3781 3788 3790
f 3790 3785 3786
f 3789 3788 3787
f 3792 3798 3797
f 3792 3793 3791
f 3794 3795 3793
f 3795 3799 3800
f 3794 3797 3801
f 3793 3800 3802
f 3802 3797 3798
f 3801 3800 3799
f 3804 3810 3809
f 3804 3805 3803
f 3806 3807 3805
f 3807 3811 3812
f 3806 3809 3813
f 3805 3812 3814
f 3814 3809 3810
f 3813 3812 3811
f 3816 3822 3821
f 3816 3817 3815
f 3818 3819 3817
f 3819 3823 3824
f 3818 3821 3825
f 3817 3824 3826
f 3826 3821 3822
f 3825 3824 3823
f 3828 3834 3833
f 3828 3829 3827
f 3830 3831 3829
f 3831 3835 3836
f 3830 3833 3837
f 3829 3836 3838
f 3838 3833 3834
f 3837 3836 3835
f 3840 3846 3845
f 3840 3841 3839
f 3842 3843 3841
f 3843 3847 3848
f 3842 3845 3849
f 3841 3848 3850
f 3850 3845 3846
f 3849 3848 3847
f 3852 3858 3857
f 3852 3853 3851
f 3854 3855 3853
f 3855 3859 3860
f 3854 3857 3861
f 3853 3860 3862
f 3862 3857 3858
f 3861 3860 3859
f 3864 3870 3869
f 3864 3865 3863
f 3866 3867 3865
f 3867 3871 3872
f 3866 3869 3873
f 3865 3872 3874
f 3874 3869 3870
f 3873 3872 3871
f 3876 3882 3881
f 3876 3877 3875
f 3878 3879 3877
f 3879 3883 3884
f 3878 3881 3885
f 3877 3884 3886
f 3886 3881 3882
f 3885 3884 3883
f 3888 3894 3893
f 3888 3889 3887
f 3890 3891 3889
f 3891 3895 3896
f 3890 3893 3897
f 3889 3896 3898
f 3898 3893 3894
f 3897 3896 3895
f 3900 3906 3905
f 3900 3901 3899
f 3902 3903 3901
f 3903 3907 3908
f 3902 3905 3909
f 3901 3908 3910
f 3910 3905 3906
f 3909 3908 3907
f 3912 3918 3917
f 3912 3913 3911
f 3914 3915 3913
f 3915 3919 3920
f 3914 3917 3921
f 3913 3920 3922
f 3922 3917 3918
f 3921 3920 3919
f 3924 3930 3929
f 3924 3925 3923
f 3926 3927 3925
f 3927 3931 3932
f 3926 3929 3933
f 3925 3932 3934
f 3934 3929 3930
f 3933 3932 3931
f 3936 3942 3941
f 3936 3937 3935
f 3938 3939 3937
f 3939 3943 3944
f 3938 3941 3945
f 3937 3944 3946
f 3946 3941 3942
f 3945 3944 3943
f 3948 3954 3953
f 3948 3949 3947
f 3950 3951 3949
f 3951 3955 3956
f 3950 3953 3957
f 3949 3956 3958
f 3958 3953 3954
f 3957 3956 3955
f 3960 3966 3965
f 3960 3961 3959
f 3962 3963 3961
f 3963 3967 3968
f 3962 3965 3969
f 3961 3968 3970
f 3970 3965 3966
f 3969 3968 3967
f 3972 3978 3977
f 3972 3973 3971
f 3974 3975 3973
f 3975 3979 3980
f 3974 3977 3981
f 3973 3980 3982
f 3982 3977 3978
f 3981 3980 3979
f 3984 3990 3989
f 3984 3985 3983
f 3986 3987 3985
f 3987 3991 3992
f 3986 3989 3993
f 3985 3992 3994
f 3994 3989 3990
f 3993 3992 3991
f 3996 4002 4001
f 3996 3997 3995
f 3998 3999 3997
f 3999 4003 4004
f 3998 4001 4005
f 3997 4004 4006
f 4006 4001 4002
f 4005 4004 4003
f 4008 4014 4013
f 4008 4009 4007
f 4010 4011 4009
f 4011 4015 4016
f 4010 4013 4017
f 4009 4016 4018
f 4018 4013 4014
f 4017 4016 4015
f 4020 4026 4025
f 4020 4021 4019
f 4022 4023 4021
f 4023 4027 4028
f 4022 4025 4029
f 4021 4028 4030
f 4030 4025 4026
f 4029 4028 4027
f 4032 4038 4037
f 4032 4033 4031
f 4034 4035 4033
f 4035 4039 4040
f 4034 4037 4041
f 4033 4040 4042
f 4042 4037 4038
f 4041 4040 4039
f 4044 4050 4049
f 4044 4045 4043
f 4046 4047 4045
f 4047 4051 4052
f 4046 4049 4053
f 4045 4052 4054
f 4054 4049 4050
f 4053 4052 4051
f 4056 4062 4061
f 4056 4057 4055
f 4058 4059 4057
f 4059 4063 4064
f 4058 4061 4065
f 4057 4064 4066
f 4066 4061 4062
f 4065 4064 4063
f 4068 4074 4073
f 4068 4069 4067
f 4070 4071 4069
f 4071 4075 4076
f 4070 4073 4077
f 4069 4076 4078
f 4078 4073 4074
f 4077 4076 4075
f 4080 4086 4085
f 4080 4081 4079
f 4082 4083 4081
f 4083 4087 4088
f 4082 4085 4089
f 4081 4088 4090
f 4090 4085 4086
f 4089 4088 4087
f 4092 4098 4097
f 4092 4093 4091
f 4094 4095 4093
f 4095 4099 4100
f 4094 4097 4101
f 4093 4100 4102
f 4102 4097 4098
f 4101 4100 4099
f 4104 4110 4109
f 4104 4105 4103
f 4106 4107 4105
f 4107 4111 4112
f 4106 4109 4113
f 4105 4112 4114
f 4114 4109 4110
f 4113 4112 4111
f 4116 4122 4121
f 4116 4117 4115
f 4118 4119 4117
f 4119 4123 4124
f 4118 4121 4125
f 4117 4124 4126
f 4126 4121 4122
f 4125 4124 4123
f 4128 4134 4133
f 4128 4129 4127
f 4130 4131 4129
f 4131 4135 4136
f 4130 4133 4137
f 4129 4136 4138
f 4138 4133 4134
f 4137 4136 4135
f 4140 4146 4145
f 4140 4141 4139
f 4142 4143 4141
f 4143 4147 4148
f 4142 4145 4149
f 4141 4148 4150
f 4150 4145 4146
f 4149 4148 4147
f 4152 4158 4157
f 4152 4153 4151
f 4154 4155 4153
f 4155 4159 4160
f 4154 4157 4161
f 4153 4160 4162
f 4162 4157 4158
f 4161 4160 4159
f 4164 4170 4169
f 4164 4165 4163
f 4166 4167 4165
f 4167 4171 4172
f 4166 4169 4173
f 4165 4172 4174
f 4174 4169 4170
f 4173 4172 4171
f 4176 4182 4181
f 4176 4177 4175
f 4178 4179 4177
f 4179 4183 4184
f 4178 4181 4185
f 4177 4184 4186
f 4186 4181 4182
f 4185 4184 4183
f 4188 4194 4193
f 4188 4189 4187
f 4190 4191 4189
f 4191 4195 4196
f 4190 4193 4197
f 4189 4196 4198
f 4198 4193 4194
f 4197 4196 4195
f 4200 4206 4205
f 4200 4201 4199
f 4202 4203 4201
f 4203 4207 4208
f 4202 4205 4209
f 4201 4208 4210
f 4210 4205 4206
f 4209 4208 4207
f 4212 4218 4217
f 4212 4213 4211
f 4214 4215 4213
f 4215 4219 4220
f 4214 4217 4221
f 4213 4220 4222
f 4222 4217 4218
f 4221 4220 4219
f 4224 4230 4229
f 4224 4225 4223
f 4226 4227 4225
f 4227 4231 4232
f 4226 4229 4233
f 4225 4232 4234
f 4234 4229 4230
f 4233 4232 4231
f 4236 4242 4241
f 4236 4237 4235
f 4238 4239 4237
f 4239 4243 4244
f 4238 4241 4245
f 4237 4244 4246
f 4246 4241 4242
f 4245 4244 4243
f 4248 4254 4253
f 4248 4249 4247
f 4250 4251 4249
f 4251 4255 4256
f 4250 4253 4257
f 4249 4256 4258
f 4258 4253 4254
f 4257 4256 4255
f 4260 4266 4265
f 4260 4261 4259
f 4262 4263 4261
f 4263 4267 4268
f 4262 4265 4269
f 4261 4268 4270
f 4270 4265 4266
f 4269 4268 4267
f 4272 4278 4277
f 4272 4273 4271
f 4274 4275 4273
f 4275 4279 4280
f 4274 4277 4281
f 4273 4280 4282
f 4282 4277 4278
f 4281 4280 4279
f 4284 4290 4289
f 4284 4285 4283
f 4286 4287 4285
f 4287 4291 4292
f 4286 4289 4293
f 4285 4292 4294
f 4294 4289 4290
f 4293 4292 4291
f 4296 4302 4301
f 4296 4297 4295
f 4298 4299 4297
f 4299 4303 4304
f 4298 4301 4305
f 4297 4304 4306
f 4306 4301 4302
f 4305 4304 4303
f 4308 4314 4313
f 4308 4309 4307
f 4310 4311 4309
f 4311 4315 4316
f 4310 4313 4317
f 4309 4316 4318
f 4318 4313 4314
f 4317 4316 4315
f 4320 4326 4325
f 4320 4321 4319
f 4322 4323 4321
f 4323 4327 4328
f 4322 4325 4329
f 4321 4328 4330
f 4330 4325 4326
f 4329 4328 4327
f 4332 4338 4337
f 4332 4333 4331
f 4334 4335 4333
f 4335 4339 4340
f 4334 4337 4341
f 4333 4340 4342
f 4342 4337 4338
f 4341 4340 4339
f 4344 4350 4349
f 4344 4345 4343
f 4346 4347 4345
f 4347 4351 4352
f 4346 4349 4353
f 4345 4352 4354
f 4354 4349 4350
f 4353 4352 4351
f 4356 4362 4361
f 4356 4357 4355
f 4358 4359 4357
f 4359 4363 4364
f 4358 4361 4365
f 4357 4364 4366
f 4366 4361 4362
f 4365 4364 4363
f 4368 4374 4373
f 4368 4369 4367
f 4370 4371 4369
f 4371 4375 4376
f 4370 4373 4377
f 4369 4376 4378
f 4378 4373 4374
f 4377 4376 4375
f 4380 4386 4385
f 4380 4381 4379
f 4382 4383 4381
f 4383 4387 4388
f 4382 4385 4389
f 4381 4388 4390
f 4390 4385 4386
f 4389 4388 4387
f 4392 4398 4397
f 4392 4393 4391
f 4394 4395 4393
f 4395 4399 4400
f 4394 4397 4401
f 4393 4400 4402
f 4402 4397 4398
f 4401 4400 4399
f 4404 4410 4409
f 4404 4405 4403
f 4406 4407 4405
f 4407 4411 4412
f 4406 4409 4413
f 4405 4412 4414
f 4414 4409 4410
f 4413 4412 4411
f 4416 4422 4421
f 4416 4417 4415
f 4418 4419 4417
f 4419 4423 4424
f 4418 4421 4425
f 4417 4424 4426
f 4426 4421 4422
f 4425 4424 4423
f 4428 4434 4433
f 4428 4429 4427
f 4430 4431 4429
f 4431 4435 4436
f 4430 4433 4437
f 4429 4436 4438
f 4438 4433 4434
f 4437 4436 4435
f 4440 4446 4445
f 4440 4441 4439
f 4442 4443 4441
f 4443 4447 4448
f 4442 4445 4449
f 4441 4448 4450
f 4450 4445 4446
f 4449 4448 4447
f 4452 4458 4457
f 4452 4453 4451
f 4454 4455 4453
f 4455 4459 4460
f 4454 4457 4461
f 4453 4460 4462
f 4462 4457 4458
f 4461 4460 4459
f 4464 4470 4469
f 4464 4465 4463
f 4466 4467 4465
f 4467 4471 4472
f 4466 4469 4473
f 4465 4472 4474
f 4474 4469 4470
f 4473 4472 4471
f 4476 4482 4481
f 4476 4477 4475
f 4478 4479 4477
f 4479 4483 4484
f 4478 4481 4485
f 4477 4484 4486
f 4486 4481 4482
f 4485 4484 4483
f 4488 4494 4493
f 4488 4489 4487
f 4490 4491 4489
f 4491 4495 4496
f 4490 4493 4497
f 4489 4496 4498
f 4498 4493 4494
f 4497 4496 4495
f 4500 4506 4505
f 4500 4501 4499
f 4502 4503 4501
f 4503 4507 4508
f 4502 4505 4509
f 4501 4508 4510
f 4510 4505 4506
f 4509 4508 4507
f 4512 4518 4517
f 4512 4513 4511
f 4514 4515 4513
f 4515 4519 4520
f 4514 4517 4521
f 4513 4520 4522
f 4522 4517 4518
f 4521 4520 4519
f 4524 4530 4529
f 4524 4525 4523
f 4526 4527 4525
f 4527 4531 4532
f 4526 4529 4533
f 4525 4532 4534
f 4534 4529 4530
f 4533 4532 4531
f 4536 4542 4541
f 4536 4537 4535
f 4538 4539 4537
f 4539 4543 4544
f 4538 4541 4545
f 4537 4544 4546
f 4546 4541 4542
f 4545 4544 4543
f 4548 4554 4553
f 4548 4549 4547
f 4550 4551 4549
f 4551 4555 4556
f 4550 4553 4557
f 4549 4556 4558
f 4558 4553 4554
f 4557 4556 4555
f 4560 4566 4565
f 4560 4561 4559
f 4562 4563 4561
f 4563 4567 4568
f 4562 4565 4569
f 4561 4568 4570
f 4570 4565 4566
f 4569 4568 4567
f 4572 4578 4577
f 4572 4573 4571
f 4574 4575 4573
f 4575 4579 4580
f 4574 4577 4581
f 4573 4580 4582
f 4582 4577 4578
f 4581 4580 4579
f 4584 4590 4589
f 4584 4585 4583
f 4586 4587 4585
f 4587 4591 4592
f 4586 4589 4593
f 4585 4592 4594
f 4594 4589 4590
f 4593 4592 4591
f 4596 4602 4601
f 4596 4597 4595
f 4598 4599 4597
f 4599 4603 4604
f 4598 4601 4605
f 4597 4604 4606
f 4606 4601 4602
f 4605 4604 4603
f 4608 4614 4613
f 4608 4609 4607
f 4610 4611 4609
f 4611 4615 4616
f 4610 4613 4617
f 4609 4616 4618
f 4618 4613 4614
f 4617 4616 4615
f 4620 4626 4625
f 4620 4621 4619
f 4622 4623 4621
f 4623 4627 4628
f 4622 4625 4629
f 4621 4628 4630
f 4630 4625 4626
f 4629 4628 4627
f 4632 4638 4637
f 4632 4633 4631
f 4634 4635 4633
f 4635 4639 4640
f 4634 4637 4641
f 4633 4640 4642
f 4642 4637 4638
f 4641 4640 4639
f 4644 4650 4649
f 4644 4645 4643
f 4646 4647 4645
f 4647 4651 4652
f 4646 4649 4653
f 4645 4652 4654
f 4654 4649 4650
f 4653 4652 4651
f 4656 4662 4661
f 4656 4657 4655
f 4658 4659 4657
f 4659 4663 4664
f 4658 4661 4665
f 4657 4664 4666
f 4666 4661 4662
f 4665 4664 4663
f 4668 4674 4673
f 4668 4669 4667
f 4670 4671 4669
f 4671 4675 4676
f 4670 4673 4677
f 4669 4676 4678
f 4678 4673 4674
f 4677 4676 4675
f 4680 4686 4685
f 4680 4681 4679
f 4682 4683 4681
f 4683 4687 4688
f 4682 4685 4689
f 4681 4688 4690
f 4690 4685 4686
f 4689 4688 4687
f 4692 4698 4697
f 4692 4693 4691
f 4694 4695 4693
f 4695 4699 4700
f 4694 4697 4701
f 4693 4700 4702
f 4702 4697 4698
f 4701 4700 4699
f 4704 4710 4709
f 4704 4705 4703
f 4706 4707 4705
f 4707 4711 4712
f 4706 4709 4713
f 4705 4712 4714
f 4714 4709 4710
f 4713 4712 4711
f 4716 4722 4721
f 4716 4717 4715
f 4718 4719 4717
f 4719 4723 4724
f 4718 4721 4725
f 4717 4724 4726
f 4726 4721 4722
f 4725 4724 4723
f 4728 4734 4733
f 4728 4729 4727
f 4730 4731 4729
f 4731 4735 4736
f 4730 4733 4737
f 4729 4736 4738
f 4738 4733 4734
f 4737 4736 4735
f 4740 4746 4745
f 4740 4741 4739
f 4742 4743 4741
f 4743 4747 4748
f 4742 4745 4749
f 4741 4748 4750
f 4750 4745 4746
f 4749 4748 4747
f 4752 4758 4757
f 4752 4753 4751
f 4754 4755 4753
f 4755 4759 4760
f 4754 4757 4761
f 4753 4760 4762
f 4762 4757 4758
f 4761 4760 4759
f 4764 4770 4769
f 4764 4765 4763
f 4766 4767 4765
f 4767 4771 4772
f 4766 4769 4773
f 4765 4772 4774
f 4774 4769 4770
f 4773 4772 4771
f 4776 4782 4781
f 4776 4777 4775
f 4778 4779 4777
f 4779 4783 4784
f 4778 4781 4785
f 4777 4784 4786
f 4786 4781 4782
f 4785 4784 4783
f 4788 4794 4793
f 4788 4789 4787
f 4790 4791 4789
f 4791 4795 4796
f 4790 4793 4797
f 4789 4796 4798
f 4798 4793 4794
f 4797 4796 4795
f 4800 4806 4805
f 4800 4801 4799
f 4802 4803 4801
f 4803 4807 4808
f 4802 4805 4809
f 4801 4808 4810
f 4810 4805 4806
f 4809 4808 4807
f 4812 4818 4817
f 4812 4813 4811
f 4814 4815 4813
f 4815 4819 4820
f 4814 4817 4821
f 4813 4820 4822
f 4822 4817 4818
f 4821 4820 4819
f 4824 4830 4829
f 4824 4825 4823
f 4826 4827 4825
f 4827 4831 4832
f 4826 4829 4833
f 4825 4832 4834
f 4834 4829 4830
f 4833 4832 4831
f 4836 4842 4841
f 4836 4837 4835
f 4838 4839 4837
f 4839 4843 4844
f 4838 4841 4845
f 4837 4844 4846
f 4846 4841 4842
f 4845 4844 4843
f 4848 4854 4853
f 4848 4849 4847
f 4850 4851 4849
f 4851 4855 4856
f 4850 4853 4857
f 4849 4856 4858
f 4858 4853 4854
f 4857 4856 4855
f 4860 4866 4865
f 4860 4861 4859
f 4862 4863 4861
f 4863 4867 4868
f 4862 4865 4869
f 4861 4868 4870
f 4870 4865 4866
f 4869 4868 4867
f 4872 4878 4877
f 4872 4873 4871
f 4874 4875 4873
f 4875 4879 4880
f 4874 4877 4881
f 4873 4880 4882
f 4882 4877 4878
f 4881 4880 4879
f 4884 4890 4889
f 4884 4885 4883
f 4886 4887 4885
f 4887 4891 4892
f 4886 4889 4893
f 4885 4892 4894
f 4894 4889 4890
f 4893 4892 4891
f 4896 4902 4901
f 4896 4897 4895
f 4898 4899 4897
f 4899 4903 4904
f 4898 4901 4905
f 4897 4904 4906
f 4906 4901 4902
f 4905 4904 4903
f 4908 4914 4913
f 4908 4909 4907
f 4910 4911 4909
f 4911 4915 4916
f 4910 4913 4917
f 4909 4916 4918
f 4918 4913 4914
f 4917 4916 4915
f 4920 4926 4925
f 4920 4921 4919
f 4922 4923 4921
f 4923 4927 4928
f 4922 4925 4929
f 4921 4928 4930
f 4930 4925 4926
f 4929 4928 4927
f 4932 4938 4937
f 4932 4933 4931
f 4934 4935 4933
f 4935 4939 4940
f 4934 4937 4941
f 4933 4940 4942
f 4942 4937 4938
f 4941 4940 4939
f 4944 4950 4949
f 4944 4945 4943
f 4946 4947 4945
f 4947 4951 4952
f 4946 4949 4953
f 4945 4952 4954
f 4954 4949 4950
f 4953 4952 4951
f 4956 4962 4961
f 4956 4957 4955
f 4958 4959 4957
f 4959 4963 4964
f 4958 4961 4965
f 4957 4964 4966
f 4966 4961 4962
f 4965 4964 4963
f 4968 4974 4973
f 4968 4969 4967
f 4970 4971 4969
f 4971 4975 4976
f 4970 4973 4977
f 4969 4976 4978
f 4978 4973 4974
f 4977 4976 4975
f 4980 4986 4985
f 4980 4981 4979
f 4982 4983 4981
f 4983 4987 4988
f 4982 4985 4989
f 4981 4988 4990
f 4990 4985 4986
f 4989 4988 4987
f 4992 4998 4997
f 4992 4993 4991
f 4994 4995 4993
f 4995 4999 5000
f 4994 4997 5001
f 4993 5000 5002
f 5002 4997 4998
f 5001 5000 4999
f 5004 5010 5009
f 5004 5005 5003
f 5006 5007 5005
f 5007 5011 5012
f 5006 5009 5013
f 5005 5012 5014
f 5014 5009 5010
f 5013 5012 5011
f 5016 5022 5021
f 5016 5017 5015
f 5018 5019 5017
f 5019 5023 5024
f 5018 5021 5025
f 5017 5024 5026
f 5026 5021 5022
f 5025 5024 5023
f 5028 5034 5033
f 5028 5029 5027
f 5030 5031 5029
f 5031 5035 5036
f 5030 5033 5037
f 5029 5036 5038
f 5038 5033 5034
f 5037 5036 5035
f 5040 5046 5045
f 5040 5041 5039
f 5042 5043 5041
f 5043 5047 5048
f 5042 5045 5049
f 5041 5048 5050
f 5050 5045 5046
f 5049 5048 5047
f 5052 5058 5057
f 5052 5053 5051
f 5054 5055 5053
f 5055 5059 5060
f 5054 5057 5061
f 5053 5060 5062
f 5062 5057 5058
f 5061 5060 5059
f 5064 5070 5069
f 5064 5065 5063
f 5066 5067 5065
f 5067 5071 5072
f 5066 5069 5073
f 5065 5072 5074
f 5074 5069 5070
f 5073 5072 5071
f 5076 5082 5081
f 5076 5077 5075
f 5078 5079 5077
f 5079 5083 5084
f 5078 5081 5085
f 5077 5084 5086
f 5086 5081 5082
f 5085 5084 5083
f 5088 5094 5093
f 5088 5089 5087
f 5090 5091 5089
f 5091 5095 5096
f 5090 5093 5097
f 5089 5096 5098
f 5098 5093 5094
f 5097 5096 5095
f 5100 5106 5105
f 5100 5101 5099
f 5102 5103 5101
f 5103 5107 5108
f 5102 5105 5109
f 5101 5108 5110
f 5110 5105 5106
f 5109 5108 5107
f 5112 5118 5117
f 5112 5113 5111
f 5114 5115 5113
f 5115 5119 5120
f 5114 5117 5121
f 5113 5120 5122
f 5122 5117 5118
f 5121 5120 5119
f 84 83 90
f 84 86 85
f 86 88 87
f 87 88 91
f 93 91 88
f 86 84 89
f 93 88 86
f 94 90 83
f 85 87 92
f 94 83 85
f 94 93 89
f 93 94 92
f 96 95 102
f 96 98 97
f 98 100 99
f 99 100 103
f 105 103 100
f 98 96 101
f 105 100 98
f 106 102 95
f 97 99 104
f 106 95 97
f 106 105 101
f 105 106 104
f 108 107 114
f 108 110 109
f 110 112 111
f 111 112 115
f 117 115 112
f 110 108 113
f 117 112 110
f 118 114 107
f 109 111 116
f 118 107 109
f 118 117 113
f 117 118 116
f 120 119 126
f 120 122 121
f 122 124 123
f 123 124 127
f 129 127 124
f 122 120 125
f 129 124 122
f 130 126 119
f 121 123 128
f 130 119 121
f 130 129 125
f 129 130 128
f 132 131 138
f 132 134 133
f 134 136 135
f 135 136 139
f 141 139 136
f 134 132 137
f 141 136 134
f 142 138 131
f 133 135 140
f 142 131 133
f 142 141 137
f 141 142 140
f 144 143 150
f 144 146 145
f 146 148 147
f 147 148 151
f 153 151 148
f 146 144 149
f 153 148 146
f 154 150 143
f 145 147 152
f 154 143 145
f 154 153 149
f 153 154 152
f 156 155 162
f 156 158 157
f 158 160 159
f 159 160 163
f 165 163 160
f 158 156 161
f 165 160 158
f 166 162 155
f 157 159 164
f 166 155 157
f 166 165 161
f 165 166 164
f 168 167 174
f 168 170 169
f 170 172 171
f 171 172 175
f 177 175 172
f 170 168 173
f 177 172 170
f 178 174 167
f 169 171 176
f 178 167 169
f 178 177 173
f 177 178 176
f 180 179 186
f 180 182 181
f 182 184 183
f 183 184 187
f 189 187 184
f 182 180 185
f 189 184 182
f 190 186 179
f 181 183 188
f 190 179 181
f 190 189 185
f 189 190 188
f 192 191 198
f 192 194 193
f 194 196 195
f 195 196 199
f 201 199 196
f 194 192 197
f 201 196 194
f 202 198 191
f 193 195 200
f 202 191 193
f 202 201 197
f 201 202 200
f 204 203 210
f 204 206 205
f 206 208 207
f 207 208 211
f 213 211 208
f 206 204 209
f 213 208 206
f 214 210 203
f 205 207 212
f 214 203 205
f 214 213 209
f 213 214 212
f 216 215 222
f 216 218 217
f 218 220 219
f 219 220 223
f 225 223 220
f 218 216 221
f 225 220 218
f 226 222 215
f 217 219 224
f 226 215 217
f 226 225 221
f 225 226 224
f 228 227 234
f 228 230 229
f 230 232 231
f 231 232 235
f 237 235 232
f 230 228 233
f 237 232 230
f 238 234 227
f 229 231 236
f 238 227 229
f 238 237 233
f 237 238 236
f 240 239 246
f 240 242 241
f 242 244 243
f 243 244 247
f 249 247 244
f 242 240 245
f 249 244 242
f 250 246 239
f 241 243 248
f 250 239 241
f 250 249 245
f 249 250 248
f 252 251 258
f 252 254 253
f 254 256 255
f 255 256 259
f 261 259 256
f 254 252 257
f 261 256 254
f 262 258 251
f 253 255 260
f 262 251 253
f 262 261 257
f 261 262 260
f 264 263 270
f 264 266 265
f 266 268 267
f 267 268 271
f 273 271 268
f 266 264 269
f 273 268 266
f 274 270 263
f 265 267 272
f 274 263 265
f 274 273 269
f 273 274 272
f 276 275 282
f 276 278 277
f 278 280 279
f 279 280 283
f 285 283 280
f 278 276 281
f 285 280 278
f 286 282 275
f 277 279 284
f 286 275 277
f 286 285 281
f 285 286 284
f 288 287 294
f 288 290 289
f 290 292 291
f 291 292 295
f 297 295 292
f 290 288 293
f 297 292 290
f 298 294 287
f 289 291 296
f 298 287 289
f 298 297 293
f 297 298 296
f 300 299 306
f 300 302 301
f 302 304 303
f 303 304 307
f 309 307 304
f 302 300 305
f 309 304 302
f 310 306 299
f 301 303 308
f 310 299 301
f 310 309 305
f 309 310 308
f 312 311 318
f 312 314 313
f 314 316 315
f 315 316 319
f 321 319 316
f 314 312 317
f 321 316 314
f 322 318 311
f 313 315 320
f 322 311 313
f 322 321 317
f 321 322 320
f 324 323 330
f 324 326 325
f 326 328 327
f 327 328 331
f 333 331 328
f 326 324 329
f 333 328 326
f 334 330 323
f 325 327 332
f 334 323 325
f 334 333 329
f 333 334 332
f 336 335 342
f 336 338 337
f 338 340 339
f 339 340 343
f 345 343 340
f 338 336 341
f 345 340 338
f 346 342 335
f 337 339 344
f 346 335 337
f 346 345 341
f 345 346 344
f 348 347 354
f 348 350 349
f 350 352 351
f 351 352 355
f 357 355 352
f 350 348 353
f 357 352 350
f 358 354 347
f 349 351 356
f 358 347 349
f 358 357 353
f 357 358 356
f 360 359 366
f 360 362 361
f 362 364 363
f 363 364 367
f 369 367 364
f 362 360 365
f 369 364 362
f 370 366 359
f 361 363 368
f 370 359 361
f 370 369 365
f 369 370 368
f 372 371 378
f 372 374 373
f 374 376 375
f 375 376 379
f 381 379 376
f 374 372 377
f 381 376 374
f 382 378 371
f 373 375 380
f 382 371 373
f 382 381 377
f 381 382 380
f 384 383 390
f 384 386 385
f 386 388 387
f 387 388 391
f 393 391 388
f 386 384 389
f 393 388 386
f 394 390 383
f 385 387 392
f 394 383 385
f 394 393 389
f 393 394 392
f 396 395 402
f 396 398 397
f 398 400 399
f 399 400 403
f 405 403 400
f 398 396 401
f 405 400 398
f 406 402 395
f 397 399 404
f 406 395 397
f 406 405 401
f 405 406 404
f 408 407 414
f 408 410 409
f 410 412 411
f 411 412 415
f 417 415 412
f 410 408 413
f 417 412 410
f 418 414 407
f 409 411 416
f 418 407 409
f 418 417 413
f 417 418 416
f 420 419 426
f 420 422 421
f 422 424 423
f 423 424 427
f 429 427 424
f 422 420 425
f 429 424 422
f 430 426 419
f 421 423 428
f 430 419 421
f 430 429 425
f 429 430 428
f 432 431 438
f 432 434 433
f 434 436 435
f 435 436 439
f 441 439 436
f 434 432 437
f 441 436 434
f 442 438 431
f 433 435 440
f 442 431 433
f 442 441 437
f 441 442 440
f 444 443 450
f 444 446 445
f 446 448 447
f 447 448 451
f 453 451 448
f 446 444 449
f 453 448 446
f 454 450 443
f 445 447 452
f 454 443 445
f 454 453 449
f 453 454 452
f 456 455 462
f 456 458 457
f 458 460 459
f 459 460 463
f 465 463 460
f 458 456 461
f 465 460 458
f 466 462 455
f 457 459 464
f 466 455 457
f 466 465 461
f 465 466 464
f 468 467 474
f 468 470 469
f 470 472 471
f 471 472 475
f 477 475 472
f 470 468 473
f 477 472 470
f 478 474 467
f 469 471 476
f 478 467 469
f 478 477 473
f 477 478 476
f 480 479 486
f 480 482 481
f 482 484 483
f 483 484 487
f 489 487 484
f 482 480 485
f 489 484 482
f 490 486 479
f 481 483 488
f 490 479 481
f 490 489 485
f 489 490 488
f 492 491 498
f 492 494 493
f 494 496 495
f 495 496 499
f 501 499 496
f 494 492 497
f 501 496 494
f 502 498 491
f 493 495 500
f 502 491 493
f 502 501 497
f 501 502 500
f 504 503 510
f 504 506 505
f 506 508 507
f 507 508 511
f 513 511 508
f 506 504 509
f 513 508 506
f 514 510 503
f 505 507 512
f 514 503 505
f 514 513 509
f 513 514 512
f 516 515 522
f 516 518 517
f 518 520 519
f 519 520 523
f 525 523 520
f 518 516 521
f 525 520 518
f 526 522 515
f 517 519 524
f 526 515 517
f 526 525 521
f 525 526 524
f 528 527 534
f 528 530 529
f 530 532 531
f 531 532 535
f 537 535 532
f 530 528 533
f 537 532 530
f 538 534 527
f 529 531 536
f 538 527 529
f 538 537 533
f 537 538 536
f 540 539 546
f 540 542 541
f 542 544 543
f 543 544 547
f 549 547 544
f 542 540 545
f 549 544 542
f 550 546 539
f 541 543 548
f 550 539 541
f 550 549 545
f 549 550 548
f 552 551 558
f 552 554 553
f 554 556 555
f 555 556 559
f 561 559 556
f 554 552 557
f 561 556 554
f 562 558 551
f 553 555 560
f 562 551 553
f 562 561 557
f 561 562 560
f 564 563 570
f 564 566 565
f 566 568 567
f 567 568 571
f 573 571 568
f 566 564 569
f 573 568 566
f 574 570 563
f 565 567 572
f 574 563 565
f 574 573 569
f 573 574 572
f 576 575 582
f 576 578 577
f 578 580 579
f 579 580 583
f 585 583 580
f 578 576 581
f 585 580 578
f 586 582 575
f 577 579 584
f 586 575 577
f 586 585 581
f 585 586 584
f 588 587 594
f 588 590 589
f 590 592 591
f 591 592 595
f 597 595 592
f 590 588 593
f 597 592 590
f 598 594 587
f 589 591 596
f 598 587 589
f 598 597 593
f 597 598 596
f 600 599 606
f 600 602 601
f 602 604 603
f 603 604 607
f 609 607 604
f 602 600 605
f 609 604 602
f 610 606 599
f 601 603 608
f 610 599 601
f 610 609 605
f 609 610 608
f 612 611 618
f 612 614 613
f 614 616 615
f 615 616 619
f 621 619 616
f 614 612 617
f 621 616 614
f 622 618 611
f 613 615 620
f 622 611 613
f 622 621 617
f 621 622 620
f 624 623 630
f 624 626 625
f 626 628 627
f 627 628 631
f 633 631 628
f 626 624 629
f 633 628 626
f 634 630 623
f 625 627 632
f 634 623 625
f 634 633 629
f 633 634 632
f 636 635 642
f 636 638 637
f 638 640 639
f 639 640 643
f 645 643 640
f 638 636 641
f 645 640 638
f 646 642 635
f 637 639 644
f 646 635 637
f 646 645 641
f 645 646 644
f 648 647 654
f 648 650 649
f 650 652 651
f 651 652 655
f 657 655 652
f 650 648 653
f 657 652 650
f 658 654 647
f 649 651 656
f 658 647 649
f 658 657 653
f 657 658 656
f 660 659 666
f 660 662 661
f 662 664 663
f 663 664 667
f 669 667 664
f 662 660 665
f 669 664 662
f 670 666 659
f 661 663 668
f 670 659 661
f 670 669 665
f 669 670 668
f 672 671 678
f 672 674 673
f 674 676 675
f 675 676 679
f 681 679 676
f 674 672 677
f 681 676 674
f 682 678 671
f 673 675 680
f 682 671 673
f 682 681 677
f 681 682 680
f 684 683 690
f 684 686 685
f 686 688 687
f 687 688 691
f 693 691 688
f 686 684 689
f 693 688 686
f 694 690 683
f 685 687 692
f 694 683 685
f 694 693 689
f 693 694 692
f 696 695 702
f 696 698 697
f 698 700 699
f 699 700 703
f 705 703 700
f 698 696 701
f 705 700 698
f 706 702 695
f 697 699 704
f 706 695 697
f 706 705 701
f 705 706 704
f 708 707 714
f 708 710 709
f 710 712 711
f 711 712 715
f 717 715 712
f 710 708 713
f 717 712 710
f 718 714 707
f 709 711 716
f 718 707 709
f 718 717 713
f 717 718 716
f 720 719 726
f 720 722 721
f 722 724 723
f 723 724 727
f 729 727 724
f 722 720 725
f 729 724 722
f 730 726 719
f 721 723 728
f 730 719 721
f 730 729 725
f 729 730 728
f 732 731 738
f 732 734 733
f 734 736 735
f 735 736 739
f 741 739 736
f 734 732 737
f 741 736 734
f 742 738 731
f 733 735 740
f 742 731 733
f 742 741 737
f 741 742 740
f 744 743 750
f 744 746 745
f 746 748 747
f 747 748 751
f 753 751 748
f 746 744 749
f 753 748 746
f 754 750 743
f 745 747 752
f 754 743 745
f 754 753 749
f 753 754 752
f 756 755 762
f 756 758 757
f 758 760 759
f 759 760 763
f 765 763 760
f 758 756 761
f 765 760 758
f 766 762 755
f 757 759 764
f 766 755 757
f 766 765 761
f 765 766 764
f 768 767 774
f 768 770 769
f 770 772 771
f 771 772 775
f 777 775 772
f 770 768 773
f 777 772 770
f 778 774 767
f 769 771 776
f 778 767 769
f 778 777 773
f 777 778 776
f 780 779 786
f 780 782 781
f 782 784 783
f 783 784 787
f 789 787 784
f 782 780 785
f 789 784 782
f 790 786 779
f 781 783 788
f 790 779 781
f 790 789 785
f 789 790 788
f 792 791 798
f 792 794 793
f 794 796 795
f 795 796 799
f 801 799 796
f 794 792 797
f 801 796 794
f 802 798 791
f 793 795 800
f 802 791 793
f 802 801 797
f 801 802 800
f 804 803 810
f 804 806 805
f 806 808 807
f 807 808 811
f 813 811 808
f 806 804 809
f 813 808 806
f 814 810 803
f 805 807 812
f 814 803 805
f 814 813 809
f 813 814 812
f 816 815 822
f 816 818 817
f 818 820 819
f 819 820 823
f 825 823 820
f 818 816 821
f 825 820 818
f 826 822 815
f 817 819 824
f 826 815 817
f 826 825 821
f 825 826 824
f 828 827 834
f 828 830 829
f 830 832 831
f 831 832 835
f 837 835 832
f 830 828 833
f 837 832 830
f 838 834 827
f 829 831 836
f 838 827 829
f 838 837 833
f 837 838 836
f 840 839 846
f 840 842 841
f 842 844 843
f 843 844 847
f 849 847 844
f 842 840 845
f 849 844 842
f 850 846 839
f 841 843 848
f 850 839 841
f 850 849 845
f 849 850 848
f 852 851 858
f 852 854 853
f 854 856 855
f 855 856 859
f 861 859 856
f 854 852 857
f 861 856 854
f 862 858 851
f 853 855 860
f 862 851 853
f 862 861 857
f 861 862 860
f 864 863 870
f 864 866 865
f 866 868 867
f 867 868 871
f 873 871 868
f 866 864 869
f 873 868 866
f 874 870 863
f 865 867 872
f 874 863 865
f 874 873 869
f 873 874 872
f 876 875 882
f 876 878 877
f 878 880 879
f 879 880 883
f 885 883 880
f 878 876 881
f 885 880 878
f 886 882 875
f 877 879 884
f 886 875 877
f 886 885 881
f 885 886 884
f 888 887 894
f 888 890 889
f 890 892 891
f 891 892 895
f 897 895 892
f 890 888 893
f 897 892 890
f 898 894 887
f 889 891 896
f 898 887 889
f 898 897 893
f 897 898 896
f 900 899 906
f 900 902 901
f 902 904 903
f 903 904 907
f 909 907 904
f 902 900 905
f 909 904 902
f 910 906 899
f 901 903 908
f 910 899 901
f 910 909 905
f 909 910 908
f 912 911 918
f 912 914 913
f 914 916 915
f 915 916 919
f 921 919 916
f 914 912 917
f 921 916 914
f 922 918 911
f 913 915 920
f 922 911 913
f 922 921 917
f 921 922 920
f 924 923 930
f 924 926 925
f 926 928 927
f 927 928 931
f 933 931 928
f 926 924 929
f 933 928 926
f 934 930 923
f 925 927 932
f 934 923 925
f 934 933 929
f 933 934 932
f 936 935 942
f 936 938 937
f 938 940 939
f 939 940 943
f 945 943 940
f 938 936 941
f 945 940 938
f 946 942 935
f 937 939 944
f 946 935 937
f 946 945 941
f 945 946 944
f 948 947 954
f 948 950 949
f 950 952 951
f 951 952 955
f 957 955 952
f 950 948 953
f 957 952 950
f 958 954 947
f 949 951 956
f 958 947 949
f 958 957 953
f 957 958 956
f 960 959 966
f 960 962 961
f 962 964 963
f 963 964 967
f 969 967 964
f 962 960 965
f 969 964 962
f 970 966 959
f 961 963 968
f 970 959 961
f 970 969 965
f 969 970 968
f 972 971 978
f 972 974 973
f 974 976 975
f 975 976 979
f 981 979 976
f 974 972 977
f 981 976 974
f 982 978 971
f 973 975 980
f 982 971 973
f 982 981 977
f 981 982 980
f 984 983 990
f 984 986 985
f 986 988 987
f 987 988 991
f 993 991 988
f 986 984 989
f 993 988 986
f 994 990 983
f 985 987 992
f 994 983 985
f 994 993 989
f 993 994 992
f 996 995 1002
f 996 998 997
f 998 1000 999
f 999 1000 1003
f 1005 1003 1000
f 998 996 1001
f 1005 1000 998
f 1006 1002 995
f 997 999 1004
f 1006 995 997
f 1006 1005 1001
f 1005 1006 1004
f 1008 1007 1014
f 1008 1010 1009
f 1010 1012 1011
f 1011 1012 1015
f 1017 1015 1012
f 1010 1008 1013
f 1017 1012 1010
f 1018 1014 1007
f 1009 1011 1016
f 1018 1007 1009
f 1018 1017 1013
f 1017 1018 1016
f 1020 1019 1026
f 1020 1022 1021
f 1022 1024 1023
f 1023 1024 1027
f 1029 1027 1024
f 1022 1020 1025
f 1029 1024 1022
f 1030 1026 1019
f 1021 1023 1028
f 1030 1019 1021
f 1030 1029 1025
f 1029 1030 1028
f 1032 1031 1038
f 1032 1034 1033
f 1034 1036 1035
f 1035 1036 1039
f 1041 1039 1036
f 1034 1032 1037
f 1041 1036 1034
f 1042 1038 1031
f 1033 1035 1040
f 1042 1031 1033
f 1042 1041 1037
f 1041 1042 1040
f 1044 1043 1050
f 1044 1046 1045
f 1046 1048 1047
f 1047 1048 1051
f 1053 1051 1048
f 1046 1044 1049
f 1053 1048 1046
f 1054 1050 1043
f 1045 1047 1052
f 1054 1043 1045
f 1054 1053 1049
f 1053 1054 1052
f 1056 1055 1062
f 1056 1058 1057
f 1058 1060 1059
f 1059 1060 1063
f 1065 1063 1060
f 1058 1056 1061
f 1065 1060 1058
f 1066 1062 1055
f 1057 1059 1064
f 1066 1055 1057
f 1066 1065 1061
f 1065 1066 1064
f 1068 1067 1074
f 1068 1070 1069
f 1070 1072 1071
f 1071 1072 1075
f 1077 1075 1072
f 1070 1068 1073
f 1077 1072 1070
f 1078 1074 1067
f 1069 1071 1076
f 1078 1067 1069
f 1078 1077 1073
f 1077 1078 1076
f 1080 1079 1086
f 1080 1082 1081
f 1082 1084 1083
f 1083 1084 1087
f 1089 1087 1084
f 1082 1080 1085
f 1089 1084 1082
f 1090 1086 1079
f 1081 1083 1088
f 1090 1079 1081
f 1090 1089 1085
f 1089 1090 1088
f 1092 1091 1098
f 1092 1094 1093
f 1094 1096 1095
f 1095 1096 1099
f 1101 1099 1096
f 1094 1092 1097
f 1101 1096 1094
f 1102 1098 1091
f 1093 1095 1100
f 1102 1091 1093
f 1102 1101 1097
f 1101 1102 1100
f 1104 1103 1110
f 1104 1106 1105
f 1106 1108 1107
f 1107 1108 1111
f 1113 1111 1108
f 1106 1104 1109
f 1113 1108 1106
f 1114 1110 1103
f 1105 1107 1112
f 1114 1103 1105
f 1114 1113 1109
f 1113 1114 1112
f 1116 1115 1122
f 1116 1118 1117
f 1118 1120 1119
f 1119 1120 1123
f 1125 1123 1120
f 1118 1116 1121
f 1125 1120 1118
f 1126 1122 1115
f 1117 1119 1124
f 1126 1115 1117
f 1126 1125 1121
f 1125 1126 1124
f 1128 1127 1134
f 1128 1130 1129
f 1130 1132 1131
f 1131 1132 1135
f 1137 1135 1132
f 1130 1128 1133
f 1137 1132 1130
f 1138 1134 1127
f 1129 1131 1136
f 1138 1127 1129
f 1138 1137 1133
f 1137 1138 1136
f 1140 1139 1146
f 1140 1142 1141
f 1142 1144 1143
f 1143 1144 1147
f 1149 1147 1144
f 1142 1140 1145
f 1149 1144 1142
f 1150 1146 1139
f 1141 1143 1148
f 1150 1139 1141
f 1150 1149 1145
f 1149 1150 1148
f 1152 1151 1158
f 1152 1154 1153
f 1154 1156 1155
f 1155 1156 1159
f 1161 1159 1156
f 1154 1152 1157
f 1161 1156 1154
f 1162 1158 1151
f 1153 1155 1160
f 1162 1151 1153
f 1162 1161 1157
f 1161 1162 1160
f 1164 1163 1170
f 1164 1166 1165
f 1166 1168 1167
f 1167 1168 1171
f 1173 1171 1168
f 1166 1164 1169
f 1173 1168 1166
f 1174 1170 1163
f 1165 1167 1172
f 1174 1163 1165
f 1174 1173 1169
f 1173 1174 1172
f 1176 1175 1182
f 1176 1178 1177
f 1178 1180 1179
f 1179 1180 1183
f 1185 1183 1180
f 1178 1176 1181
f 1185 1180 1178
f 1186 1182 1175
f 1177 1179 1184
f 1186 1175 1177
f 1186 1185 1181
f 1185 1186 1184
f 1188 1187 1194
f 1188 1190 1189
f 1190 1192 1191
f 1191 1192 1195
f 1197 1195 1192
f 1190 1188 1193
f 1197 1192 1190
f 1198 1194 1187
f 1189 1191 1196
f 1198 1187 1189
f 1198 1197 1193
f 1197 1198 1196
f 1200 1199 1206
f 1200 1202 1201
f 1202 1204 1203
f 1203 1204 1207
f 1209 1207 1204
f 1202 1200 1205
f 1209 1204 1202
f 1210 1206 1199
f 1201 1203 1208
f 1210 1199 1201
f 1210 1209 1205
f 1209 1210 1208
f 1212 1211 1218
f 1212 1214 1213
f 1214 1216 1215
f 1215 1216 1219
f 1221 1219 1216
f 1214 1212 1217
f 1221 1216 1214
f 1222 1218 1211
f 1213 1215 1220
f 1222 1211 1213
f 1222 1221 1217
f 1221 1222 1220
f 1224 1223 1230
f 1224 1226 1225
f 1226 1228 1227
f 1227 1228 1231
f 1233 1231 1228
f 1226 1224 1229
f 1233 1228 1226
f 1234 1230 1223
f 1225 1227 1232
f 1234 1223 1225
f 1234 1233 1229
f 1233 1234 1232
f 1236 1235 1242
f 1236 1238 1237
f 1238 1240 1239
f 1239 1240 1243
f 1245 1243 1240
f 1238 1236 1241
f 1245 1240 1238
f 1246 1242 1235
f 1237 1239 1244
f 1246 1235 1237
f 1246 1245 1241
f 1245 1246 1244
f 1248 1247 1254
f 1248 1250 1249
f 1250 1252 1251
f 1251 1252 1255
f 1257 1255 1252
f 1250 1248 1253
f 1257 1252 1250
f 1258 1254 1247
f 1249 1251 1256
f 1258 1247 1249
f 1258 1257 1253
f 1257 1258 1256
f 1260 1259 1266
f 1260 1262 1261
f 1262 1264 1263
f 1263 1264 1267
f 1269 1267 1264
f 1262 1260 1265
f 1269 1264 1262
f 1270 1266 1259
f 1261 1263 1268
f 1270 1259 1261
f 1270 1269 1265
f 1269 1270 1268
f 1272 1271 1278
f 1272 1274 1273
f 1274 1276 1275
f 1275 1276 1279
f 1281 1279 1276
f 1274 1272 1277
f 1281 1276 1274
f 1282 1278 1271
f 1273 1275 1280
f 1282 1271 1273
f 1282 1281 1277
f 1281 1282 1280
f 1284 1283 1290
f 1284 1286 1285
f 1286 1288 1287
f 1287 1288 1291
f 1293 1291 1288
f 1286 1284 1289
f 1293 1288 1286
f 1294 1290 1283
f 1285 1287 1292
f 1294 1283 1285
f 1294 1293 1289
f 1293 1294 1292
f 1296 1295 1302
f 1296 1298 1297
f 1298 1300 1299
f 1299 1300 1303
f 1305 1303 1300
f 1298 1296 1301
f 1305 1300 1298
f 1306 1302 1295
f 1297 1299 1304
f 1306 1295 1297
f 1306 1305 1301
f 1305 1306 1304
f 1308 1307 1314
f 1308 1310 1309
f 1310 1312 1311
f 1311 1312 1315
f 1317 1315 1312
f 1310 1308 1313
f 1317 1312 1310
f 1318 1314 1307
f 1309 1311 1316
f 1318 1307 1309
f 1318 1317 1313
f 1317 1318 1316
f 1320 1319 1326
f 1320 1322 1321
f 1322 1324 1323
f 1323 1324 1327
f 1329 1327 1324
f 1322 1320 1325
f 1329 1324 1322
f 1330 1326 1319
f 1321 1323 1328
f 1330 1319 1321
f 1330 1329 1325
f 1329 1330 1328
f 1332 1331 1338
f 1332 1334 1333
f 1334 1336 1335
f 1335 1336 1339
f 1341 1339 1336
f 1334 1332 1337
f 1341 1336 1334
f 1342 1338 1331
f 1333 1335 1340
f 1342 1331 1333
f 1342 1341 1337
f 1341 1342 1340
f 1344 1343 1350
f 1344 1346 1345
f 1346 1348 1347
f 1347 1348 1351
f 1353 1351 1348
f 1346 1344 1349
f 1353 1348 1346
f 1354 1350 1343
f 1345 1347 1352
f 1354 1343 1345
f 1354 1353 1349
f 1353 1354 1352
f 1356 1355 1362
f 1356 1358 1357
f 1358 1360 1359
f 1359 1360 1363
f 1365 1363 1360
f 1358 1356 1361
f 1365 1360 1358
f 1366 1362 1355
f 1357 1359 1364
f 1366 1355 1357
f 1366 1365 1361
f 1365 1366 1364
f 1368 1367 1374
f 1368 1370 1369
f 1370 1372 1371
f 1371 1372 1375
f 1377 1375 1372
f 1370 1368 1373
f 1377 1372 1370
f 1378 1374 1367
f 1369 1371 1376
f 1378 1367 1369
f 1378 1377 1373
f 1377 1378 1376
f 1380 1379 1386
f 1380 1382 1381
f 1382 1384 1383
f 1383 1384 1387
f 1389 1387 1384
f 1382 1380 1385
f 1389 1384 1382
f 1390 1386 1379
f 1381 1383 1388
f 1390 1379 1381
f 1390 1389 1385
f 1389 1390 1388
f 1392 1391 1398
f 1392 1394 1393
f 1394 1396 1395
f 1395 1396 1399
f 1401 1399 1396
f 1394 1392 1397
f 1401 1396 1394
f 1402 1398 1391
f 1393 1395 1400
f 1402 1391 1393
f 1402 1401 1397
f 1401 1402 1400
f 1404 1403 1410
f 1404 1406 1405
f 1406 1408 1407
f 1407 1408 1411
f 1413 1411 1408
f 1406 1404 1409
f 1413 1408 1406
f 1414 1410 1403
f 1405 1407 1412
f 1414 1403 1405
f 1414 1413 1409
f 1413 1414 1412
f 1416 1415 1422
f 1416 1418 1417
f 1418 1420 1419
f 1419 1420 1423
f 1425 1423 1420
f 1418 1416 1421
f 1425 1420 1418
f 1426 1422 1415
f 1417 1419 1424
f 1426 1415 1417
f 1426 1425 1421
f 1425 1426 1424
f 1428 1427 1434
f 1428 1430 1429
f 1430 1432 1431
f 1431 1432 1435
f 1437 1435 1432
f 1430 1428 1433
f 1437 1432 1430
f 1438 1434 1427
f 1429 1431 1436
f 1438 1427 1429
f 1438 1437 1433
f 1437 1438 1436
f 1440 1439 1446
f 1440 1442 1441
f 1442 1444 1443
f 1443 1444 1447
f 1449 1447 1444
f 1442 1440 1445
f 1449 1444 1442
f 1450 1446 1439
f 1441 1443 1448
f 1450 1439 1441
f 1450 1449 1445
f 1449 1450 1448
f 1452 1451 1458
f 1452 1454 1453
f 1454 1456 1455
f 1455 1456 1459
f 1461 1459 1456
f 1454 1452 1457
f 1461 1456 1454
f 1462 1458 1451
f 1453 1455 1460
f 1462 1451 1453
f 1462 1461 1457
f 1461 1462 1460
f 1464 1463 1470
f 1464 1466 1465
f 1466 1468 1467
f 1467 1468 1471
f 1473 1471 1468
f 1466 1464 1469
f 1473 1468 1466
f 1474 1470 1463
f 1465 1467 1472
f 1474 1463 1465
f 1474 1473 1469
f 1473 1474 1472
f 1476 1475 1482
f 1476 1478 1477
f 1478 1480 1479
f 1479 1480 1483
f 1485 1483 1480
f 1478 1476 1481
f 1485 1480 1478
f 1486 1482 1475
f 1477 1479 1484
f 1486 1475 1477
f 1486 1485 1481
f 1485 1486 1484
f 1488 1487 1494
f 1488 1490 1489
f 1490 1492 1491
f 1491 1492 1495
f 1497 1495 1492
f 1490 1488 1493
f 1497 1492 1490
f 1498 1494 1487
f 1489 1491 1496
f 1498 1487 1489
f 1498 1497 1493
f 1497 1498 1496
f 1500 1499 1506
f 1500 1502 1501
f 1502 1504 1503
f 1503 1504 1507
f 1509 1507 1504
f 1502 1500 1505
f 1509 1504 1502
f 1510 1506 1499
f 1501 1503 1508
f 1510 1499 1501
f 1510 1509 1505
f 1509 1510 1508
f 1512 1511 1518
f 1512 1514 1513
f 1514 1516 1515
f 1515 1516 1519
f 1521 1519 1516
f 1514 1512 1517
f 1521 1516 1514
f 1522 1518 1511
f 1513 1515 1520
f 1522 1511 1513
f 1522 1521 1517
f 1521 1522 1520
f 1524 1523 1530
f 1524 1526 1525
f 1526 1528 1527
f 1527 1528 1531
f 1533 1531 1528
f 1526 1524 1529
f 1533 1528 1526
f 1534 1530 1523
f 1525 1527 1532
f 1534 1523 1525
f 1534 1533 1529
f 1533 1534 1532
f 1536 1535 1542
f 1536 1538 1537
f 1538 1540 1539
f 1539 1540 1543
f 1545 1543 1540
f 1538 1536 1541
f 1545 1540 1538
f 1546 1542 1535
f 1537 1539 1544
f 1546 1535 1537
f 1546 1545 1541
f 1545 1546 1544
f 1548 1547 1554
f 1548 1550 1549
f 1550 1552 1551
f 1551 1552 1555
f 1557 1555 1552
f 1550 1548 1553
f 1557 1552 1550
f 1558 1554 1547
f 1549 1551 1556
f 1558 1547 1549
f 1558 1557 1553
f 1557 1558 1556
f 1560 1559 1566
f 1560 1562 1561
f 1562 1564 1563
f 1563 1564 1567
f 1569 1567 1564
f 1562 1560 1565
f 1569 1564 1562
f 1570 1566 1559
f 1561 1563 1568
f 1570 1559 1561
f 1570 1569 1565
f 1569 1570 1568
f 1572 1571 1578
f 1572 1574 1573
f 1574 1576 1575
f 1575 1576 1579
f 1581 1579 1576
f 1574 1572 1577
f 1581 1576 1574
f 1582 1578 1571
f 1573 1575 1580
f 1582 1571 1573
f 1582 1581 1577
f 1581 1582 1580
f 1584 1583 1590
f 1584 1586 1585
f 1586 1588 1587
f 1587 1588 1591
f 1593 1591 1588
f 1586 1584 1589
f 1593 1588 1586
f 1594 1590 1583
f 1585 1587 1592
f 1594 1583 1585
f 1594 1593 1589
f 1593 1594 1592
f 1596 1595 1602
f 1596 1598 1597
f 1598 1600 1599
f 1599 1600 1603
f 1605 1603 1600
f 1598 1596 1601
f 1605 1600 1598
f 1606 1602 1595
f 1597 1599 1604
f 1606 1595 1597
f 1606 1605 1601
f 1605 1606 1604
f 1608 1607 1614
f 1608 1610 1609
f 1610 1612 1611
f 1611 1612 1615
f 1617 1615 1612
f 1610 1608 1613
f 1617 1612 1610
f 1618 1614 1607
f 1609 1611 1616
f 1618 1607 1609
f 1618 1617 1613
f 1617 1618 1616
f 1620 1619 1626
f 1620 1622 1621
f 1622 1624 1623
f 1623 1624 1627
f 1629 1627 1624
f 1622 1620 1625
f 1629 1624 1622
f 1630 1626 1619
f 1621 1623 1628
f 1630 1619 1621
f 1630 1629 1625
f 1629 1630 1628
f 1632 1631 1638
f 1632 1634 1633
f 1634 1636 1635
f 1635 1636 1639
f 1641 1639 1636
f 1634 1632 1637
f 1641 1636 1634
f 1642 1638 1631
f 1633 1635 1640
f 1642 1631 1633
f 1642 1641 1637
f 1641 1642 1640
f 1644 1643 1650
f 1644 1646 1645
f 1646 1648 1647
f 1647 1648 1651
f 1653 1651 1648
f 1646 1644 1649
f 1653 1648 1646
f 1654 1650 1643
f 1645 1647 1652
f 1654 1643 1645
f 1654 1653 1649
f 1653 1654 1652
f 1656 1655 1662
f 1656 1658 1657
f 1658 1660 1659
f 1659 1660 1663
f 1665 1663 1660
f 1658 1656 1661
f 1665 1660 1658
f 1666 1662 1655
f 1657 1659 1664
f 1666 1655 1657
f 1666 1665 1661
f 1665 1666 1664
f 1668 1667 1674
f 1668 1670 1669
f 1670 1672 1671
f 1671 1672 1675
f 1677 1675 1672
f 1670 1668 1673
f 1677 1672 1670
f 1678 1674 1667
f 1669 1671 1676
f 1678 1667 1669
f 1678 1677 1673
f 1677 1678 1676
f 1680 1679 1686
f 1680 1682 1681
f 1682 1684 1683
f 1683 1684 1687
f 1689 1687 1684
f 1682 1680 1685
f 1689 1684 1682
f 1690 1686 1679
f 1681 1683 1688
f 1690 1679 1681
f 1690 1689 1685
f 1689 1690 1688
f 1692 1691 1698
f 1692 1694 1693
f 1694 1696 1695
f 1695 1696 1699
f 1701 1699 1696
f 1694 1692 1697
f 1701 1696 1694
f 1702 1698 1691
f 1693 1695 1700
f 1702 1691 1693
f 1702 1701 1697
f 1701 1702 1700
f 1704 1703 1710
f 1704 1706 1705
f 1706 1708 1707
f 1707 1708 1711
f 1713 1711 1708
f 1706 1704 1709
f 1713 1708 1706
f 1714 1710 1703
f 1705 1707 1712
f 1714 1703 1705
f 1714 1713 1709
f 1713 1714 1712
f 1716 1715 1722
f 1716 1718 1717
f 1718 1720 1719
f 1719 1720 1723
f 1725 1723 1720
f 1718 1716 1721
f 1725 1720 1718
f 1726 1722 1715
f 1717 1719 1724
f 1726 1715 1717
f 1726 1725 1721
f 1725 1726 1724
f 1728 1727 1734
f 1728 1730 1729
f 1730 1732 1731
f 1731 1732 1735
f 1737 1735 1732
f 1730 1728 1733
f 1737 1732 1730
f 1738 1734 1727
f 1729 1731 1736
f 1738 1727 1729
f 1738 1737 1733
f 1737 1738 1736
f 1740 1739 1746
f 1740 1742 1741
f 1742 1744 1743
f 1743 1744 1747
f 1749 1747 1744
f 1742 1740 1745
f 1749 1744 1742
f 1750 1746 1739
f 1741 1743 1748
f 1750 1739 1741
f 1750 1749 1745
f 1749 1750 1748
f 1752 1751 1758
f 1752 1754 1753
f 1754 1756 1755
f 1755 1756 1759
f 1761 1759 1756
f 1754 1752 1757
f 1761 1756 1754
f 1762 1758 1751
f 1753 1755 1760
f 1762 1751 1753
f 1762 1761 1757
f 1761 1762 1760
f 1764 1763 1770
f 1764 1766 1765
f 1766 1768 1767
f 1767 1768 1771
f 1773 1771 1768
f 1766 1764 1769
f 1773 1768 1766
f 1774 1770 1763
f 1765 1767 1772
f 1774 1763 1765
f 1774 1773 1769
f 1773 1774 1772
f 1776 1775 1782
f 1776 1778 1777
f 1778 1780 1779
f 1779 1780 1783
f 1785 1783 1780
f 1778 1776 1781
f 1785 1780 1778
f 1786 1782 1775
f 1777 1779 1784
f 1786 1775 1777
f 1786 1785 1781
f 1785 1786 1784
f 1788 1787 1794
f 1788 1790 1789
f 1790 1792 1791
f 1791 1792 1795
f 1797 1795 1792
f 1790 1788 1793
f 1797 1792 1790
f 1798 1794 1787
f 1789 1791 1796
f 1798 1787 1789
f 1798 1797 1793
f 1797 1798 1796
f 1800 1799 1806
f 1800 1802 1801
f 1802 1804 1803
f 1803 1804 1807
f 1809 1807 1804
f 1802 1800 1805
f 1809 1804 1802
f 1810 1806 1799
f 1801 1803 1808
f 1810 1799 1801
f 1810 1809 1805
f 1809 1810 1808
f 1812 1811 1818
f 1812 1814 1813
f 1814 1816 1815
f 1815 1816 1819
f 1821 1819 1816
f 1814 1812 1817
f 1821 1816 1814
f 1822 1818 1811
f 1813 1815 1820
f 1822 1811 1813
f 1822 1821 1817
f 1821 1822 1820
f 1824 1823 1830
f 1824 1826 1825
f 1826 1828 1827
f 1827 1828 1831
f 1833 1831 1828
f 1826 1824 1829
f 1833 1828 1826
f 1834 1830 1823
f 1825 1827 1832
f 1834 1823 1825
f 1834 1833 1829
f 1833 1834 1832
f 1836 1835 1842
f 1836 1838 1837
f 1838 1840 1839
f 1839 1840 1843
f 1845 1843 1840
f 1838 1836 1841
f 1845 1840 1838
f 1846 1842 1835
f 1837 1839 1844
f 1846 1835 1837
f 1846 1845 1841
f 1845 1846 1844
f 1848 1847 1854
f 1848 1850 1849
f 1850 1852 1851
f 1851 1852 1855
f 1857 1855 1852
f 1850 1848 1853
f 1857 1852 1850
f 1858 1854 1847
f 1849 1851 1856
f 1858 1847 1849
f 1858 1857 1853
f 1857 1858 1856
f 1860 1859 1866
f 1860 1862 1861
f 1862 1864 1863
f 1863 1864 1867
f 1869 1867 1864
f 1862 1860 1865
f 1869 1864 1862
f 1870 1866 1859
f 1861 1863 1868
f 1870 1859 1861
f 1870 1869 1865
f 1869 1870 1868
f 1872 1871 1878
f 1872 1874 1873
f 1874 1876 1875
f 1875 1876 1879
f 1881 1879 1876
f 1874 1872 1877
f 1881 1876 1874
f 1882 1878 1871
f 1873 1875 1880
f 1882 1871 1873
f 1882 1881 1877
f 1881 1882 1880
f 1884 1883 1890
f 1884 1886 1885
f 1886 1888 1887
f 1887 1888 1891
f 1893 1891 1888
f 1886 1884 1889
f 1893 1888 1886
f 1894 1890 1883
f 1885 1887 1892
f 1894 1883 1885
f 1894 1893 1889
f 1893 1894 1892
f 1896 1895 1902
f 1896 1898 1897
f 1898 1900 1899
f 1899 1900 1903
f 1905 1903 1900
f 1898 1896 1901
f 1905 1900 1898
f 1906 1902 1895
f 1897 1899 1904
f 1906 1895 1897
f 1906 1905 1901
f 1905 1906 1904
f 1908 1907 1914
f 1908 1910 1909
f 1910 1912 1911
f 1911 1912 1915
f 1917 1915 1912
f 1910 1908 1913
f 1917 1912 1910
f 1918 1914 1907
f 1909 1911 1916
f 1918 1907 1909
f 1918 1917 1913
f 1917 1918 1916
f 1920 1919 1926
f 1920 1922 1921
f 1922 1924 1923
f 1923 1924 1927
f 1929 1927 1924
f 1922 1920 1925
f 1929 1924 1922
f 1930 1926 1919
f 1921 1923 1928
f 1930 1919 1921
f 1930 1929 1925
f 1929 1930 1928
f 1932 1931 1938
f 1932 1934 1933
f 1934 1936 1935
f 1935 1936 1939
f 1941 1939 1936
f 1934 1932 1937
f 1941 1936 1934
f 1942 1938 1931
f 1933 1935 1940
f 1942 1931 1933
f 1942 1941 1937
f 1941 1942 1940
f 1944 1943 1950
f 1944 1946 1945
f 1946 1948 1947
f 1947 1948 1951
f 1953 1951 1948
f 1946 1944 1949
f 1953 1948 1946
f 1954 1950 1943
f 1945 1947 1952
f 1954 1943 1945
f 1954 1953 1949
f 1953 1954 1952
f 1956 1955 1962
f 1956 1958 1957
f 1958 1960 1959
f 1959 1960 1963
f 1965 1963 1960
f 1958 1956 1961
f 1965 1960 1958
f 1966 1962 1955
f 1957 1959 1964
f 1966 1955 1957
f 1966 1965 1961
f 1965 1966 1964
f 1968 1967 1974
f 1968 1970 1969
f 1970 1972 1971
f 1971 1972 1975
f 1977 1975 1972
f 1970 1968 1973
f 1977 1972 1970
f 1978 1974 1967
f 1969 1971 1976
f 1978 1967 1969
f 1978 1977 1973
f 1977 1978 1976
f 1980 1979 1986
f 1980 1982 1981
f 1982 1984 1983
f 1983 1984 1987
f 1989 1987 1984
f 1982 1980 1985
f 1989 1984 1982
f 1990 1986 1979
f 1981 1983 1988
f 1990 1979 1981
f 1990 1989 1985
f 1989 1990 1988
f 1992 1991 1998
f 1992 1994 1993
f 1994 1996 1995
f 1995 1996 1999
f 2001 1999 1996
f 1994 1992 1997
f 2001 1996 1994
f 2002 1998 1991
f 1993 1995 2000
f 2002 1991 1993
f 2002 2001 1997
f 2001 2002 2000
f 2004 2003 2010
f 2004 2006 2005
f 2006 2008 2007
f 2007 2008 2011
f 2013 2011 2008
f 2006 2004 2009
f 2013 2008 2006
f 2014 2010 2003
f 2005 2007 2012
f 2014 2003 2005
f 2014 2013 2009
f 2013 2014 2012
f 2016 2015 2022
f 2016 2018 2017
f 2018 2020 2019
f 2019 2020 2023
f 2025 2023 2020
f 2018 2016 2021
f 2025 2020 2018
f 2026 2022 2015
f 2017 2019 2024
f 2026 2015 2017
f 2026 2025 2021
f 2025 2026 2024
f 2028 2027 2034
f 2028 2030 2029
f 2030 2032 2031
f 2031 2032 2035
f 2037 2035 2032
f 2030 2028 2033
f 2037 2032 2030
f 2038 2034 2027
f 2029 2031 2036
f 2038 2027 2029
f 2038 2037 2033
f 2037 2038 2036
f 2040 2039 2046
f 2040 2042 2041
f 2042 2044 2043
f 2043 2044 2047
f 2049 2047 2044
f 2042 2040 2045
f 2049 2044 2042
f 2050 2046 2039
f 2041 2043 2048
f 2050 2039 2041
f 2050 2049 2045
f 2049 2050 2048
f 2052 2051 2058
f 2052 2054 2053
f 2054 2056 2055
f 2055 2056 2059
f 2061 2059 2056
f 2054 2052 2057
f 2061 2056 2054
f 2062 2058 2051
f 2053 2055 2060
f 2062 2051 2053
f 2062 2061 2057
f 2061 2062 2060
f 2064 2063 2070
f 2064 2066 2065
f 2066 2068 2067
f 2067 2068 2071
f 2073 2071 2068
f 2066 2064 2069
f 2073 2068 2066
f 2074 2070 2063
f 2065 2067 2072
f 2074 2063 2065
f 2074 2073 2069
f 2073 2074 2072
f 2076 2075 2082
f 2076 2078 2077
f 2078 2080 2079
f 2079 2080 2083
f 2085 2083 2080
f 2078 2076 2081
f 2085 2080 2078
f 2086 2082 2075
f 2077 2079 2084
f 2086 2075 2077
f 2086 2085 2081
f 2085 2086 2084
f 2088 2087 2094
f 2088 2090 2089
f 2090 2092 2091
f 2091 2092 2095
f 2097 2095 2092
f 2090 2088 2093
f 2097 2092 2090
f 2098 2094 2087
f 2089 2091 2096
f 2098 2087 2089
f 2098 2097 2093
f 2097 2098 2096
f 2100 2099 2106
f 2100 2102 2101
f 2102 2104 2103
f 2103 2104 2107
f 2109 2107 2104
f 2102 2100 2105
f 2109 2104 2102
f 2110 2106 2099
f 2101 2103 2108
f 2110 2099 2101
f 2110 2109 2105
f 2109 2110 2108
f 2112 2111 2118
f 2112 2114 2113
f 2114 2116 2115
f 2115 2116 2119
f 2121 2119 2116
f 2114 2112 2117
f 2121 2116 2114
f 2122 2118 2111
f 2113 2115 2120
f 2122 2111 2113
f 2122 2121 2117
f 2121 2122 2120
f 2124 2123 2130
f 2124 2126 2125
f 2126 2128 2127
f 2127 2128 2131
f 2133 2131 2128
f 2126 2124 2129
f 2133 2128 2126
f 2134 2130 2123
f 2125 2127 2132
f 2134 2123 2125
f 2134 2133 2129
f 2133 2134 2132
f 2136 2135 2142
f 2136 2138 2137
f 2138 2140 2139
f 2139 2140 2143
f 2145 2143 2140
f 2138 2136 2141
f 2145 2140 2138
f 2146 2142 2135
f 2137 2139 2144
f 2146 2135 2137
f 2146 2145 2141
f 2145 2146 2144
f 2148 2147 2154
f 2148 2150 2149
f 2150 2152 2151
f 2151 2152 2155
f 2157 2155 2152
f 2150 2148 2153
f 2157 2152 2150
f 2158 2154 2147
f 2149 2151 2156
f 2158 2147 2149
f 2158 2157 2153
f 2157 2158 2156
f 2160 2159 2166
f 2160 2162 2161
f 2162 2164 2163
f 2163 2164 2167
f 2169 2167 2164
f 2162 2160 2165
f 2169 2164 2162
f 2170 2166 2159
f 2161 2163 2168
f 2170 2159 2161
f 2170 2169 2165
f 2169 2170 2168
f 2172 2171 2178
f 2172 2174 2173
f 2174 2176 2175
f 2175 2176 2179
f 2181 2179 2176
f 2174 2172 2177
f 2181 2176 2174
f 2182 2178 2171
f 2173 2175 2180
f 2182 2171 2173
f 2182 2181 2177
f 2181 2182 2180
f 2184 2183 2190
f 2184 2186 2185
f 2186 2188 2187
f 2187 2188 2191
f 2193 2191 2188
f 2186 2184 2189
f 2193 2188 2186
f 2194 2190 2183
f 2185 2187 2192
f 2194 2183 2185
f 2194 2193 2189
f 2193 2194 2192
f 2196 2195 2202
f 2196 2198 2197
f 2198 2200 2199
f 2199 2200 2203
f 2205 2203 2200
f 2198 2196 2201
f 2205 2200 2198
f 2206 2202 2195
f 2197 2199 2204
f 2206 2195 2197
f 2206 2205 2201
f 2205 2206 2204
f 2208 2207 2214
f 2208 2210 2209
f 2210 2212 2211
f 2211 2212 2215
f 2217 2215 2212
f 2210 2208 2213
f 2217 2212 2210
f 2218 2214 2207
f 2209 2211 2216
f 2218 2207 2209
f 2218 2217 2213
f 2217 2218 2216
f 2220 2219 2226
f 2220 2222 2221
f 2222 2224 2223
f 2223 2224 2227
f 2229 2227 2224
f 2222 2220 2225
f 2229 2224 2222
f 2230 2226 2219
f 2221 2223 2228
f 2230 2219 2221
f 2230 2229 2225
f 2229 2230 2228
f 2232 2231 2238
f 2232 2234 2233
f 2234 2236 2235
f 2235 2236 2239
f 2241 2239 2236
f 2234 2232 2237
f 2241 2236 2234
f 2242 2238 2231
f 2233 2235 2240
f 2242 2231 2233
f 2242 2241 2237
f 2241 2242 2240
f 2244 2243 2250
f 2244 2246 2245
f 2246 2248 2247
f 2247 2248 2251
f 2253 2251 2248
f 2246 2244 2249
f 2253 2248 2246
f 2254 2250 2243
f 2245 2247 2252
f 2254 2243 2245
f 2254 2253 2249
f 2253 2254 2252
f 2256 2255 2262
f 2256 2258 2257
f 2258 2260 2259
f 2259 2260 2263
f 2265 2263 2260
f 2258 2256 2261
f 2265 2260 2258
f 2266 2262 2255
f 2257 2259 2264
f 2266 2255 2257
f 2266 2265 2261
f 2265 2266 2264
f 2268 2267 2274
f 2268 2270 2269
f 2270 2272 2271
f 2271 2272 2275
f 2277 2275 2272
f 2270 2268 2273
f 2277 2272 2270
f 2278 2274 2267
f 2269 2271 2276
f 2278 2267 2269
f 2278 2277 2273
f 2277 2278 2276
f 2280 2279 2286
f 2280 2282 2281
f 2282 2284 2283
f 2283 2284 2287
f 2289 2287 2284
f 2282 2280 2285
f 2289 2284 2282
f 2290 2286 2279
f 2281 2283 2288
f 2290 2279 2281
f 2290 2289 2285
f 2289 2290 2288
f 2292 2291 2298
f 2292 2294 2293
f 2294 2296 2295
f 2295 2296 2299
f 2301 2299 2296
f 2294 2292 2297
f 2301 2296 2294
f 2302 2298 2291
f 2293 2295 2300
f 2302 2291 2293
f 2302 2301 2297
f 2301 2302 2300
f 2304 2303 2310
f 2304 2306 2305
f 2306 2308 2307
f 2307 2308 2311
f 2313 2311 2308
f 2306 2304 2309
f 2313 2308 2306
f 2314 2310 2303
f 2305 2307 2312
f 2314 2303 2305
f 2314 2313 2309
f 2313 2314 2312
f 2316 2315 2322
f 2316 2318 2317
f 2318 2320 2319
f 2319 2320 2323
f 2325 2323 2320
f 2318 2316 2321
f 2325 2320 2318
f 2326 2322 2315
f 2317 2319 2324
f 2326 2315 2317
f 2326 2325 2321
f 2325 2326 2324
f 2328 2327 2334
f 2328 2330 2329
f 2330 2332 2331
f 2331 2332 2335
f 2337 2335 2332
f 2330 2328 2333
f 2337 2332 2330
f 2338 2334 2327
f 2329 2331 2336
f 2338 2327 2329
f 2338 2337 2333
f 2337 2338 2336
f 2340 2339 2346
f 2340 2342 2341
f 2342 2344 2343
f 2343 2344 2347
f 2349 2347 2344
f 2342 2340 2345
f 2349 2344 2342
f 2350 2346 2339
f 2341 2343 2348
f 2350 2339 2341
f 2350 2349 2345
f 2349 2350 2348
f 2352 2351 2358
f 2352 2354 2353
f 2354 2356 2355
f 2355 2356 2359
f 2361 2359 2356
f 2354 2352 2357
f 2361 2356 2354
f 2362 2358 2351
f 2353 2355 2360
f 2362 2351 2353
f 2362 2361 2357
f 2361 2362 2360
f 2364 2363 2370
f 2364 2366 2365
f 2366 2368 2367
f 2367 2368 2371
f 2373 2371 2368
f 2366 2364 2369
f 2373 2368 2366
f 2374 2370 2363
f 2365 2367 2372
f 2374 2363 2365
f 2374 2373 2369
f 2373 2374 2372
f 2376 2375 2382
f 2376 2378 2377
f 2378 2380 2379
f 2379 2380 2383
f 2385 2383 2380
f 2378 2376 2381
f 2385 2380 2378
f 2386 2382 2375
f 2377 2379 2384
f 2386 2375 2377
f 2386 2385 2381
f 2385 2386 2384
f 2388 2387 2394
f 2388 2390 2389
f 2390 2392 2391
f 2391 2392 2395
f 2397 2395 2392
f 2390 2388 2393
f 2397 2392 2390
f 2398 2394 2387
f 2389 2391 2396
f 2398 2387 2389
f 2398 2397 2393
f 2397 2398 2396
f 2400 2399 2406
f 2400 2402 2401
f 2402 2404 2403
f 2403 2404 2407
f 2409 2407 2404
f 2402 2400 2405
f 2409 2404 2402
f 2410 2406 2399
f 2401 2403 2408
f 2410 2399 2401
f 2410 2409 2405
f 2409 2410 2408
f 2412 2411 2418
f 2412 2414 2413
f 2414 2416 2415
f 2415 2416 2419
f 2421 2419 2416
f 2414 2412 2417
f 2421 2416 2414
f 2422 2418 2411
f 2413 2415 2420
f 2422 2411 2413
f 2422 2421 2417
f 2421 2422 2420
f 2424 2423 2430
f 2424 2426 2425
f 2426 2428 2427
f 2427 2428 2431
f 2433 2431 2428
f 2426 2424 2429
f 2433 2428 2426
f 2434 2430 2423
f 2425 2427 2432
f 2434 2423 2425
f 2434 2433 2429
f 2433 2434 2432
f 2436 2435 2442
f 2436 2438 2437
f 2438 2440 2439
f 2439 2440 2443
f 2445 2443 2440
f 2438 2436 2441
f 2445 2440 2438
f 2446 2442 2435
f 2437 2439 2444
f 2446 2435 2437
f 2446 2445 2441
f 2445 2446 2444
f 2448 2447 2454
f 2448 2450 2449
f 2450 2452 2451
f 2451 2452 2455
f 2457 2455 2452
f 2450 2448 2453
f 2457 2452 2450
f 2458 2454 2447
f 2449 2451 2456
f 2458 2447 2449
f 2458 2457 2453
f 2457 2458 2456
f 2460 2459 2466
f 2460 2462 2461
f 2462 2464 2463
f 2463 2464 2467
f 2469 2467 2464
f 2462 2460 2465
f 2469 2464 2462
f 2470 2466 2459
f 2461 2463 2468
f 2470 2459 2461
f 2470 2469 2465
f 2469 2470 2468
f 2472 2471 2478
f 2472 2474 2473
f 2474 2476 2475
f 2475 2476 2479
f 2481 2479 2476
f 2474 2472 2477
f 2481 2476 2474
f 2482 2478 2471
f 2473 2475 2480
f 2482 2471 2473
f 2482 2481 2477
f 2481 2482 2480
f 2484 2483 2490
f 2484 2486 2485
f 2486 2488 2487
f 2487 2488 2491
f 2493 2491 2488
f 2486 2484 2489
f 2493 2488 2486
f 2494 2490 2483
f 2485 2487 2492
f 2494 2483 2485
f 2494 2493 2489
f 2493 2494 2492
f 2496 2495 2502
f 2496 2498 2497
f 2498 2500 2499
f 2499 2500 2503
f 2505 2503 2500
f 2498 2496 2501
f 2505 2500 2498
f 2506 2502 2495
f 2497 2499 2504
f 2506 2495 2497
f 2506 2505 2501
f 2505 2506 2504
f 2508 2507 2514
f 2508 2510 2509
f 2510 2512 2511
f 2511 2512 2515
f 2517 2515 2512
f 2510 2508 2513
f 2517 2512 2510
f 2518 2514 2507
f 2509 2511 2516
f 2518 2507 2509
f 2518 2517 2513
f 2517 2518 2516
f 2520 2519 2526
f 2520 2522 2521
f 2522 2524 2523
f 2523 2524 2527
f 2529 2527 2524
f 2522 2520 2525
f 2529 2524 2522
f 2530 2526 2519
f 2521 2523 2528
f 2530 2519 2521
f 2530 2529 2525
f 2529 2530 2528
f 2532 2531 2538
f 2532 2534 2533
f 2534 2536 2535
f 2535 2536 2539
f 2541 2539 2536
f 2534 2532 2537
f 2541 2536 2534
f 2542 2538 2531
f 2533 2535 2540
f 2542 2531 2533
f 2542 2541 2537
f 2541 2542 2540
f 2544 2543 2550
f 2544 2546 2545
f 2546 2548 2547
f 2547 2548 2551
f 2553 2551 2548
f 2546 2544 2549
f 2553 2548 2546
f 2554 2550 2543
f 2545 2547 2552
f 2554 2543 2545
f 2554 2553 2549
f 2553 2554 2552
f 2556 2555 2562
f 2556 2558 2557
f 2558 2560 2559
f 2559 2560 2563
f 2565 2563 2560
f 2558 2556 2561
f 2565 2560 2558
f 2566 2562 2555
f 2557 2559 2564
f 2566 2555 2557
f 2566 2565 2561
f 2565 2566 2564
f 2568 2567 2574
f 2568 2570 2569
f 2570 2572 2571
f 2571 2572 2575
f 2577 2575 2572
f 2570 2568 2573
f 2577 2572 2570
f 2578 2574 2567
f 2569 2571 2576
f 2578 2567 2569
f 2578 2577 2573
f 2577 2578 2576
f 2580 2579 2586
f 2580 2582 2581
f 2582 2584 2583
f 2583 2584 2587
f 2589 2587 2584
f 2582 2580 2585
f 2589 2584 2582
f 2590 2586 2579
f 2581 2583 2588
f 2590 2579 2581
f 2590 2589 2585
f 2589 2590 2588
f 2592 2591 2598
f 2592 2594 2593
f 2594 2596 2595
f 2595 2596 2599
f 2601 2599 2596
f 2594 2592 2597
f 2601 2596 2594
f 2602 2598 2591
f 2593 2595 2600
f 2602 2591 2593
f 2602 2601 2597
f 2601 2602 2600
f 2604 2603 2610
f 2604 2606 2605
f 2606 2608 2607
f 2607 2608 2611
f 2613 2611 2608
f 2606 2604 2609
f 2613 2608 2606
f 2614 2610 2603
f 2605 2607 2612
f 2614 2603 2605
f 2614 2613 2609
f 2613 2614 2612
f 2616 2615 2622
f 2616 2618 2617
f 2618 2620 2619
f 2619 2620 2623
f 2625 2623 2620
f 2618 2616 2621
f 2625 2620 2618
f 2626 2622 2615
f 2617 2619 2624
f 2626 2615 2617
f 2626 2625 2621
f 2625 2626 2624
f 2628 2627 2634
f 2628 2630 2629
f 2630 2632 2631
f 2631 2632 2635
f 2637 2635 2632
f 2630 2628 2633
f 2637 2632 2630
f 2638 2634 2627
f 2629 2631 2636
f 2638 2627 2629
f 2638 2637 2633
f 2637 2638 2636
f 2640 2639 2646
f 2640 2642 2641
f 2642 2644 2643
f 2643 2644 2647
f 2649 2647 2644
f 2642 2640 2645
f 2649 2644 2642
f 2650 2646 2639
f 2641 2643 2648
f 2650 2639 2641
f 2650 2649 2645
f 2649 2650 2648
f 2652 2651 2658
f 2652 2654 2653
f 2654 2656 2655
f 2655 2656 2659
f 2661 2659 2656
f 2654 2652 2657
f 2661 2656 2654
f 2662 2658 2651
f 2653 2655 2660
f 2662 2651 2653
f 2662 2661 2657
f 2661 2662 2660
f 2664 2663 2670
f 2664 2666 2665
f 2666 2668 2667
f 2667 2668 2671
f 2673 2671 2668
f 2666 2664 2669
f 2673 2668 2666
f 2674 2670 2663
f 2665 2667 2672
f 2674 2663 2665
f 2674 2673 2669
f 2673 2674 2672
f 2676 2675 2682
f 2676 2678 2677
f 2678 2680 2679
f 2679 2680 2683
f 2685 2683 2680
f 2678 2676 2681
f 2685 2680 2678
f 2686 2682 2675
f 2677 2679 2684
f 2686 2675 2677
f 2686 2685 2681
f 2685 2686 2684
f 2688 2687 2694
f 2688 2690 2689
f 2690 2692 2691
f 2691 2692 2695
f 2697 2695 2692
f 2690 2688 2693
f 2697 2692 2690
f 2698 2694 2687
f 2689 2691 2696
f 2698 2687 2689
f 2698 2697 2693
f 2697 2698 2696
f 2700 2699 2706
f 2700 2702 2701
f 2702 2704 2703
f 2703 2704 2707
f 2709 2707 2704
f 2702 2700 2705
f 2709 2704 2702
f 2710 2706 2699
f 2701 2703 2708
f 2710 2699 2701
f 2710 2709 2705
f 2709 2710 2708
f 2712 2711 2718
f 2712 2714 2713
f 2714 2716 2715
f 2715 2716 2719
f 2721 2719 2716
f 2714 2712 2717
f 2721 2716 2714
f 2722 2718 2711
f 2713 2715 2720
f 2722 2711 2713
f 2722 2721 2717
f 2721 2722 2720
f 2724 2723 2730
f 2724 2726 2725
f 2726 2728 2727
f 2727 2728 2731
f 2733 2731 2728
f 2726 2724 2729
f 2733 2728 2726
f 2734 2730 2723
f 2725 2727 2732
f 2734 2723 2725
f 2734 2733 2729
f 2733 2734 2732
f 2736 2735 2742
f 2736 2738 2737
f 2738 2740 2739
f 2739 2740 2743
f 2745 2743 2740
f 2738 2736 2741
f 2745 2740 2738
f 2746 2742 2735
f 2737 2739 2744
f 2746 2735 2737
f 2746 2745 2741
f 2745 2746 2744
f 2748 2747 2754
f 2748 2750 2749
f 2750 2752 2751
f 2751 2752 2755
f 2757 2755 2752
f 2750 2748 2753
f 2757 2752 2750
f 2758 2754 2747
f 2749 2751 2756
f 2758 2747 2749
f 2758 2757 2753
f 2757 2758 2756
f 2760 2759 2766
f 2760 2762 2761
f 2762 2764 2763
f 2763 2764 2767
f 2769 2767 2764
f 2762 2760 2765
f 2769 2764 2762
f 2770 2766 2759
f 2761 2763 2768
f 2770 2759 2761
f 2770 2769 2765
f 2769 2770 2768
f 2772 2771 2778
f 2772 2774 2773
f 2774 2776 2775
f 2775 2776 2779
f 2781 2779 2776
f 2774 2772 2777
f 2781 2776 2774
f 2782 2778 2771
f 2773 2775 2780
f 2782 2771 2773
f 2782 2781 2777
f 2781 2782 2780
f 2784 2783 2790
f 2784 2786 2785
f 2786 2788 2787
f 2787 2788 2791
f 2793 2791 2788
f 2786 2784 2789
f 2793 2788 2786
f 2794 2790 2783
f 2785 2787 2792
f 2794 2783 2785
f 2794 2793 2789
f 2793 2794 2792
f 2796 2795 2802
f 2796 2798 2797
f 2798 2800 2799
f 2799 2800 2803
f 2805 2803 2800
f 2798 2796 2801
f 2805 2800 2798
f 2806 2802 2795
f 2797 2799 2804
f 2806 2795 2797
f 2806 2805 2801
f 2805 2806 2804
f 2808 2807 2814
f 2808 2810 2809
f 2810 2812 2811
f 2811 2812 2815
f 2817 2815 2812
f 2810 2808 2813
f 2817 2812 2810
f 2818 2814 2807
f 2809 2811 2816
f 2818 2807 2809
f 2818 2817 2813
f 2817 2818 2816
f 2820 2819 2826
f 2820 2822 2821
f 2822 2824 2823
f 2823 2824 2827
f 2829 2827 2824
f 2822 2820 2825
f 2829 2824 2822
f 2830 2826 2819
f 2821 2823 2828
f 2830 2819 2821
f 2830 2829 2825
f 2829 2830 2828
f 2832 2831 2838
f 2832 2834 2833
f 2834 2836 2835
f 2835 2836 2839
f 2841 2839 2836
f 2834 2832 2837
f 2841 2836 2834
f 2842 2838 2831
f 2833 2835 2840
f 2842 2831 2833
f 2842 2841 2837
f 2841 2842 2840
f 2844 2843 2850
f 2844 2846 2845
f 2846 2848 2847
f 2847 2848 2851
f 2853 2851 2848
f 2846 2844 2849
f 2853 2848 2846
f 2854 2850 2843
f 2845 2847 2852
f 2854 2843 2845
f 2854 2853 2849
f 2853 2854 2852
f 2856 2855 2862
f 2856 2858 2857
f 2858 2860 2859
f 2859 2860 2863
f 2865 2863 2860
f 2858 2856 2861
f 2865 2860 2858
f 2866 2862 2855
f 2857 2859 2864
f 2866 2855 2857
f 2866 2865 2861
f 2865 2866 2864
f 2868 2867 2874
f 2868 2870 2869
f 2870 2872 2871
f 2871 2872 2875
f 2877 2875 2872
f 2870 2868 2873
f 2877 2872 2870
f 2878 2874 2867
f 2869 2871 2876
f 2878 2867 2869
f 2878 2877 2873
f 2877 2878 2876
f 2880 2879 2886
f 2880 2882 2881
f 2882 2884 2883
f 2883 2884 2887
f 2889 2887 2884
f 2882 2880 2885
f 2889 2884 2882
f 2890 2886 2879
f 2881 2883 2888
f 2890 2879 2881
f 2890 2889 2885
f 2889 2890 2888
f 2892 2891 2898
f 2892 2894 2893
f 2894 2896 2895
f 2895 2896 2899
f 2901 2899 2896
f 2894 2892 2897
f 2901 2896 2894
f 2902 2898 2891
f 2893 2895 2900
f 2902 2891 2893
f 2902 2901 2897
f 2901 2902 2900
f 2904 2903 2910
f 2904 2906 2905
f 2906 2908 2907
f 2907 2908 2911
f 2913 2911 2908
f 2906 2904 2909
f 2913 2908 2906
f 2914 2910 2903
f 2905 2907 2912
f 2914 2903 2905
f 2914 2913 2909
f 2913 2914 2912
f 2916 2915 2922
f 2916 2918 2917
f 2918 2920 2919
f 2919 2920 2923
f 2925 2923 2920
f 2918 2916 2921
f 2925 2920 2918
f 2926 2922 2915
f 2917 2919 2924
f 2926 2915 2917
f 2926 2925 2921
f 2925 2926 2924
f 2928 2927 2934
f 2928 2930 2929
f 2930 2932 2931
f 2931 2932 2935
f 2937 2935 2932
f 2930 2928 2933
f 2937 2932 2930
f 2938 2934 2927
f 2929 2931 2936
f 2938 2927 2929
f 2938 2937 2933
f 2937 2938 2936
f 2940 2939 2946
f 2940 2942 2941
f 2942 2944 2943
f 2943 2944 2947
f 2949 2947 2944
f 2942 2940 2945
f 2949 2944 2942
f 2950 2946 2939
f 2941 2943 2948
f 2950 2939 2941
f 2950 2949 2945
f 2949 2950 2948
f 2952 2951 2958
f 2952 2954 2953
f 2954 2956 2955
f 2955 2956 2959
f 2961 2959 2956
f 2954 2952 2957
f 2961 2956 2954
f 2962 2958 2951
f 2953 2955 2960
f 2962 2951 2953
f 2962 2961 2957
f 2961 2962 2960
f 2964 2963 2970
f 2964 2966 2965
f 2966 2968 2967
f 2967 2968 2971
f 2973 2971 2968
f 2966 2964 2969
f 2973 2968 2966
f 2974 2970 2963
f 2965 2967 2972
f 2974 2963 2965
f 2974 2973 2969
f 2973 2974 2972
f 2976 2975 2982
f 2976 2978 2977
f 2978 2980 2979
f 2979 2980 2983
f 2985 2983 2980
f 2978 2976 2981
f 2985 2980 2978
f 2986 2982 2975
f 2977 2979 2984
f 2986 2975 2977
f 2986 2985 2981
f 2985 2986 2984
f 2988 2987 2994
f 2988 2990 2989
f 2990 2992 2991
f 2991 2992 2995
f 2997 2995 2992
f 2990 2988 2993
f 2997 2992 2990
f 2998 2994 2987
f 2989 2991 2996
f 2998 2987 2989
f 2998 2997 2993
f 2997 2998 2996
f 3000 2999 3006
f 3000 3002 3001
f 3002 3004 3003
f 3003 3004 3007
f 3009 3007 3004
f 3002 3000 3005
f 3009 3004 3002
f 3010 3006 2999
f 3001 3003 3008
f 3010 2999 3001
f 3010 3009 3005
f 3009 3010 3008
f 3012 3011 3018
f 3012 3014 3013
f 3014 3016 3015
f 3015 3016 3019
f 3021 3019 3016
f 3014 3012 3017
f 3021 3016 3014
f 3022 3018 3011
f 3013 3015 3020
f 3022 3011 3013
f 3022 3021 3017
f 3021 3022 3020
f 3024 3023 3030
f 3024 3026 3025
f 3026 3028 3027
f 3027 3028 3031
f 3033 3031 3028
f 3026 3024 3029
f 3033 3028 3026
f 3034 3030 3023
f 3025 3027 3032
f 3034 3023 3025
f 3034 3033 3029
f 3033 3034 3032
f 3036 3035 3042
f 3036 3038 3037
f 3038 3040 3039
f 3039 3040 3043
f 3045 3043 3040
f 3038 3036 3041
f 3045 3040 3038
f 3046 3042 3035
f 3037 3039 3044
f 3046 3035 3037
f 3046 3045 3041
f 3045 3046 3044
f 3048 3047 3054
f 3048 3050 3049
f 3050 3052 3051
f 3051 3052 3055
f 3057 3055 3052
f 3050 3048 3053
f 3057 3052 3050
f 3058 3054 3047
f 3049 3051 3056
f 3058 3047 3049
f 3058 3057 3053
f 3057 3058 3056
f 3060 3059 3066
f 3060 3062 3061
f 3062 3064 3063
f 3063 3064 3067
f 3069 3067 3064
f 3062 3060 3065
f 3069 3064 3062
f 3070 3066 3059
f 3061 3063 3068
f 3070 3059 3061
f 3070 3069 3065
f 3069 3070 3068
f 3072 3071 3078
f 3072 3074 3073
f 3074 3076 3075
f 3075 3076 3079
f 3081 3079 3076
f 3074 3072 3077
f 3081 3076 3074
f 3082 3078 3071
f 3073 3075 3080
f 3082 3071 3073
f 3082 3081 3077
f 3081 3082 3080
f 3084 3083 3090
f 3084 3086 3085
f 3086 3088 3087
f 3087 3088 3091
f 3093 3091 3088
f 3086 3084 3089
f 3093 3088 3086
f 3094 3090 3083
f 3085 3087 3092
f 3094 3083 3085
f 3094 3093 3089
f 3093 3094 3092
f 3096 3095 3102
f 3096 3098 3097
f 3098 3100 3099
f 3099 3100 3103
f 3105 3103 3100
f 3098 3096 3101
f 3105 3100 3098
f 3106 3102 3095
f 3097 3099 3104
f 3106 3095 3097
f 3106 3105 3101
f 3105 3106 3104
f 3108 3107 3114
f 3108 3110 3109
f 3110 3112 3111
f 3111 3112 3115
f 3117 3115 3112
f 3110 3108 3113
f 3117 3112 3110
f 3118 3114 3107
f 3109 3111 3116
f 3118 3107 3109
f 3118 3117 3113
f 3117 3118 3116
f 3120 3119 3126
f 3120 3122 3121
f 3122 3124 3123
f 3123 3124 3127
f 3129 3127 3124
f 3122 3120 3125
f 3129 3124 3122
f 3130 3126 3119
f 3121 3123 3128
f 3130 3119 3121
f 3130 3129 3125
f 3129 3130 3128
f 3132 3131 3138
f 3132 3134 3133
f 3134 3136 3135
f 3135 3136 3139
f 3141 3139 3136
f 3134 3132 3137
f 3141 3136 3134
f 3142 3138 3131
f 3133 3135 3140
f 3142 3131 3133
f 3142 3141 3137
f 3141 3142 3140
f 3144 3143 3150
f 3144 3146 3145
f 3146 3148 3147
f 3147 3148 3151
f 3153 3151 3148
f 3146 3144 3149
f 3153 3148 3146
f 3154 3150 3143
f 3145 3147 3152
f 3154 3143 3145
f 3154 3153 3149
f 3153 3154 3152
f 3156 3155 3162
f 3156 3158 3157
f 3158 3160 3159
f 3159 3160 3163
f 3165 3163 3160
f 3158 3156 3161
f 3165 3160 3158
f 3166 3162 3155
f 3157 3159 3164
f 3166 3155 3157
f 3166 3165 3161
f 3165 3166 3164
f 3168 3167 3174
f 3168 3170 3169
f 3170 3172 3171
f 3171 3172 3175
f 3177 3175 3172
f 3170 3168 3173
f 3177 3172 3170
f 3178 3174 3167
f 3169 3171 3176
f 3178 3167 3169
f 3178 3177 3173
f 3177 3178 3176
f 3180 3179 3186
f 3180 3182 3181
f 3182 3184 3183
f 3183 3184 3187
f 3189 3187 3184
f 3182 3180 3185
f 3189 3184 3182
f 3190 3186 3179
f 3181 3183 3188
f 3190 3179 3181
f 3190 3189 3185
f 3189 3190 3188
f 3192 3191 3198
f 3192 3194 3193
f 3194 3196 3195
f 3195 3196 3199
f 3201 3199 3196
f 3194 3192 3197
f 3201 3196 3194
f 3202 3198 3191
f 3193 3195 3200
f 3202 3191 3193
f 3202 3201 3197
f 3201 3202 3200
f 3204 3203 3210
f 3204 3206 3205
f 3206 3208 3207
f 3207 3208 3211
f 3213 3211 3208
f 3206 3204 3209
f 3213 3208 3206
f 3214 3210 3203
f 3205 3207 3212
f 3214 3203 3205
f 3214 3213 3209
f 3213 3214 3212
f 3216 3215 3222
f 3216 3218 3217
f 3218 3220 3219
f 3219 3220 3223
f 3225 3223 3220
f 3218 3216 3221
f 3225 3220 3218
f 3226 3222 3215
f 3217 3219 3224
f 3226 3215 3217
f 3226 3225 3221
f 3225 3226 3224
f 3228 3227 3234
f 3228 3230 3229
f 3230 3232 3231
f 3231 3232 3235
f 3237 3235 3232
f 3230 3228 3233
f 3237 3232 3230
f 3238 3234 3227
f 3229 3231 3236
f 3238 3227 3229
f 3238 3237 3233
f 3237 3238 3236
f 3240 3239 3246
f 3240 3242 3241
f 3242 3244 3243
f 3243 3244 3247
f 3249 3247 3244
f 3242 3240 3245
f 3249 3244 3242
f 3250 3246 3239
f 3241 3243 3248
f 3250 3239 3241
f 3250 3249 3245
f 3249 3250 3248
f 3252 3251 3258
f 3252 3254 3253
f 3254 3256 3255
f 3255 3256 3259
f 3261 3259 3256
f 3254 3252 3257
f 3261 3256 3254
f 3262 3258 3251
f 3253 3255 3260
f 3262 3251 3253
f 3262 3261 3257
f 3261 3262 3260
f 3264 3263 3270
f 3264 3266 3265
f 3266 3268 3267
f 3267 3268 3271
f 3273 3271 3268
f 3266 3264 3269
f 3273 3268 3266
f 3274 3270 3263
f 3265 3267 3272
f 3274 3263 3265
f 3274 3273 3269
f 3273 3274 3272
f 3276 3275 3282
f 3276 3278 3277
f 3278 3280 3279
f 3279 3280 3283
f 3285 3283 3280
f 3278 3276 3281
f 3285 3280 3278
f 3286 3282 3275
f 3277 3279 3284
f 3286 3275 3277
f 3286 3285 3281
f 3285 3286 3284
f 3288 3287 3294
f 3288 3290 3289
f 3290 3292 3291
f 3291 3292 3295
f 3297 3295 3292
f 3290 3288 3293
f 3297 3292 3290
f 3298 3294 3287
f 3289 3291 3296
f 3298 3287 3289
f 3298 3297 3293
f 3297 3298 3296
f 3300 3299 3306
f 3300 3302 3301
f 3302 3304 3303
f 3303 3304 3307
f 3309 3307 3304
f 3302 3300 3305
f 3309 3304 3302
f 3310 3306 3299
f 3301 3303 3308
f 3310 3299 3301
f 3310 3309 3305
f 3309 3310 3308
f 3312 3311 3318
f 3312 3314 3313
f 3314 3316 3315
f 3315 3316 3319
f 3321 3319 3316
f 3314 3312 3317
f 3321 3316 3314
f 3322 3318 3311
f 3313 3315 3320
f 3322 3311 3313
f 3322 3321 3317
f 3321 3322 3320
f 3324 3323 3330
f 3324 3326 3325
f 3326 3328 3327
f 3327 3328 3331
f 3333 3331 3328
f 3326 3324 3329
f 3333 3328 3326
f 3334 3330 3323
f 3325 3327 3332
f 3334 3323 3325
f 3334 3333 3329
f 3333 3334 3332
f 3336 3335 3342
f 3336 3338 3337
f 3338 3340 3339
f 3339 3340 3343
f 3345 3343 3340
f 3338 3336 3341
f 3345 3340 3338
f 3346 3342 3335
f 3337 3339 3344
f 3346 3335 3337
f 3346 3345 3341
f 3345 3346 3344
f 3348 3347 3354
f 3348 3350 3349
f 3350 3352 3351
f 3351 3352 3355
f 3357 3355 3352
f 3350 3348 3353
f 3357 3352 3350
f 3358 3354 3347
f 3349 3351 3356
f 3358 3347 3349
f 3358 3357 3353
f 3357 3358 3356
f 3360 3359 3366
f 3360 3362 3361
f 3362 3364 3363
f 3363 3364 3367
f 3369 3367 3364
f 3362 3360 3365
f 3369 3364 3362
f 3370 3366 3359
f 3361 3363 3368
f 3370 3359 3361
f 3370 3369 3365
f 3369 3370 3368
f 3372 3371 3378
f 3372 3374 3373
f 3374 3376 3375
f 3375 3376 3379
f 3381 3379 3376
f 3374 3372 3377
f 3381 3376 3374
f 3382 3378 3371
f 3373 3375 3380
f 3382 3371 3373
f 3382 3381 3377
f 3381 3382 3380
f 3384 3383 3390
f 3384 3386 3385
f 3386 3388 3387
f 3387 3388 3391
f 3393 3391 3388
f 3386 3384 3389
f 3393 3388 3386
f 3394 3390 3383
f 3385 3387 3392
f 3394 3383 3385
f 3394 3393 3389
f 3393 3394 3392
f 3396 3395 3402
f 3396 3398 3397
f 3398 3400 3399
f 3399 3400 3403
f 3405 3403 3400
f 3398 3396 3401
f 3405 3400 3398
f 3406 3402 3395
f 3397 3399 3404
f 3406 3395 3397
f 3406 3405 3401
f 3405 3406 3404
f 3408 3407 3414
f 3408 3410 3409
f 3410 3412 3411
f 3411 3412 3415
f 3417 3415 3412
f 3410 3408 3413
f 3417 3412 3410
f 3418 3414 3407
f 3409 3411 3416
f 3418 3407 3409
f 3418 3417 3413
f 3417 3418 3416
f 3420 3419 3426
f 3420 3422 3421
f 3422 3424 3423
f 3423 3424 3427
f 3429 3427 3424
f 3422 3420 3425
f 3429 3424 3422
f 3430 3426 3419
f 3421 3423 3428
f 3430 3419 3421
f 3430 3429 3425
f 3429 3430 3428
f 3432 3431 3438
f 3432 3434 3433
f 3434 3436 3435
f 3435 3436 3439
f 3441 3439 3436
f 3434 3432 3437
f 3441 3436 3434
f 3442 3438 3431
f 3433 3435 3440
f 3442 3431 3433
f 3442 3441 3437
f 3441 3442 3440
f 3444 3443 3450
f 3444 3446 3445
f 3446 3448 3447
f 3447 3448 3451
f 3453 3451 3448
f 3446 3444 3449
f 3453 3448 3446
f 3454 3450 3443
f 3445 3447 3452
f 3454 3443 3445
f 3454 3453 3449
f 3453 3454 3452
f 3456 3455 3462
f 3456 3458 3457
f 3458 3460 3459
f 3459 3460 3463
f 3465 3463 3460
f 3458 3456 3461
f 3465 3460 3458
f 3466 3462 3455
f 3457 3459 3464
f 3466 3455 3457
f 3466 3465 3461
f 3465 3466 3464
f 3468 3467 3474
f 3468 3470 3469
f 3470 3472 3471
f 3471 3472 3475
f 3477 3475 3472
f 3470 3468 3473
f 3477 3472 3470
f 3478 3474 3467
f 3469 3471 3476
f 3478 3467 3469
f 3478 3477 3473
f 3477 3478 3476
f 3480 3479 3486
f 3480 3482 3481
f 3482 3484 3483
f 3483 3484 3487
f 3489 3487 3484
f 3482 3480 3485
f 3489 3484 3482
f 3490 3486 3479
f 3481 3483 3488
f 3490 3479 3481
f 3490 3489 3485
f 3489 3490 3488
f 3492 3491 3498
f 3492 3494 3493
f 3494 3496 3495
f 3495 3496 3499
f 3501 3499 3496
f 3494 3492 3497
f 3501 3496 3494
f 3502 3498 3491
f 3493 3495 3500
f 3502 3491 3493
f 3502 3501 3497
f 3501 3502 3500
f 3504 3503 3510
f 3504 3506 3505
f 3506 3508 3507
f 3507 3508 3511
f 3513 3511 3508
f 3506 3504 3509
f 3513 3508 3506
f 3514 3510 3503
f 3505 3507 3512
f 3514 3503 3505
f 3514 3513 3509
f 3513 3514 3512
f 3516 3515 3522
f 3516 3518 3517
f 3518 3520 3519
f 3519 3520 3523
f 3525 3523 3520
f 3518 3516 3521
f 3525 3520 3518
f 3526 3522 3515
f 3517 3519 3524
f 3526 3515 3517
f 3526 3525 3521
f 3525 3526 3524
f 3528 3527 3534
f 3528 3530 3529
f 3530 3532 3531
f 3531 3532 3535
f 3537 3535 3532
f 3530 3528 3533
f 3537 3532 3530
f 3538 3534 3527
f 3529 3531 3536
f 3538 3527 3529
f 3538 3537 3533
f 3537 3538 3536
f 3540 3539 3546
f 3540 3542 3541
f 3542 3544 3543
f 3543 3544 3547
f 3549 3547 3544
f 3542 3540 3545
f 3549 3544 3542
f 3550 3546 3539
f 3541 3543 3548
f 3550 3539 3541
f 3550 3549 3545
f 3549 3550 3548
f 3552 3551 3558
f 3552 3554 3553
f 3554 3556 3555
f 3555 3556 3559
f 3561 3559 3556
f 3554 3552 3557
f 3561 3556 3554
f 3562 3558 3551
f 3553 3555 3560
f 3562 3551 3553
f 3562 3561 3557
f 3561 3562 3560
f 3564 3563 3570
f 3564 3566 3565
f 3566 3568 3567
f 3567 3568 3571
f 3573 3571 3568
f 3566 3564 3569
f 3573 3568 3566
f 3574 3570 3563
f 3565 3567 3572
f 3574 3563 3565
f 3574 3573 3569
f 3573 3574 3572
f 3576 3575 3582
f 3576 3578 3577
f 3578 3580 3579
f 3579 3580 3583
f 3585 3583 3580
f 3578 3576 3581
f 3585 3580 3578
f 3586 3582 3575
f 3577 3579 3584
f 3586 3575 3577
f 3586 3585 3581
f 3585 3586 3584
f 3588 3587 3594
f 3588 3590 3589
f 3590 3592 3591
f 3591 3592 3595
f 3597 3595 3592
f 3590 3588 3593
f 3597 3592 3590
f 3598 3594 3587
f 3589 3591 3596
f 3598 3587 3589
f 3598 3597 3593
f 3597 3598 3596
f 3600 3599 3606
f 3600 3602 3601
f 3602 3604 3603
f 3603 3604 3607
f 3609 3607 3604
f 3602 3600 3605
f 3609 3604 3602
f 3610 3606 3599
f 3601 3603 3608
f 3610 3599 3601
f 3610 3609 3605
f 3609 3610 3608
f 3612 3611 3618
f 3612 3614 3613
f 3614 3616 3615
f 3615 3616 3619
f 3621 3619 3616
f 3614 3612 3617
f 3621 3616 3614
f 3622 3618 3611
f 3613 3615 3620
f 3622 3611 3613
f 3622 3621 3617
f 3621 3622 3620
f 3624 3623 3630
f 3624 3626 3625
f 3626 3628 3627
f 3627 3628 3631
f 3633 3631 3628
f 3626 3624 3629
f 3633 3628 3626
f 3634 3630 3623
f 3625 3627 3632
f 3634 3623 3625
f 3634 3633 3629
f 3633 3634 3632
f 3636 3635 3642
f 3636 3638 3637
f 3638 3640 3639
f 3639 3640 3643
f 3645 3643 3640
f 3638 3636 3641
f 3645 3640 3638
f 3646 3642 3635
f 3637 3639 3644
f 3646 3635 3637
f 3646 3645 3641
f 3645 3646 3644
f 3648 3647 3654
f 3648 3650 3649
f 3650 3652 3651
f 3651 3652 3655
f 3657 3655 3652
f 3650 3648 3653
f 3657 3652 3650
f 3658 3654 3647
f 3649 3651 3656
f 3658 3647 3649
f 3658 3657 3653
f 3657 3658 3656
f 3660 3659 3666
f 3660 3662 3661
f 3662 3664 3663
f 3663 3664 3667
f 3669 3667 3664
f 3662 3660 3665
f 3669 3664 3662
f 3670 3666 3659
f 3661 3663 3668
f 3670 3659 3661
f 3670 3669 3665
f 3669 3670 3668
f 3672 3671 3678
f 3672 3674 3673
f 3674 3676 3675
f 3675 3676 3679
f 3681 3679 3676
f 3674 3672 3677
f 3681 3676 3674
f 3682 3678 3671
f 3673 3675 3680
f 3682 3671 3673
f 3682 3681 3677
f 3681 3682 3680
f 3684 3683 3690
f 3684 3686 3685
f 3686 3688 3687
f 3687 3688 3691
f 3693 3691 3688
f 3686 3684 3689
f 3693 3688 3686
f 3694 3690 3683
f 3685 3687 3692
f 3694 3683 3685
f 3694 3693 3689
f 3693 3694 3692
f 3696 3695 3702
f 3696 3698 3697
f 3698 3700 3699
f 3699 3700 3703
f 3705 3703 3700
f 3698 3696 3701
f 3705 3700 3698
f 3706 3702 3695
f 3697 3699 3704
f 3706 3695 3697
f 3706 3705 3701
f 3705 3706 3704
f 3708 3707 3714
f 3708 3710 3709
f 3710 3712 3711
f 3711 3712 3715
f 3717 3715 3712
f 3710 3708 3713
f 3717 3712 3710
f 3718 3714 3707
f 3709 3711 3716
f 3718 3707 3709
f 3718 3717 3713
f 3717 3718 3716
f 3720 3719 3726
f 3720 3722 3721
f 3722 3724 3723
f 3723 3724 3727
f 3729 3727 3724
f 3722 3720 3725
f 3729 3724 3722
f 3730 3726 3719
f 3721 3723 3728
f 3730 3719 3721
f 3730 3729 3725
f 3729 3730 3728
f 3732 3731 3738
f 3732 3734 3733
f 3734 3736 3735
f 3735 3736 3739
f 3741 3739 3736
f 3734 3732 3737
f 3741 3736 3734
f 3742 3738 3731
f 3733 3735 3740
f 3742 3731 3733
f 3742 3741 3737
f 3741 3742 3740
f 3744 3743 3750
f 3744 3746 3745
f 3746 3748 3747
f 3747 3748 3751
f 3753 3751 3748
f 3746 3744 3749
f 3753 3748 3746
f 3754 3750 3743
f 3745 3747 3752
f 3754 3743 3745
f 3754 3753 3749
f 3753 3754 3752
f 3756 3755 3762
f 3756 3758 3757
f 3758 3760 3759
f 3759 3760 3763
f 3765 3763 3760
f 3758 3756 3761
f 3765 3760 3758
f 3766 3762 3755
f 3757 3759 3764
f 3766 3755 3757
f 3766 3765 3761
f 3765 3766 3764
f 3768 3767 3774
f 3768 3770 3769
f 3770 3772 3771
f 3771 3772 3775
f 3777 3775 3772
f 3770 3768 3773
f 3777 3772 3770
f 3778 3774 3767
f 3769 3771 3776
f 3778 3767 3769
f 3778 3777 3773
f 3777 3778 3776
f 3780 3779 3786
f 3780 3782 3781
f 3782 3784 3783
f 3783 3784 3787
f 3789 3787 3784
f 3782 3780 3785
f 3789 3784 3782
f 3790 3786 3779
f 3781 3783 3788
f 3790 3779 3781
f 3790 3789 3785
f 3789 3790 3788
f 3792 3791 3798
f 3792 3794 3793
f 3794 3796 3795
f 3795 3796 3799
f 3801 3799 3796
f 3794 3792 3797
f 3801 3796 3794
f 3802 3798 3791
f 3793 3795 3800
f 3802 3791 3793
f 3802 3801 3797
f 3801 3802 3800
f 3804 3803 3810
f 3804 3806 3805
f 3806 3808 3807
f 3807 3808 3811
f 3813 3811 3808
f 3806 3804 3809
f 3813 3808 3806
f 3814 3810 3803
f 3805 3807 3812
f 3814 3803 3805
f 3814 3813 3809
f 3813 3814 3812
f 3816 3815 3822
f 3816 3818 3817
f 3818 3820 3819
f 3819 3820 3823
f 3825 3823 3820
f 3818 3816 3821
f 3825 3820 3818
f 3826 3822 3815
f 3817 3819 3824
f 3826 3815 3817
f 3826 3825 3821
f 3825 3826 3824
f 3828 3827 3834
f 3828 3830 3829
f 3830 3832 3831
f 3831 3832 3835
f 3837 3835 3832
f 3830 3828 3833
f 3837 3832 3830
f 3838 3834 3827
f 3829 3831 3836
f 3838 3827 3829
f 3838 3837 3833
f 3837 3838 3836
f 3840 3839 3846
f 3840 3842 3841
f 3842 3844 3843
f 3843 3844 3847
f 3849 3847 3844
f 3842 3840 3845
f 3849 3844 3842
f 3850 3846 3839
f 3841 3843 3848
f 3850 3839 3841
f 3850 3849 3845
f 3849 3850 3848
f 3852 3851 3858
f 3852 3854 3853
f 3854 3856 3855
f 3855 3856 3859
f 3861 3859 3856
f 3854 3852 3857
f 3861 3856 3854
f 3862 3858 3851
f 3853 3855 3860
f 3862 3851 3853
f 3862 3861 3857
f 3861 3862 3860
f 3864 3863 3870
f 3864 3866 3865
f 3866 3868 3867
f 3867 3868 3871
f 3873 3871 3868
f 3866 3864 3869
f 3873 3868 3866
f 3874 3870 3863
f 3865 3867 3872
f 3874 3863 3865
f 3874 3873 3869
f 3873 3874 3872
f 3876 3875 3882
f 3876 3878 3877
f 3878 3880 3879
f 3879 3880 3883
f 3885 3883 3880
f 3878 3876 3881
f 3885 3880 3878
f 3886 3882 3875
f 3877 3879 3884
f 3886 3875 3877
f 3886 3885 3881
f 3885 3886 3884
f 3888 3887 3894
f 3888 3890 3889
f 3890 3892 3891
f 3891 3892 3895
f 3897 3895 3892
f 3890 3888 3893
f 3897 3892 3890
f 3898 3894 3887
f 3889 3891 3896
f 3898 3887 3889
f 3898 3897 3893
f 3897 3898 3896
f 3900 3899 3906
f 3900 3902 3901
f 3902 3904 3903
f 3903 3904 3907
f 3909 3907 3904
f 3902 3900 3905
f 3909 3904 3902
f 3910 3906 3899
f 3901 3903 3908
f 3910 3899 3901
f 3910 3909 3905
f 3909 3910 3908
f 3912 3911 3918
f 3912 3914 3913
f 3914 3916 3915
f 3915 3916 3919
f 3921 3919 3916
f 3914 3912 3917
f 3921 3916 3914
f 3922 3918 3911
f 3913 3915 3920
f 3922 3911 3913
f 3922 3921 3917
f 3921 3922 3920
f 3924 3923 3930
f 3924 3926 3925
f 3926 3928 3927
f 3927 3928 3931
f 3933 3931 3928
f 3926 3924 3929
f 3933 3928 3926
f 3934 3930 3923
f 3925 3927 3932
f 3934 3923 3925
f 3934 3933 3929
f 3933 3934 3932
f 3936 3935 3942
f 3936 3938 3937
f 3938 3940 3939
f 3939 3940 3943
f 3945 3943 3940
f 3938 3936 3941
f 3945 3940 3938
f 3946 3942 3935
f 3937 3939 3944
f 3946 3935 3937
f 3946 3945 3941
f 3945 3946 3944
f 3948 3947 3954
f 3948 3950 3949
f 3950 3952 3951
f 3951 3952 3955
f 3957 3955 3952
f 3950 3948 3953
f 3957 3952 3950
f 3958 3954 3947
f 3949 3951 3956
f 3958 3947 3949
f 3958 3957 3953
f 3957 3958 3956
f 3960 3959 3966
f 3960 3962 3961
f 3962 3964 3963
f 3963 3964 3967
f 3969 3967 3964
f 3962 3960 3965
f 3969 3964 3962
f 3970 3966 3959
f 3961 3963 3968
f 3970 3959 3961
f 3970 3969 3965
f 3969 3970 3968
f 3972 3971 3978
f 3972 3974 3973
f 3974 3976 3975
f 3975 3976 3979
f 3981 3979 3976
f 3974 3972 3977
f 3981 3976 3974
f 3982 3978 3971
f 3973 3975 3980
f 3982 3971 3973
f 3982 3981 3977
f 3981 3982 3980
f 3984 3983 3990
f 3984 3986 3985
f 3986 3988 3987
f 3987 3988 3991
f 3993 3991 3988
f 3986 3984 3989
f 3993 3988 3986
f 3994 3990 3983
f 3985 3987 3992
f 3994 3983 3985
f 3994 3993 3989
f 3993 3994 3992
f 3996 3995 4002
f 3996 3998 3997
f 3998 4000 3999
f 3999 4000 4003
f 4005 4003 4000
f 3998 3996 4001
f 4005 4000 3998
f 4006 4002 3995
f 3997 3999 4004
f 4006 3995 3997
f 4006 4005 4001
f 4005 4006 4004
f 4008 4007 4014
f 4008 4010 4009
f 4010 4012 4011
f 4011 4012 4015
f 4017 4015 4012
f 4010 4008 4013
f 4017 4012 4010
f 4018 4014 4007
f 4009 4011 4016
f 4018 4007 4009
f 4018 4017 4013
f 4017 4018 4016
f 4020 4019 4026
f 4020 4022 4021
f 4022 4024 4023
f 4023 4024 4027
f 4029 4027 4024
f 4022 4020 4025
f 4029 4024 4022
f 4030 4026 4019
f 4021 4023 4028
f 4030 4019 4021
f 4030 4029 4025
f 4029 4030 4028
f 4032 4031 4038
f 4032 4034 4033
f 4034 4036 4035
f 4035 4036 4039
f 4041 4039 4036
f 4034 4032 4037
f 4041 4036 4034
f 4042 4038 4031
f 4033 4035 4040
f 4042 4031 4033
f 4042 4041 4037
f 4041 4042 4040
f 4044 4043 4050
f 4044 4046 4045
f 4046 4048 4047
f 4047 4048 4051
f 4053 4051 4048
f 4046 4044 4049
f 4053 4048 4046
f 4054 4050 4043
f 4045 4047 4052
f 4054 4043 4045
f 4054 4053 4049
f 4053 4054 4052
f 4056 4055 4062
f 4056 4058 4057
f 4058 4060 4059
f 4059 4060 4063
f 4065 4063 4060
f 4058 4056 4061
f 4065 4060 4058
f 4066 4062 4055
f 4057 4059 4064
f 4066 4055 4057
f 4066 4065 4061
f 4065 4066 4064
f 4068 4067 4074
f 4068 4070 4069
f 4070 4072 4071
f 4071 4072 4075
f 4077 4075 4072
f 4070 4068 4073
f 4077 4072 4070
f 4078 4074 4067
f 4069 4071 4076
f 4078 4067 4069
f 4078 4077 4073
f 4077 4078 4076
f 4080 4079 4086
f 4080 4082 4081
f 4082 4084 4083
f 4083 4084 4087
f 4089 4087 4084
f 4082 4080 4085
f 4089 4084 4082
f 4090 4086 4079
f 4081 4083 4088
f 4090 4079 4081
f 4090 4089 4085
f 4089 4090 4088
f 4092 4091 4098
f 4092 4094 4093
f 4094 4096 4095
f 4095 4096 4099
f 4101 4099 4096
f 4094 4092 4097
f 4101 4096 4094
f 4102 4098 4091
f 4093 4095 4100
f 4102 4091 4093
f 4102 4101 4097
f 4101 4102 4100
f 4104 4103 4110
f 4104 4106 4105
f 4106 4108 4107
f 4107 4108 4111
f 4113 4111 4108
f 4106 4104 4109
f 4113 4108 4106
f 4114 4110 4103
f 4105 4107 4112
f 4114 4103 4105
f 4114 4113 4109
f 4113 4114 4112
f 4116 4115 4122
f 4116 4118 4117
f 4118 4120 4119
f 4119 4120 4123
f 4125 4123 4120
f 4118 4116 4121
f 4125 4120 4118
f 4126 4122 4115
f 4117 4119 4124
f 4126 4115 4117
f 4126 4125 4121
f 4125 4126 4124
f 4128 4127 4134
f 4128 4130 4129
f 4130 4132 4131
f 4131 4132 4135
f 4137 4135 4132
f 4130 4128 4133
f 4137 4132 4130
f 4138 4134 4127
f 4129 4131 4136
f 4138 4127 4129
f 4138 4137 4133
f 4137 4138 4136
f 4140 4139 4146
f 4140 4142 4141
f 4142 4144 4143
f 4143 4144 4147
f 4149 4147 4144
f 4142 4140 4145
f 4149 4144 4142
f 4150 4146 4139
f 4141 4143 4148
f 4150 4139 4141
f 4150 4149 4145
f 4149 4150 4148
f 4152 4151 4158
f 4152 4154 4153
f 4154 4156 4155
f 4155 4156 4159
f 4161 4159 4156
f 4154 4152 4157
f 4161 4156 4154
f 4162 4158 4151
f 4153 4155 4160
f 4162 4151 4153
f 4162 4161 4157
f 4161 4162 4160
f 4164 4163 4170
f 4164 4166 4165
f 4166 4168 4167
f 4167 4168 4171
f 4173 4171 4168
f 4166 4164 4169
f 4173 4168 4166
f 4174 4170 4163
f 4165 4167 4172
f 4174 4163 4165
f 4174 4173 4169
f 4173 4174 4172
f 4176 4175 4182
f 4176 4178 4177
f 4178 4180 4179
f 4179 4180 4183
f 4185 4183 4180
f 4178 4176 4181
f 4185 4180 4178
f 4186 4182 4175
f 4177 4179 4184
f 4186 4175 4177
f 4186 4185 4181
f 4185 4186 4184
f 4188 4187 4194
f 4188 4190 4189
f 4190 4192 4191
f 4191 4192 4195
f 4197 4195 4192
f 4190 4188 4193
f 4197 4192 4190
f 4198 4194 4187
f 4189 4191 4196
f 4198 4187 4189
f 4198 4197 4193
f 4197 4198 4196
f 4200 4199 4206
f 4200 4202 4201
f 4202 4204 4203
f 4203 4204 4207
f 4209 4207 4204
f 4202 4200 4205
f 4209 4204 4202
f 4210 4206 4199
f 4201 4203 4208
f 4210 4199 4201
f 4210 4209 4205
f 4209 4210 4208
f 4212 4211 4218
f 4212 4214 4213
f 4214 4216 4215
f 4215 4216 4219
f 4221 4219 4216
f 4214 4212 4217
f 4221 4216 4214
f 4222 4218 4211
f 4213 4215 4220
f 4222 4211 4213
f 4222 4221 4217
f 4221 4222 4220
f 4224 4223 4230
f 4224 4226 4225
f 4226 4228 4227
f 4227 4228 4231
f 4233 4231 4228
f 4226 4224 4229
f 4233 4228 4226
f 4234 4230 4223
f 4225 4227 4232
f 4234 4223 4225
f 4234 4233 4229
f 4233 4234 4232
f 4236 4235 4242
f 4236 4238 4237
f 4238 4240 4239
f 4239 4240 4243
f 4245 4243 4240
f 4238 4236 4241
f 4245 4240 4238
f 4246 4242 4235
f 4237 4239 4244
f 4246 4235 4237
f 4246 4245 4241
f 4245 4246 4244
f 4248 4247 4254
f 4248 4250 4249
f 4250 4252 4251
f 4251 4252 4255
f 4257 4255 4252
f 4250 4248 4253
f 4257 4252 4250
f 4258 4254 4247
f 4249 4251 4256
f 4258 4247 4249
f 4258 4257 4253
f 4257 4258 4256
f 4260 4259 4266
f 4260 4262 4261
f 4262 4264 4263
f 4263 4264 4267
f 4269 4267 4264
f 4262 4260 4265
f 4269 4264 4262
f 4270 4266 4259
f 4261 4263 4268
f 4270 4259 4261
f 4270 4269 4265
f 4269 4270 4268
f 4272 4271 4278
f 4272 4274 4273
f 4274 4276 4275
f 4275 4276 4279
f 4281 4279 4276
f 4274 4272 4277
f 4281 4276 4274
f 4282 4278 4271
f 4273 4275 4280
f 4282 4271 4273
f 4282 4281 4277
f 4281 4282 4280
f 4284 4283 4290
f 4284 4286 4285
f 4286 4288 4287
f 4287 4288 4291
f 4293 4291 4288
f 4286 4284 4289
f 4293 4288 4286
f 4294 4290 4283
f 4285 4287 4292
f 4294 4283 4285
f 4294 4293 4289
f 4293 4294 4292
f 4296 4295 4302
f 4296 4298 4297
f 4298 4300 4299
f 4299 4300 4303
f 4305 4303 4300
f 4298 4296 4301
f 4305 4300 4298
f 4306 4302 4295
f 4297 4299 4304
f 4306 4295 4297
f 4306 4305 4301
f 4305 4306 4304
f 4308 4307 4314
f 4308 4310 4309
f 4310 4312 4311
f 4311 4312 4315
f 4317 4315 4312
f 4310 4308 4313
f 4317 4312 4310
f 4318 4314 4307
f 4309 4311 4316
f 4318 4307 4309
f 4318 4317 4313
f 4317 4318 4316
f 4320 4319 4326
f 4320 4322 4321
f 4322 4324 4323
f 4323 4324 4327
f 4329 4327 4324
f 4322 4320 4325
f 4329 4324 4322
f 4330 4326 4319
f 4321 4323 4328
f 4330 4319 4321
f 4330 4329 4325
f 4329 4330 4328
f 4332 4331 4338
f 4332 4334 4333
f 4334 4336 4335
f 4335 4336 4339
f 4341 4339 4336
f 4334 4332 4337
f 4341 4336 4334
f 4342 4338 4331
f 4333 4335 4340
f 4342 4331 4333
f 4342 4341 4337
f 4341 4342 4340
f 4344 4343 4350
f 4344 4346 4345
f 4346 4348 4347
f 4347 4348 4351
f 4353 4351 4348
f 4346 4344 4349
f 4353 4348 4346
f 4354 4350 4343
f 4345 4347 4352
f 4354 4343 4345
f 4354 4353 4349
f 4353 4354 4352
f 4356 4355 4362
f 4356 4358 4357
f 4358 4360 4359
f 4359 4360 4363
f 4365 4363 4360
f 4358 4356 4361
f 4365 4360 4358
f 4366 4362 4355
f 4357 4359 4364
f 4366 4355 4357
f 4366 4365 4361
f 4365 4366 4364
f 4368 4367 4374
f 4368 4370 4369
f 4370 4372 4371
f 4371 4372 4375
f 4377 4375 4372
f 4370 4368 4373
f 4377 4372 4370
f 4378 4374 4367
f 4369 4371 4376
f 4378 4367 4369
f 4378 4377 4373
f 4377 4378 4376
f 4380 4379 4386
f 4380 4382 4381
f 4382 4384 4383
f 4383 4384 4387
f 4389 4387 4384
f 4382 4380 4385
f 4389 4384 4382
f 4390 4386 4379
f 4381 4383 4388
f 4390 4379 4381
f 4390 4389 4385
f 4389 4390 4388
f 4392 4391 4398
f 4392 4394 4393
f 4394 4396 4395
f 4395 4396 4399
f 4401 4399 4396
f 4394 4392 4397
f 4401 4396 4394
f 4402 4398 4391
f 4393 4395 4400
f 4402 4391 4393
f 4402 4401 4397
f 4401 4402 4400
f 4404 4403 4410
f 4404 4406 4405
f 4406 4408 4407
f 4407 4408 4411
f 4413 4411 4408
f 4406 4404 4409
f 4413 4408 4406
f 4414 4410 4403
f 4405 4407 4412
f 4414 4403 4405
f 4414 4413 4409
f 4413 4414 4412
f 4416 4415 4422
f 4416 4418 4417
f 4418 4420 4419
f 4419 4420 4423
f 4425 4423 4420
f 4418 4416 4421
f 4425 4420 4418
f 4426 4422 4415
f 4417 4419 4424
f 4426 4415 4417
f 4426 4425 4421
f 4425 4426 4424
f 4428 4427 4434
f 4428 4430 4429
f 4430 4432 4431
f 4431 4432 4435
f 4437 4435 4432
f 4430 4428 4433
f 4437 4432 4430
f 4438 4434 4427
f 4429 4431 4436
f 4438 4427 4429
f 4438 4437 4433
f 4437 4438 4436
f 4440 4439 4446
f 4440 4442 4441
f 4442 4444 4443
f 4443 4444 4447
f 4449 4447 4444
f 4442 4440 4445
f 4449 4444 4442
f 4450 4446 4439
f 4441 4443 4448
f 4450 4439 4441
f 4450 4449 4445
f 4449 4450 4448
f 4452 4451 4458
f 4452 4454 4453
f 4454 4456 4455
f 4455 4456 4459
f 4461 4459 4456
f 4454 4452 4457
f 4461 4456 4454
f 4462 4458 4451
f 4453 4455 4460
f 4462 4451 4453
f 4462 4461 4457
f 4461 4462 4460
f 4464 4463 4470
f 4464 4466 4465
f 4466 4468 4467
f 4467 4468 4471
f 4473 4471 4468
f 4466 4464 4469
f 4473 4468 4466
f 4474 4470 4463
f 4465 4467 4472
f 4474 4463 4465
f 4474 4473 4469
f 4473 4474 4472
f 4476 4475 4482
f 4476 4478 4477
f 4478 4480 4479
f 4479 4480 4483
f 4485 4483 4480
f 4478 4476 4481
f 4485 4480 4478
f 4486 4482 4475
f 4477 4479 4484
f 4486 4475 4477
f 4486 4485 4481
f 4485 4486 4484
f 4488 4487 4494
f 4488 4490 4489
f 4490 4492 4491
f 4491 4492 4495
f 4497 4495 4492
f 4490 4488 4493
f 4497 4492 4490
f 4498 4494 4487
f 4489 4491 4496
f 4498 4487 4489
f 4498 4497 4493
f 4497 4498 4496
f 4500 4499 4506
f 4500 4502 4501
f 4502 4504 4503
f 4503 4504 4507
f 4509 4507 4504
f 4502 4500 4505
f 4509 4504 4502
f 4510 4506 4499
f 4501 4503 4508
f 4510 4499 4501
f 4510 4509 4505
f 4509 4510 4508
f 4512 4511 4518
f 4512 4514 4513
f 4514 4516 4515
f 4515 4516 4519
f 4521 4519 4516
f 4514 4512 4517
f 4521 4516 4514
f 4522 4518 4511
f 4513 4515 4520
f 4522 4511 4513
f 4522 4521 4517
f 4521 4522 4520
f 4524 4523 4530
f 4524 4526 4525
f 4526 4528 4527
f 4527 4528 4531
f 4533 4531 4528
f 4526 4524 4529
f 4533 4528 4526
f 4534 4530 4523
f 4525 4527 4532
f 4534 4523 4525
f 4534 4533 4529
f 4533 4534 4532
f 4536 4535 4542
f 4536 4538 4537
f 4538 4540 4539
f 4539 4540 4543
f 4545 4543 4540
f 4538 4536 4541
f 4545 4540 4538
f 4546 4542 4535
f 4537 4539 4544
f 4546 4535 4537
f 4546 4545 4541
f 4545 4546 4544
f 4548 4547 4554
f 4548 4550 4549
f 4550 4552 4551
f 4551 4552 4555
f 4557 4555 4552
f 4550 4548 4553
f 4557 4552 4550
f 4558 4554 4547
f 4549 4551 4556
f 4558 4547 4549
f 4558 4557 4553
f 4557 4558 4556
f 4560 4559 4566
f 4560 4562 4561
f 4562 4564 4563
f 4563 4564 4567
f 4569 4567 4564
f 4562 4560 4565
f 4569 4564 4562
f 4570 4566 4559
f 4561 4563 4568
f 4570 4559 4561
f 4570 4569 4565
f 4569 4570 4568
f 4572 4571 4578
f 4572 4574 4573
f 4574 4576 4575
f 4575 4576 4579
f 4581 4579 4576
f 4574 4572 4577
f 4581 4576 4574
f 4582 4578 4571
f 4573 4575 4580
f 4582 4571 4573
f 4582 4581 4577
f 4581 4582 4580
f 4584 4583 4590
f 4584 4586 4585
f 4586 4588 4587
f 4587 4588 4591
f 4593 4591 4588
f 4586 4584 4589
f 4593 4588 4586
f 4594 4590 4583
f 4585 4587 4592
f 4594 4583 4585
f 4594 4593 4589
f 4593 4594 4592
f 4596 4595 4602
f 4596 4598 4597
f 4598 4600 4599
f 4599 4600 4603
f 4605 4603 4600
f 4598 4596 4601
f 4605 4600 4598
f 4606 4602 4595
f 4597 4599 4604
f 4606 4595 4597
f 4606 4605 4601
f 4605 4606 4604
f 4608 4607 4614
f 4608 4610 4609
f 4610 4612 4611
f 4611 4612 4615
f 4617 4615 4612
f 4610 4608 4613
f 4617 4612 4610
f 4618 4614 4607
f 4609 4611 4616
f 4618 4607 4609
f 4618 4617 4613
f 4617 4618 4616
f 4620 4619 4626
f 4620 4622 4621
f 4622 4624 4623
f 4623 4624 4627
f 4629 4627 4624
f 4622 4620 4625
f 4629 4624 4622
f 4630 4626 4619
f 4621 4623 4628
f 4630 4619 4621
f 4630 4629 4625
f 4629 4630 4628
f 4632 4631 4638
f 4632 4634 4633
f 4634 4636 4635
f 4635 4636 4639
f 4641 4639 4636
f 4634 4632 4637
f 4641 4636 4634
f 4642 4638 4631
f 4633 4635 4640
f 4642 4631 4633
f 4642 4641 4637
f 4641 4642 4640
f 4644 4643 4650
f 4644 4646 4645
f 4646 4648 4647
f 4647 4648 4651
f 4653 4651 4648
f 4646 4644 4649
f 4653 4648 4646
f 4654 4650 4643
f 4645 4647 4652
f 4654 4643 4645
f 4654 4653 4649
f 4653 4654 4652
f 4656 4655 4662
f 4656 4658 4657
f 4658 4660 4659
f 4659 4660 4663
f 4665 4663 4660
f 4658 4656 4661
f 4665 4660 4658
f 4666 4662 4655
f 4657 4659 4664
f 4666 4655 4657
f 4666 4665 4661
f 4665 4666 4664
f 4668 4667 4674
f 4668 4670 4669
f 4670 4672 4671
f 4671 4672 4675
f 4677 4675 4672
f 4670 4668 4673
f 4677 4672 4670
f 4678 4674 4667
f 4669 4671 4676
f 4678 4667 4669
f 4678 4677 4673
f 4677 4678 4676
f 4680 4679 4686
f 4680 4682 4681
f 4682 4684 4683
f 4683 4684 4687
f 4689 4687 4684
f 4682 4680 4685
f 4689 4684 4682
f 4690 4686 4679
f 4681 4683 4688
f 4690 4679 4681
f 4690 4689 4685
f 4689 4690 4688
f 4692 4691 4698
f 4692 4694 4693
f 4694 4696 4695
f 4695 4696 4699
f 4701 4699 4696
f 4694 4692 4697
f 4701 4696 4694
f 4702 4698 4691
f 4693 4695 4700
f 4702 4691 4693
f 4702 4701 4697
f 4701 4702 4700
f 4704 4703 4710
f 4704 4706 4705
f 4706 4708 4707
f 4707 4708 4711
f 4713 4711 4708
f 4706 4704 4709
f 4713 4708 4706
f 4714 4710 4703
f 4705 4707 4712
f 4714 4703 4705
f 4714 4713 4709
f 4713 4714 4712
f 4716 4715 4722
f 4716 4718 4717
f 4718 4720 4719
f 4719 4720 4723
f 4725 4723 4720
f 4718 4716 4721
f 4725 4720 4718
f 4726 4722 4715
f 4717 4719 4724
f 4726 4715 4717
f 4726 4725 4721
f 4725 4726 4724
f 4728 4727 4734
f 4728 4730 4729
f 4730 4732 4731
f 4731 4732 4735
f 4737 4735 4732
f 4730 4728 4733
f 4737 4732 4730
f 4738 4734 4727
f 4729 4731 4736
f 4738 4727 4729
f 4738 4737 4733
f 4737 4738 4736
f 4740 4739 4746
f 4740 4742 4741
f 4742 4744 4743
f 4743 4744 4747
f 4749 4747 4744
f 4742 4740 4745
f 4749 4744 4742
f 4750 4746 4739
f 4741 4743 4748
f 4750 4739 4741
f 4750 4749 4745
f 4749 4750 4748
f 4752 4751 4758
f 4752 4754 4753
f 4754 4756 4755
f 4755 4756 4759
f 4761 4759 4756
f 4754 4752 4757
f 4761 4756 4754
f 4762 4758 4751
f 4753 4755 4760
f 4762 4751 4753
f 4762 4761 4757
f 4761 4762 4760
f 4764 4763 4770
f 4764 4766 4765
f 4766 4768 4767
f 4767 4768 4771
f 4773 4771 4768
f 4766 4764 4769
f 4773 4768 4766
f 4774 4770 4763
f 4765 4767 4772
f 4774 4763 4765
f 4774 4773 4769
f 4773 4774 4772
f 4776 4775 4782
f 4776 4778 4777
f 4778 4780 4779
f 4779 4780 4783
f 4785 4783 4780
f 4778 4776 4781
f 4785 4780 4778
f 4786 4782 4775
f 4777 4779 4784
f 4786 4775 4777
f 4786 4785 4781
f 4785 4786 4784
f 4788 4787 4794
f 4788 4790 4789
f 4790 4792 4791
f 4791 4792 4795
f 4797 4795 4792
f 4790 4788 4793
f 4797 4792 4790
f 4798 4794 4787
f 4789 4791 4796
f 4798 4787 4789
f 4798 4797 4793
f 4797 4798 4796
f 4800 4799 4806
f 4800 4802 4801
f 4802 4804 4803
f 4803 4804 4807
f 4809 4807 4804
f 4802 4800 4805
f 4809 4804 4802
f 4810 4806 4799
f 4801 4803 4808
f 4810 4799 4801
f 4810 4809 4805
f 4809 4810 4808
f 4812 4811 4818
f 4812 4814 4813
f 4814 4816 4815
f 4815 4816 4819
f 4821 4819 4816
f 4814 4812 4817
f 4821 4816 4814
f 4822 4818 4811
f 4813 4815 4820
f 4822 4811 4813
f 4822 4821 4817
f 4821 4822 4820
f 4824 4823 4830
f 4824 4826 4825
f 4826 4828 4827
f 4827 4828 4831
f 4833 4831 4828
f 4826 4824 4829
f 4833 4828 4826
f 4834 4830 4823
f 4825 4827 4832
f 4834 4823 4825
f 4834 4833 4829
f 4833 4834 4832
f 4836 4835 4842
f 4836 4838 4837
f 4838 4840 4839
f 4839 4840 4843
f 4845 4843 4840
f 4838 4836 4841
f 4845 4840 4838
f 4846 4842 4835
f 4837 4839 4844
f 4846 4835 4837
f 4846 4845 4841
f 4845 4846 4844
f 4848 4847 4854
f 4848 4850 4849
f 4850 4852 4851
f 4851 4852 4855
f 4857 4855 4852
f 4850 4848 4853
f 4857 4852 4850
f 4858 4854 4847
f 4849 4851 4856
f 4858 4847 4849
f 4858 4857 4853
f 4857 4858 4856
f 4860 4859 4866
f 4860 4862 4861
f 4862 4864 4863
f 4863 4864 4867
f 4869 4867 4864
f 4862 4860 4865
f 4869 4864 4862
f 4870 4866 4859
f 4861 4863 4868
f 4870 4859 4861
f 4870 4869 4865
f 4869 4870 4868
f 4872 4871 4878
f 4872 4874 4873
f 4874 4876 4875
f 4875 4876 4879
f 4881 4879 4876
f 4874 4872 4877
f 4881 4876 4874
f 4882 4878 4871
f 4873 4875 4880
f 4882 4871 4873
f 4882 4881 4877
f 4881 4882 4880
f 4884 4883 4890
f 4884 4886 4885
f 4886 4888 4887
f 4887 4888 4891
f 4893 4891 4888
f 4886 4884 4889
f 4893 4888 4886
f 4894 4890 4883
f 4885 4887 4892
f 4894 4883 4885
f 4894 4893 4889
f 4893 4894 4892
f 4896 4895 4902
f 4896 4898 4897
f 4898 4900 4899
f 4899 4900 4903
f 4905 4903 4900
f 4898 4896 4901
f 4905 4900 4898
f 4906 4902 4895
f 4897 4899 4904
f 4906 4895 4897
f 4906 4905 4901
f 4905 4906 4904
f 4908 4907 4914
f 4908 4910 4909
f 4910 4912 4911
f 4911 4912 4915
f 4917 4915 4912
f 4910 4908 4913
f 4917 4912 4910
f 4918 4914 4907
f 4909 4911 4916
f 4918 4907 4909
f 4918 4917 4913
f 4917 4918 4916
f 4920 4919 4926
f 4920 4922 4921
f 4922 4924 4923
f 4923 4924 4927
f 4929 4927 4924
f 4922 4920 4925
f 4929 4924 4922
f 4930 4926 4919
f 4921 4923 4928
f 4930 4919 4921
f 4930 4929 4925
f 4929 4930 4928
f 4932 4931 4938
f 4932 4934 4933
f 4934 4936 4935
f 4935 4936 4939
f 4941 4939 4936
f 4934 4932 4937
f 4941 4936 4934
f 4942 4938 4931
f 4933 4935 4940
f 4942 4931 4933
f 4942 4941 4937
f 4941 4942 4940
f 4944 4943 4950
f 4944 4946 4945
f 4946 4948 4947
f 4947 4948 4951
f 4953 4951 4948
f 4946 4944 4949
f 4953 4948 4946
f 4954 4950 4943
f 4945 4947 4952
f 4954 4943 4945
f 4954 4953 4949
f 4953 4954 4952
f 4956 4955 4962
f 4956 4958 4957
f 4958 4960 4959
f 4959 4960 4963
f 4965 4963 4960
f 4958 4956 4961
f 4965 4960 4958
f 4966 4962 4955
f 4957 4959 4964
f 4966 4955 4957
f 4966 4965 4961
f 4965 4966 4964
f 4968 4967 4974
f 4968 4970 4969
f 4970 4972 4971
f 4971 4972 4975
f 4977 4975 4972
f 4970 4968 4973
f 4977 4972 4970
f 4978 4974 4967
f 4969 4971 4976
f 4978 4967 4969
f 4978 4977 4973
f 4977 4978 4976
f 4980 4979 4986
f 4980 4982 4981
f 4982 4984 4983
f 4983 4984 4987
f 4989 4987 4984
f 4982 4980 4985
f 4989 4984 4982
f 4990 4986 4979
f 4981 4983 4988
f 4990 4979 4981
f 4990 4989 4985
f 4989 4990 4988
f 4992 4991 4998
f 4992 4994 4993
f 4994 4996 4995
f 4995 4996 4999
f 5001 4999 4996
f 4994 4992 4997
f 5001 4996 4994
f 5002 4998 4991
f 4993 4995 5000
f 5002 4991 4993
f 5002 5001 4997
f 5001 5002 5000
f 5004 5003 5010
f 5004 5006 5005
f 5006 5008 5007
f 5007 5008 5011
f 5013 5011 5008
f 5006 5004 5009
f 5013 5008 5006
f 5014 5010 5003
f 5005 5007 5012
f 5014 5003 5005
f 5014 5013 5009
f 5013 5014 5012
f 5016 5015 5022
f 5016 5018 5017
f 5018 5020 5019
f 5019 5020 5023
f 5025 5023 5020
f 5018 5016 5021
f 5025 5020 5018
f 5026 5022 5015
f 5017 5019 5024
f 5026 5015 5017
f 5026 5025 5021
f 5025 5026 5024
f 5028 5027 5034
f 5028 5030 5029
f 5030 5032 5031
f 5031 5032 5035
f 5037 5035 5032
f 5030 5028 5033
f 5037 5032 5030
f 5038 5034 5027
f 5029 5031 5036
f 5038 5027 5029
f 5038 5037 5033
f 5037 5038 5036
f 5040 5039 5046
f 5040 5042 5041
f 5042 5044 5043
f 5043 5044 5047
f 5049 5047 5044
f 5042 5040 5045
f 5049 5044 5042
f 5050 5046 5039
f 5041 5043 5048
f 5050 5039 5041
f 5050 5049 5045
f 5049 5050 5048
f 5052 5051 5058
f 5052 5054 5053
f 5054 5056 5055
f 5055 5056 5059
f 5061 5059 5056
f 5054 5052 5057
f 5061 5056 5054
f 5062 5058 5051
f 5053 5055 5060
f 5062 5051 5053
f 5062 5061 5057
f 5061 5062 5060
f 5064 5063 5070
f 5064 5066 5065
f 5066 5068 5067
f 5067 5068 5071
f 5073 5071 5068
f 5066 5064 5069
f 5073 5068 5066
f 5074 5070 5063
f 5065 5067 5072
f 5074 5063 5065
f 5074 5073 5069
f 5073 5074 5072
f 5076 5075 5082
f 5076 5078 5077
f 5078 5080 5079
f 5079 5080 5083
f 5085 5083 5080
f 5078 5076 5081
f 5085 5080 5078
f 5086 5082 5075
f 5077 5079 5084
f 5086 5075 5077
f 5086 5085 5081
f 5085 5086 5084
f 5088 5087 5094
f 5088 5090 5089
f 5090 5092 5091
f 5091 5092 5095
f 5097 5095 5092
f 5090 5088 5093
f 5097 5092 5090
f 5098 5094 5087
f 5089 5091 5096
f 5098 5087 5089
f 5098 5097 5093
f 5097 5098 5096
f 5100 5099 5106
f 5100 5102 5101
f 5102 5104 5103
f 5103 5104 5107
f 5109 5107 5104
f 5102 5100 5105
f 5109 5104 5102
f 5110 5106 5099
f 5101 5103 5108
f 5110 5099 5101
f 5110 5109 5105
f 5109 5110 5108
f 5112 5111 5118
f 5112 5114 5113
f 5114 5116 5115
f 5115 5116 5119
f 5121 5119 5116
f 5114 5112 5117
f 5121 5116 5114
f 5122 5118 5111
f 5113 5115 5120
f 5122 5111 5113
f 5122 5121 5117
f 5121 5122 5120
o RoofSiding2
v -11.040387 11.187921 -12.084130
v -10.214177 11.907233 -12.084130
v -11.145728 11.308916 -12.471435
v -10.319518 12.028229 -12.471435
v -11.040387 11.187921 -12.858739
v -10.214177 11.907233 -12.858739
v -10.162571 11.847959 -12.051577
v -10.988782 11.128645 -12.051577
v -10.162571 11.847959 -12.891293
v -10.988782 11.128645 -12.891293
v -10.253696 11.952625 -12.471435
v -11.079906 11.233313 -12.471435
v -11.040387 11.187921 -11.223422
v -10.214177 11.907233 -11.223422
v -11.145728 11.308916 -11.610725
v -10.319518 12.028229 -11.610726
v -11.040387 11.187921 -11.998030
v -10.214177 11.907233 -11.998030
v -10.162571 11.847959 -11.190868
v -10.988781 11.128645 -11.190868
v -10.162571 11.847959 -12.030584
v -10.988782 11.128645 -12.030583
v -10.253696 11.952625 -11.610726
v -11.079906 11.233313 -11.610725
v -11.040387 11.187921 -10.362713
v -10.214177 11.907233 -10.362713
v -11.145728 11.308916 -10.750017
v -10.319518 12.028229 -10.750017
v -11.040387 11.187921 -11.137321
v -10.214177 11.907233 -11.137321
v -10.162571 11.847959 -10.330159
v -10.988781 11.128645 -10.330159
v -10.162571 11.847959 -11.169875
v -10.988781 11.128645 -11.169875
v -10.253695 11.952625 -10.750017
v -11.079906 11.233313 -10.750017
v -11.040387 11.187921 -9.502005
v -10.214177 11.907233 -9.502005
v -11.145728 11.308916 -9.889309
v -10.319518 12.028229 -9.889309
v -11.040387 11.187921 -10.276613
v -10.214177 11.907233 -10.276613
v -10.162571 11.847959 -9.469451
v -10.988781 11.128645 -9.469451
v -10.162571 11.847959 -10.309167
v -10.988781 11.128645 -10.309167
v -10.253695 11.952625 -9.889309
v -11.079906 11.233313 -9.889309
v -11.040387 11.187921 -8.641296
v -10.214176 11.907233 -8.641296
v -11.145728 11.308916 -9.028600
v -10.319517 12.028229 -9.028600
v -11.040387 11.187921 -9.415904
v -10.214177 11.907233 -9.415904
v -10.162571 11.847959 -8.608742
v -10.988781 11.128645 -8.608742
v -10.162571 11.847959 -9.448458
v -10.988781 11.128645 -9.448458
v -10.253695 11.952625 -9.028600
v -11.079906 11.233313 -9.028600
v -11.040387 11.187921 -7.780587
v -10.214176 11.907233 -7.780587
v -11.145728 11.308916 -8.167892
v -10.319517 12.028229 -8.167892
v -11.040387 11.187921 -8.555195
v -10.214176 11.907233 -8.555195
v -10.162571 11.847959 -7.748033
v -10.988781 11.128645 -7.748033
v -10.162571 11.847959 -8.587749
v -10.988781 11.128645 -8.587749
v -10.253695 11.952625 -8.167892
v -11.079906 11.233313 -8.167892
v -11.040387 11.187921 -6.919878
v -10.214176 11.907233 -6.919878
v -11.145728 11.308916 -7.307182
v -10.319517 12.028229 -7.307182
v -11.040387 11.187921 -7.694486
v -10.214176 11.907233 -7.694486
v -10.162571 11.847959 -6.887324
v -10.988781 11.128645 -6.887324
v -10.162571 11.847959 -7.727041
v -10.988781 11.128645 -7.727041
v -10.253695 11.952625 -7.307182
v -11.079906 11.233313 -7.307182
v -11.040387 11.187921 -6.059170
v -10.214176 11.907233 -6.059170
v -11.145728 11.308916 -6.446474
v -10.319517 12.028229 -6.446474
v -11.040387 11.187921 -6.833777
v -10.214176 11.907233 -6.833777
v -10.162570 11.847959 -6.026616
v -10.988781 11.128645 -6.026616
v -10.162571 11.847959 -6.866332
v -10.988781 11.128645 -6.866332
v -10.253695 11.952625 -6.446474
v -11.079906 11.233313 -6.446474
v -11.040387 11.187921 -5.198461
v -10.214176 11.907233 -5.198461
v -11.145728 11.308916 -5.585765
v -10.319517 12.028229 -5.585765
v -11.040387 11.187921 -5.973069
v -10.214176 11.907233 -5.973069
v -10.162570 11.847959 -5.165907
v -10.988781 11.128645 -5.165907
v -10.162570 11.847959 -6.005623
v -10.988781 11.128645 -6.005623
v -10.253695 11.952625 -5.585765
v -11.079906 11.233313 -5.585765
v -11.040387 11.187921 -4.337752
v -10.214176 11.907233 -4.337752
v -11.145728 11.308916 -4.725056
v -10.319517 12.028229 -4.725056
v -11.040387 11.187921 -5.112360
v -10.214176 11.907233 -5.112360
v -10.162570 11.847959 -4.305198
v -10.988781 11.128645 -4.305198
v -10.162570 11.847959 -5.144914
v -10.988781 11.128645 -5.144914
v -10.253695 11.952625 -4.725056
v -11.079906 11.233313 -4.725056
v -11.040387 11.187921 -3.477043
v -10.214176 11.907233 -3.477043
v -11.145728 11.308916 -3.864347
v -10.319517 12.028229 -3.864347
v -11.040387 11.187921 -4.251651
v -10.214176 11.907233 -4.251651
v -10.162570 11.847959 -3.444489
v -10.988781 11.128645 -3.444489
v -10.162570 11.847959 -4.284205
v -10.988781 11.128645 -4.284205
v -10.253695 11.952625 -3.864347
v -11.079906 11.233313 -3.864347
v -11.040386 11.187921 -2.616335
v -10.214176 11.907233 -2.616335
v -11.145727 11.308916 -3.003639
v -10.319517 12.028229 -3.003639
v -11.040386 11.187921 -3.390944
v -10.214176 11.907233 -3.390944
v -10.162570 11.847959 -2.583781
v -10.988781 11.128645 -2.583781
v -10.162570 11.847959 -3.423497
v -10.988781 11.128645 -3.423497
v -10.253695 11.952625 -3.003639
v -11.079906 11.233313 -3.003639
v -11.040386 11.187921 -1.755626
v -10.214176 11.907233 -1.755626
v -11.145727 11.308916 -2.142930
v -10.319517 12.028229 -2.142930
v -11.040386 11.187921 -2.530234
v -10.214176 11.907233 -2.530234
v -10.162570 11.847959 -1.723073
v -10.988781 11.128645 -1.723073
v -10.162570 11.847959 -2.562788
v -10.988781 11.128645 -2.562788
v -10.253695 11.952625 -2.142930
v -11.079906 11.233313 -2.142930
v -11.040386 11.187921 -0.894917
v -10.214176 11.907233 -0.894917
v -11.145727 11.308916 -1.282222
v -10.319517 12.028229 -1.282222
v -11.040386 11.187921 -1.669526
v -10.214176 11.907233 -1.669526
v -10.162570 11.847959 -0.862364
v -10.988781 11.128645 -0.862364
v -10.162570 11.847959 -1.702079
v -10.988781 11.128645 -1.702079
v -10.253695 11.952625 -1.282222
v -11.079906 11.233313 -1.282222
v -11.040386 11.187921 -0.034208
v -10.214176 11.907233 -0.034208
v -11.145727 11.308916 -0.421513
v -10.319517 12.028229 -0.421513
v -11.040386 11.187921 -0.808817
v -10.214176 11.907233 -0.808817
v -10.162570 11.847959 -0.001656
v -10.988781 11.128645 -0.001656
v -10.162570 11.847959 -0.841371
v -10.988781 11.128645 -0.841371
v -10.253695 11.952625 -0.421513
v -11.079906 11.233313 -0.421513
v -11.040386 11.187921 0.826500
v -10.214176 11.907233 0.826500
v -11.145727 11.308916 0.439196
v -10.319517 12.028229 0.439196
v -11.040386 11.187921 0.051891
v -10.214176 11.907233 0.051891
v -10.162570 11.847959 0.859054
v -10.988780 11.128645 0.859054
v -10.162570 11.847959 0.019339
v -10.988781 11.128645 0.019339
v -10.253695 11.952625 0.439196
v -11.079906 11.233313 0.439196
v -11.040386 11.187921 1.687209
v -10.214176 11.907233 1.687209
v -11.145727 11.308916 1.299905
v -10.319517 12.028229 1.299905
v -11.040386 11.187921 0.912601
v -10.214176 11.907233 0.912601
v -10.162570 11.847959 1.719762
v -10.988780 11.128645 1.719762
v -10.162570 11.847959 0.880047
v -10.988780 11.128645 0.880047
v -10.253695 11.952625 1.299905
v -11.079906 11.233313 1.299905
v -11.040386 11.187921 2.547917
v -10.214175 11.907233 2.547917
v -11.145727 11.308916 2.160613
v -10.319516 12.028229 2.160613
v -11.040386 11.187921 1.773309
v -10.214176 11.907233 1.773309
v -10.162570 11.847959 2.580471
v -10.988780 11.128645 2.580471
v -10.162570 11.847959 1.740756
v -10.988780 11.128645 1.740756
v -10.253695 11.952625 2.160613
v -11.079906 11.233313 2.160613
v -11.040386 11.187921 3.408627
v -10.214175 11.907233 3.408627
v -11.145727 11.308916 3.021322
v -10.319516 12.028229 3.021322
v -11.040386 11.187921 2.634018
v -10.214175 11.907233 2.634018
v -10.162570 11.847959 3.441180
v -10.988780 11.128645 3.441180
v -10.162570 11.847959 2.601464
v -10.988780 11.128645 2.601464
v -10.253695 11.952625 3.021322
v -11.079906 11.233313 3.021322
v -11.040386 11.187921 4.269336
v -10.214175 11.907233 4.269336
v -11.145727 11.308916 3.882031
v -10.319516 12.028229 3.882031
v -11.040386 11.187921 3.494726
v -10.214175 11.907233 3.494726
v -10.162570 11.847959 4.301888
v -10.988780 11.128645 4.301888
v -10.162570 11.847959 3.462173
v -10.988780 11.128645 3.462173
v -10.253695 11.952625 3.882031
v -11.079906 11.233313 3.882031
v -11.040386 11.187921 5.130044
v -10.214175 11.907233 5.130044
v -11.145727 11.308916 4.742740
v -10.319516 12.028229 4.742740
v -11.040386 11.187921 4.355435
v -10.214175 11.907233 4.355435
v -10.162569 11.847959 5.162599
v -10.988780 11.128645 5.162599
v -10.162569 11.847959 4.322883
v -10.988780 11.128645 4.322883
v -10.253695 11.952625 4.742740
v -11.079906 11.233313 4.742740
v -11.040386 11.187921 5.990752
v -10.214175 11.907233 5.990752
v -11.145727 11.308916 5.603448
v -10.319516 12.028229 5.603448
v -11.040386 11.187921 5.216144
v -10.214175 11.907233 5.216144
v -10.162569 11.847959 6.023307
v -10.988780 11.128645 6.023307
v -10.162569 11.847959 5.183591
v -10.988780 11.128645 5.183591
v -10.253695 11.952625 5.603448
v -11.079905 11.233313 5.603448
v -11.040386 11.187921 6.851460
v -10.214175 11.907233 6.851460
v -11.145727 11.308916 6.464156
v -10.319516 12.028229 6.464156
v -11.040386 11.187921 6.076852
v -10.214175 11.907233 6.076852
v -10.162569 11.847959 6.884013
v -10.988780 11.128645 6.884013
v -10.162569 11.847959 6.044299
v -10.988780 11.128645 6.044299
v -10.253695 11.952625 6.464156
v -11.079905 11.233313 6.464156
v -11.040386 11.187921 7.712169
v -10.214175 11.907233 7.712169
v -11.145727 11.308916 7.324864
v -10.319516 12.028229 7.324864
v -11.040386 11.187921 6.937560
v -10.214175 11.907233 6.937560
v -10.162569 11.847959 7.744721
v -10.988780 11.128645 7.744721
v -10.162569 11.847959 6.905005
v -10.988780 11.128645 6.905005
v -10.253695 11.952625 7.324864
v -11.079905 11.233313 7.324864
v -11.040385 11.187921 8.572877
v -10.214175 11.907233 8.572877
v -11.145726 11.308916 8.185573
v -10.319516 12.028229 8.185573
v -11.040386 11.187921 7.798266
v -10.214175 11.907233 7.798266
v -10.162569 11.847959 8.605430
v -10.988780 11.128645 8.605430
v -10.162569 11.847959 7.765714
v -10.988780 11.128645 7.765714
v -10.253695 11.952625 8.185573
v -11.079905 11.233313 8.185573
v -11.040385 11.187921 9.433583
v -10.214175 11.907233 9.433583
v -11.145726 11.308916 9.046279
v -10.319516 12.028229 9.046279
v -11.040385 11.187921 8.658975
v -10.214175 11.907233 8.658975
v -10.162569 11.847959 9.466138
v -10.988780 11.128645 9.466138
v -10.162569 11.847959 8.626422
v -10.988780 11.128645 8.626422
v -10.253695 11.952625 9.046279
v -11.079905 11.233313 9.046279
v -11.040385 11.187921 10.294291
v -10.214175 11.907233 10.294291
v -11.145726 11.308916 9.906987
v -10.319516 12.028229 9.906987
v -11.040385 11.187921 9.519683
v -10.214175 11.907233 9.519683
v -10.162569 11.847959 10.326844
v -10.988779 11.128645 10.326844
v -10.162569 11.847959 9.487130
v -10.988780 11.128645 9.487130
v -10.253695 11.952625 9.906987
v -11.079905 11.233313 9.906987
v -11.040385 11.187921 11.155000
v -10.214175 11.907233 11.155000
v -11.145726 11.308916 10.767695
v -10.319516 12.028229 10.767695
v -11.040385 11.187921 10.380391
v -10.214175 11.907233 10.380391
v -10.162569 11.847959 11.187552
v -10.988779 11.128645 11.187552
v -10.162569 11.847959 10.347836
v -10.988779 11.128645 10.347836
v -10.253695 11.952625 10.767695
v -11.079905 11.233313 10.767695
v -11.040385 11.187921 12.015706
v -10.214175 11.907233 12.015706
v -11.145726 11.308916 11.628402
v -10.319516 12.028229 11.628402
v -11.040385 11.187921 11.241097
v -10.214175 11.907233 11.241097
v -10.162569 11.847959 12.048261
v -10.988779 11.128645 12.048261
v -10.162569 11.847959 11.208545
v -10.988779 11.128645 11.208545
v -10.253694 11.952625 11.628402
v -11.079905 11.233313 11.628402
v -11.040385 11.187921 12.876414
v -10.214174 11.907233 12.876414
v -11.145726 11.308916 12.489110
v -10.319515 12.028229 12.489110
v -11.040385 11.187921 12.101806
v -10.214175 11.907233 12.101806
v -10.162569 11.847959 12.908967
v -10.988779 11.128645 12.908967
v -10.162569 11.847959 12.069253
v -10.988779 11.128645 12.069253
v -10.253694 11.952625 12.489110
v -11.079905 11.233313 12.489110
v -10.261261 11.961314 -12.084130
v -9.435050 12.680628 -12.084130
v -10.366602 12.082311 -12.471435
v -9.540391 12.801623 -12.471435
v -10.261261 11.961314 -12.858739
v -9.435051 12.680628 -12.858739
v -9.383445 12.621352 -12.051577
v -10.209655 11.902040 -12.051577
v -9.383445 12.621352 -12.891293
v -10.209655 11.902040 -12.891293
v -9.474569 12.726020 -12.471435
v -10.300780 12.006706 -12.471435
v -10.261261 11.961314 -11.223422
v -9.435050 12.680628 -11.223422
v -10.366602 12.082311 -11.610726
v -9.540391 12.801623 -11.610726
v -10.261261 11.961314 -11.998030
v -9.435050 12.680628 -11.998030
v -9.383444 12.621352 -11.190868
v -10.209655 11.902040 -11.190868
v -9.383445 12.621352 -12.030584
v -10.209655 11.902040 -12.030584
v -9.474569 12.726020 -11.610726
v -10.300780 12.006706 -11.610726
v -10.261261 11.961314 -10.362713
v -9.435050 12.680628 -10.362713
v -10.366602 12.082311 -10.750017
v -9.540391 12.801623 -10.750017
v -10.261261 11.961314 -11.137321
v -9.435050 12.680628 -11.137321
v -9.383444 12.621352 -10.330159
v -10.209655 11.902040 -10.330159
v -9.383444 12.621352 -11.169875
v -10.209655 11.902040 -11.169875
v -9.474569 12.726020 -10.750017
v -10.300780 12.006706 -10.750017
v -10.261261 11.961314 -9.502005
v -9.435050 12.680628 -9.502005
v -10.366602 12.082311 -9.889309
v -9.540391 12.801623 -9.889309
v -10.261261 11.961314 -10.276613
v -9.435050 12.680628 -10.276613
v -9.383444 12.621352 -9.469451
v -10.209655 11.902040 -9.469451
v -9.383444 12.621352 -10.309167
v -10.209655 11.902040 -10.309167
v -9.474569 12.726020 -9.889309
v -10.300780 12.006706 -9.889309
v -10.261261 11.961314 -8.641296
v -9.435050 12.680628 -8.641296
v -10.366602 12.082311 -9.028600
v -9.540391 12.801623 -9.028600
v -10.261261 11.961314 -9.415904
v -9.435050 12.680628 -9.415904
v -9.383444 12.621352 -8.608742
v -10.209655 11.902040 -8.608742
v -9.383444 12.621352 -9.448458
v -10.209655 11.902040 -9.448458
v -9.474569 12.726020 -9.028600
v -10.300780 12.006706 -9.028600
v -10.261261 11.961314 -7.780587
v -9.435050 12.680628 -7.780587
v -10.366602 12.082311 -8.167892
v -9.540391 12.801623 -8.167892
v -10.261261 11.961314 -8.555195
v -9.435050 12.680628 -8.555195
v -9.383444 12.621352 -7.748033
v -10.209655 11.902040 -7.748033
v -9.383444 12.621352 -8.587749
v -10.209655 11.902040 -8.587749
v -9.474569 12.726020 -8.167892
v -10.300779 12.006706 -8.167892
v -10.261261 11.961314 -6.919878
v -9.435050 12.680628 -6.919878
v -10.366602 12.082311 -7.307182
v -9.540391 12.801623 -7.307182
v -10.261261 11.961314 -7.694486
v -9.435050 12.680628 -7.694486
v -9.383444 12.621352 -6.887324
v -10.209655 11.902040 -6.887324
v -9.383444 12.621352 -7.727041
v -10.209655 11.902040 -7.727041
v -9.474569 12.726020 -7.307182
v -10.300779 12.006706 -7.307182
v -10.261260 11.961314 -6.059170
v -9.435050 12.680628 -6.059170
v -10.366601 12.082311 -6.446474
v -9.540391 12.801623 -6.446474
v -10.261261 11.961314 -6.833777
v -9.435050 12.680628 -6.833777
v -9.383444 12.621352 -6.026616
v -10.209655 11.902040 -6.026616
v -9.383444 12.621352 -6.866332
v -10.209655 11.902040 -6.866332
v -9.474569 12.726020 -6.446474
v -10.300779 12.006706 -6.446474
v -10.261260 11.961314 -5.198461
v -9.435050 12.680628 -5.198461
v -10.366601 12.082311 -5.585765
v -9.540391 12.801623 -5.585765
v -10.261260 11.961314 -5.973069
v -9.435050 12.680628 -5.973069
v -9.383444 12.621352 -5.165907
v -10.209655 11.902040 -5.165907
v -9.383444 12.621352 -6.005623
v -10.209655 11.902040 -6.005623
v -9.474569 12.726020 -5.585765
v -10.300779 12.006706 -5.585765
v -10.261260 11.961314 -4.337752
v -9.435050 12.680628 -4.337752
v -10.366601 12.082311 -4.725056
v -9.540391 12.801623 -4.725056
v -10.261260 11.961314 -5.112360
v -9.435050 12.680628 -5.112360
v -9.383444 12.621352 -4.305198
v -10.209654 11.902040 -4.305198
v -9.383444 12.621352 -5.144914
v -10.209655 11.902040 -5.144914
v -9.474569 12.726020 -4.725056
v -10.300779 12.006706 -4.725056
v -10.261260 11.961314 -3.477043
v -9.435050 12.680628 -3.477043
v -10.366601 12.082311 -3.864347
v -9.540391 12.801623 -3.864347
v -10.261260 11.961314 -4.251651
v -9.435050 12.680628 -4.251651
v -9.383444 12.621352 -3.444489
v -10.209654 11.902040 -3.444489
v -9.383444 12.621352 -4.284205
v -10.209654 11.902040 -4.284205
v -9.474569 12.726020 -3.864347
v -10.300779 12.006706 -3.864347
v -10.261260 11.961314 -2.616335
v -9.435049 12.680628 -2.616335
v -10.366601 12.082311 -3.003639
v -9.540390 12.801623 -3.003639
v -10.261260 11.961314 -3.390944
v -9.435050 12.680628 -3.390944
v -9.383444 12.621352 -2.583781
v -10.209654 11.902040 -2.583781
v -9.383444 12.621352 -3.423497
v -10.209654 11.902040 -3.423497
v -9.474568 12.726020 -3.003639
v -10.300779 12.006706 -3.003639
v -10.261260 11.961314 -1.755626
v -9.435049 12.680628 -1.755626
v -10.366601 12.082311 -2.142930
v -9.540390 12.801623 -2.142930
v -10.261260 11.961314 -2.530234
v -9.435049 12.680628 -2.530234
v -9.383444 12.621352 -1.723073
v -10.209654 11.902040 -1.723073
v -9.383444 12.621352 -2.562788
v -10.209654 11.902040 -2.562788
v -9.474568 12.726020 -2.142930
v -10.300779 12.006706 -2.142930
v -10.261260 11.961314 -0.894917
v -9.435049 12.680628 -0.894917
v -10.366601 12.082311 -1.282222
v -9.540390 12.801623 -1.282222
v -10.261260 11.961314 -1.669526
v -9.435049 12.680628 -1.669526
v -9.383444 12.621352 -0.862364
v -10.209654 11.902040 -0.862364
v -9.383444 12.621352 -1.702079
v -10.209654 11.902040 -1.702079
v -9.474568 12.726020 -1.282222
v -10.300779 12.006706 -1.282222
v -10.261260 11.961314 -0.034208
v -9.435049 12.680628 -0.034208
v -10.366601 12.082311 -0.421513
v -9.540390 12.801623 -0.421513
v -10.261260 11.961314 -0.808817
v -9.435049 12.680628 -0.808817
v -9.383444 12.621352 -0.001656
v -10.209654 11.902040 -0.001656
v -9.383444 12.621352 -0.841371
v -10.209654 11.902040 -0.841371
v -9.474568 12.726020 -0.421513
v -10.300779 12.006706 -0.421513
v -10.261260 11.961314 0.826500
v -9.435049 12.680628 0.826500
v -10.366601 12.082311 0.439196
v -9.540390 12.801623 0.439196
v -10.261260 11.961314 0.051891
v -9.435049 12.680628 0.051891
v -9.383443 12.621352 0.859054
v -10.209654 11.902040 0.859054
v -9.383444 12.621352 0.019339
v -10.209654 11.902040 0.019339
v -9.474568 12.726020 0.439196
v -10.300779 12.006706 0.439196
v -10.261260 11.961314 1.687209
v -9.435049 12.680628 1.687209
v -10.366601 12.082311 1.299905
v -9.540390 12.801623 1.299905
v -10.261260 11.961314 0.912601
v -9.435049 12.680628 0.912601
v -9.383443 12.621352 1.719762
v -10.209654 11.902040 1.719762
v -9.383443 12.621352 0.880047
v -10.209654 11.902040 0.880047
v -9.474568 12.726020 1.299905
v -10.300779 12.006706 1.299905
v -10.261260 11.961314 2.547917
v -9.435049 12.680628 2.547917
v -10.366601 12.082311 2.160613
v -9.540390 12.801623 2.160613
v -10.261260 11.961314 1.773309
v -9.435049 12.680628 1.773309
v -9.383443 12.621352 2.580471
v -10.209654 11.902040 2.580471
v -9.383443 12.621352 1.740756
v -10.209654 11.902040 1.740756
v -9.474568 12.726020 2.160613
v -10.300779 12.006706 2.160613
v -10.261260 11.961314 3.408627
v -9.435049 12.680628 3.408627
v -10.366601 12.082311 3.021322
v -9.540390 12.801623 3.021322
v -10.261260 11.961314 2.634018
v -9.435049 12.680628 2.634018
v -9.383443 12.621352 3.441180
v -10.209654 11.902040 3.441180
v -9.383443 12.621352 2.601464
v -10.209654 11.902040 2.601464
v -9.474568 12.726020 3.021322
v -10.300778 12.006706 3.021322
v -10.261259 11.961314 4.269336
v -9.435049 12.680628 4.269336
v -10.366600 12.082311 3.882031
v -9.540390 12.801623 3.882031
v -10.261260 11.961314 3.494726
v -9.435049 12.680628 3.494726
v -9.383443 12.621352 4.301888
v -10.209654 11.902040 4.301888
v -9.383443 12.621352 3.462173
v -10.209654 11.902040 3.462173
v -9.474568 12.726020 3.882031
v -10.300778 12.006706 3.882031
v -10.261259 11.961314 5.130044
v -9.435049 12.680628 5.130044
v -10.366600 12.082311 4.742740
v -9.540390 12.801623 4.742740
v -10.261259 11.961314 4.355435
v -9.435049 12.680628 4.355435
v -9.383443 12.621352 5.162599
v -10.209654 11.902040 5.162599
v -9.383443 12.621352 4.322883
v -10.209654 11.902040 4.322883
v -9.474568 12.726020 4.742740
v -10.300778 12.006706 4.742740
v -10.261259 11.961314 5.990752
v -9.435049 12.680628 5.990752
v -10.366600 12.082311 5.603448
v -9.540390 12.801623 5.603448
v -10.261259 11.961314 5.216144
v -9.435049 12.680628 5.216144
v -9.383443 12.621352 6.023307
v -10.209654 11.902040 6.023307
v -9.383443 12.621352 5.183591
v -10.209654 11.902040 5.183591
v -9.474568 12.726020 5.603448
v -10.300778 12.006706 5.603448
v -10.261259 11.961314 6.851460
v -9.435049 12.680628 6.851460
v -10.366600 12.082311 6.464156
v -9.540390 12.801623 6.464156
v -10.261259 11.961314 6.076852
v -9.435049 12.680628 6.076852
v -9.383443 12.621352 6.884013
v -10.209653 11.902040 6.884013
v -9.383443 12.621352 6.044299
v -10.209654 11.902040 6.044299
v -9.474567 12.726020 6.464156
v -10.300778 12.006706 6.464156
v -10.261259 11.961314 7.712169
v -9.435049 12.680628 7.712169
v -10.366600 12.082311 7.324864
v -9.540390 12.801623 7.324864
v -10.261259 11.961314 6.937560
v -9.435049 12.680628 6.937560
v -9.383443 12.621352 7.744721
v -10.209653 11.902040 7.744721
v -9.383443 12.621352 6.905005
v -10.209653 11.902040 6.905005
v -9.474567 12.726020 7.324864
v -10.300778 12.006706 7.324864
v -10.261259 11.961314 8.572877
v -9.435049 12.680628 8.572877
v -10.366600 12.082311 8.185573
v -9.540390 12.801623 8.185573
v -10.261259 11.961314 7.798266
v -9.435049 12.680628 7.798266
v -9.383443 12.621352 8.605430
v -10.209653 11.902040 8.605430
v -9.383443 12.621352 7.765714
v -10.209653 11.902040 7.765714
v -9.474567 12.726020 8.185573
v -10.300778 12.006706 8.185573
v -10.261259 11.961314 9.433583
v -9.435048 12.680628 9.433583
v -10.366600 12.082311 9.046279
v -9.540389 12.801623 9.046279
v -10.261259 11.961314 8.658975
v -9.435049 12.680628 8.658975
v -9.383443 12.621352 9.466138
v -10.209653 11.902040 9.466138
v -9.383443 12.621352 8.626422
v -10.209653 11.902040 8.626422
v -9.474567 12.726020 9.046279
v -10.300778 12.006706 9.046279
v -10.261259 11.961314 10.294291
v -9.435048 12.680628 10.294291
v -10.366600 12.082311 9.906987
v -9.540389 12.801623 9.906987
v -10.261259 11.961314 9.519683
v -9.435048 12.680628 9.519683
v -9.383443 12.621352 10.326844
v -10.209653 11.902040 10.326844
v -9.383443 12.621352 9.487130
v -10.209653 11.902040 9.487130
v -9.474567 12.726020 9.906987
v -10.300778 12.006706 9.906987
v -10.261259 11.961314 11.155000
v -9.435048 12.680628 11.155000
v -10.366600 12.082311 10.767695
v -9.540389 12.801623 10.767695
v -10.261259 11.961314 10.380391
v -9.435048 12.680628 10.380391
v -9.383442 12.621352 11.187552
v -10.209653 11.902040 11.187552
v -9.383443 12.621352 10.347836
v -10.209653 11.902040 10.347836
v -9.474567 12.726020 10.767695
v -10.300778 12.006706 10.767695
v -10.261259 11.961314 12.015706
v -9.435048 12.680628 12.015706
v -10.366600 12.082311 11.628402
v -9.540389 12.801623 11.628402
v -10.261259 11.961314 11.241097
v -9.435048 12.680628 11.241097
v -9.383442 12.621352 12.048261
v -10.209653 11.902040 12.048261
v -9.383442 12.621352 11.208545
v -10.209653 11.902040 11.208545
v -9.474567 12.726020 11.628402
v -10.300778 12.006706 11.628402
v -10.261259 11.961314 12.876414
v -9.435048 12.680628 12.876414
v -10.366600 12.082311 12.489110
v -9.540389 12.801623 12.489110
v -10.261259 11.961314 12.101806
v -9.435048 12.680628 12.101806
v -9.383442 12.621352 12.908967
v -10.209653 11.902040 12.908967
v -9.383442 12.621352 12.069253
v -10.209653 11.902040 12.069253
v -9.474567 12.726020 12.489110
v -10.300778 12.006706 12.489110
v -9.482135 12.734709 -12.084130
v -8.655924 13.454021 -12.084131
v -9.587476 12.855704 -12.471435
v -8.761265 13.575017 -12.471435
v -9.482135 12.734709 -12.858739
v -8.655924 13.454021 -12.858739
v -8.604318 13.394747 -12.051577
v -9.430529 12.675433 -12.051577
v -8.604318 13.394747 -12.891293
v -9.430529 12.675433 -12.891293
v -8.695443 13.499413 -12.471435
v -9.521653 12.780101 -12.471435
v -9.482134 12.734709 -11.223422
v -8.655924 13.454021 -11.223422
v -9.587475 12.855704 -11.610726
v -8.761265 13.575017 -11.610726
v -9.482135 12.734709 -11.998030
v -8.655924 13.454021 -11.998030
v -8.604318 13.394747 -11.190868
v -9.430529 12.675433 -11.190868
v -8.604318 13.394747 -12.030584
v -9.430529 12.675433 -12.030584
v -8.695443 13.499413 -11.610726
v -9.521653 12.780101 -11.610726
v -9.482134 12.734709 -10.362713
v -8.655924 13.454021 -10.362714
v -9.587475 12.855704 -10.750017
v -8.761265 13.575017 -10.750017
v -9.482134 12.734709 -11.137321
v -8.655924 13.454021 -11.137321
v -8.604318 13.394747 -10.330160
v -9.430529 12.675433 -10.330159
v -8.604318 13.394747 -11.169875
v -9.430529 12.675433 -11.169875
v -8.695443 13.499413 -10.750017
v -9.521653 12.780101 -10.750017
v -9.482134 12.734709 -9.502005
v -8.655924 13.454021 -9.502005
v -9.587475 12.855704 -9.889309
v -8.761265 13.575017 -9.889309
v -9.482134 12.734709 -10.276613
v -8.655924 13.454021 -10.276613
v -8.604318 13.394747 -9.469451
v -9.430529 12.675433 -9.469451
v -8.604318 13.394747 -10.309167
v -9.430529 12.675433 -10.309167
v -8.695442 13.499413 -9.889309
v -9.521653 12.780101 -9.889309
v -9.482134 12.734709 -8.641296
v -8.655924 13.454021 -8.641296
v -9.587475 12.855704 -9.028600
v -8.761265 13.575017 -9.028601
v -9.482134 12.734709 -9.415904
v -8.655924 13.454021 -9.415904
v -8.604318 13.394747 -8.608743
v -9.430529 12.675433 -8.608742
v -8.604318 13.394747 -9.448458
v -9.430529 12.675433 -9.448458
v -8.695442 13.499413 -9.028601
v -9.521653 12.780101 -9.028600
v -9.482134 12.734709 -7.780587
v -8.655924 13.454021 -7.780587
v -9.587475 12.855704 -8.167892
v -8.761265 13.575017 -8.167892
v -9.482134 12.734709 -8.555195
v -8.655924 13.454021 -8.555195
v -8.604318 13.394747 -7.748033
v -9.430528 12.675433 -7.748033
v -8.604318 13.394747 -8.587749
v -9.430529 12.675433 -8.587749
v -8.695442 13.499413 -8.167892
v -9.521653 12.780101 -8.167892
v -9.482134 12.734709 -6.919878
v -8.655924 13.454021 -6.919878
v -9.587475 12.855704 -7.307182
v -8.761265 13.575017 -7.307182
v -9.482134 12.734709 -7.694486
v -8.655924 13.454021 -7.694486
v -8.604318 13.394747 -6.887324
v -9.430528 12.675433 -6.887324
v -8.604318 13.394747 -7.727041
v -9.430528 12.675433 -7.727041
v -8.695442 13.499413 -7.307182
v -9.521653 12.780101 -7.307182
v -9.482134 12.734709 -6.059170
v -8.655924 13.454021 -6.059170
v -9.587475 12.855704 -6.446474
v -8.761264 13.575017 -6.446474
v -9.482134 12.734709 -6.833777
v -8.655924 13.454021 -6.833777
v -8.604318 13.394747 -6.026616
v -9.430528 12.675433 -6.026616
v -8.604318 13.394747 -6.866332
v -9.430528 12.675433 -6.866332
v -8.695442 13.499413 -6.446474
v -9.521653 12.780101 -6.446474
v -9.482134 12.734709 -5.198461
v -8.655923 13.454021 -5.198461
v -9.587475 12.855704 -5.585765
v -8.761264 13.575017 -5.585765
v -9.482134 12.734709 -5.973069
v -8.655924 13.454021 -5.973069
v -8.604318 13.394747 -5.165907
v -9.430528 12.675433 -5.165907
v -8.604318 13.394747 -6.005623
v -9.430528 12.675433 -6.005623
v -8.695442 13.499413 -5.585765
v -9.521653 12.780101 -5.585765
v -9.482134 12.734709 -4.337752
v -8.655923 13.454021 -4.337752
v -9.587475 12.855704 -4.725056
v -8.761264 13.575017 -4.725056
v -9.482134 12.734709 -5.112360
v -8.655923 13.454021 -5.112360
v -8.604317 13.394747 -4.305198
v -9.430528 12.675433 -4.305198
v -8.604318 13.394747 -5.144914
v -9.430528 12.675433 -5.144914
v -8.695442 13.499413 -4.725056
v -9.521653 12.780101 -4.725056
v -9.482134 12.734709 -3.477043
v -8.655923 13.454021 -3.477043
v -9.587475 12.855704 -3.864347
v -8.761264 13.575017 -3.864347
v -9.482134 12.734709 -4.251651
v -8.655923 13.454021 -4.251651
v -8.604317 13.394747 -3.444489
v -9.430528 12.675433 -3.444489
v -8.604317 13.394747 -4.284205
v -9.430528 12.675433 -4.284205
v -8.695442 13.499413 -3.864347
v -9.521653 12.780101 -3.864347
v -9.482134 12.734709 -2.616335
v -8.655923 13.454021 -2.616335
v -9.587475 12.855704 -3.003639
v -8.761264 13.575017 -3.003639
v -9.482134 12.734709 -3.390944
v -8.655923 13.454021 -3.390944
v -8.604317 13.394747 -2.583781
v -9.430528 12.675433 -2.583781
v -8.604317 13.394747 -3.423497
v -9.430528 12.675433 -3.423497
v -8.695442 13.499413 -3.003639
v -9.521653 12.780101 -3.003639
v -9.482134 12.734709 -1.755626
v -8.655923 13.454021 -1.755626
v -9.587475 12.855704 -2.142930
v -8.761264 13.575017 -2.142930
v -9.482134 12.734709 -2.530234
v -8.655923 13.454021 -2.530234
v -8.604317 13.394747 -1.723073
v -9.430528 12.675433 -1.723073
v -8.604317 13.394747 -2.562788
v -9.430528 12.675433 -2.562788
v -8.695442 13.499413 -2.142930
v -9.521652 12.780101 -2.142930
v -9.482134 12.734709 -0.894917
v -8.655923 13.454021 -0.894917
v -9.587475 12.855704 -1.282222
v -8.761264 13.575017 -1.282222
v -9.482134 12.734709 -1.669526
v -8.655923 13.454021 -1.669526
v -8.604317 13.394747 -0.862364
v -9.430528 12.675433 -0.862364
v -8.604317 13.394747 -1.702079
v -9.430528 12.675433 -1.702079
v -8.695442 13.499413 -1.282222
v -9.521652 12.780101 -1.282222
v -9.482134 12.734709 -0.034208
v -8.655923 13.454021 -0.034208
v -9.587475 12.855704 -0.421513
v -8.761264 13.575017 -0.421513
v -9.482134 12.734709 -0.808817
v -8.655923 13.454021 -0.808817
v -8.604317 13.394747 -0.001656
v -9.430528 12.675433 -0.001656
v -8.604317 13.394747 -0.841371
v -9.430528 12.675433 -0.841371
v -8.695442 13.499413 -0.421513
v -9.521652 12.780101 -0.421513
v -9.482133 12.734709 0.826500
v -8.655923 13.454021 0.826500
v -9.587474 12.855704 0.439196
v -8.761264 13.575017 0.439196
v -9.482134 12.734709 0.051891
v -8.655923 13.454021 0.051891
v -8.604317 13.394747 0.859054
v -9.430528 12.675433 0.859054
v -8.604317 13.394747 0.019339
v -9.430528 12.675433 0.019339
v -8.695442 13.499413 0.439196
v -9.521652 12.780101 0.439196
v -9.482133 12.734709 1.687209
v -8.655923 13.454021 1.687209
v -9.587474 12.855704 1.299905
v -8.761264 13.575017 1.299905
v -9.482133 12.734709 0.912601
v -8.655923 13.454021 0.912601
v -8.604317 13.394747 1.719762
v -9.430528 12.675433 1.719762
v -8.604317 13.394747 0.880047
v -9.430528 12.675433 0.880047
v -8.695442 13.499413 1.299905
v -9.521652 12.780101 1.299905
v -9.482133 12.734709 2.547917
v -8.655923 13.454021 2.547917
v -9.587474 12.855704 2.160613
v -8.761264 13.575017 2.160613
v -9.482133 12.734709 1.773309
v -8.655923 13.454021 1.773309
v -8.604317 13.394747 2.580471
v -9.430527 12.675433 2.580471
v -8.604317 13.394747 1.740756
v -9.430528 12.675433 1.740756
v -8.695442 13.499413 2.160613
v -9.521652 12.780101 2.160613
v -9.482133 12.734709 3.408627
v -8.655922 13.454021 3.408627
v -9.587474 12.855704 3.021322
v -8.761263 13.575017 3.021322
v -9.482133 12.734709 2.634018
v -8.655923 13.454021 2.634018
v -8.604317 13.394747 3.441180
v -9.430527 12.675433 3.441180
v -8.604317 13.394747 2.601464
v -9.430527 12.675433 2.601464
v -8.695441 13.499413 3.021322
v -9.521652 12.780101 3.021322
v -9.482133 12.734709 4.269336
v -8.655922 13.454021 4.269336
v -9.587474 12.855704 3.882031
v -8.761263 13.575017 3.882031
v -9.482133 12.734709 3.494726
v -8.655922 13.454021 3.494726
v -8.604317 13.394747 4.301888
v -9.430527 12.675433 4.301888
v -8.604317 13.394747 3.462173
v -9.430527 12.675433 3.462173
v -8.695441 13.499413 3.882031
v -9.521652 12.780101 3.882031
v -9.482133 12.734709 5.130044
v -8.655922 13.454021 5.130044
v -9.587474 12.855704 4.742740
v -8.761263 13.575017 4.742740
v -9.482133 12.734709 4.355435
v -8.655922 13.454021 4.355435
v -8.604317 13.394747 5.162599
v -9.430527 12.675433 5.162599
v -8.604317 13.394747 4.322883
v -9.430527 12.675433 4.322883
v -8.695441 13.499413 4.742740
v -9.521652 12.780101 4.742740
v -9.482133 12.734709 5.990752
v -8.655922 13.454021 5.990752
v -9.587474 12.855704 5.603448
v -8.761263 13.575017 5.603448
v -9.482133 12.734709 5.216144
v -8.655922 13.454021 5.216144
v -8.604317 13.394747 6.023307
v -9.430527 12.675433 6.023307
v -8.604317 13.394747 5.183591
v -9.430527 12.675433 5.183591
v -8.695441 13.499413 5.603448
v -9.521652 12.780101 5.603448
v -9.482133 12.734709 6.851460
v -8.655922 13.454021 6.851460
v -9.587474 12.855704 6.464156
v -8.761263 13.575017 6.464156
v -9.482133 12.734709 6.076852
v -8.655922 13.454021 6.076852
v -8.604317 13.394747 6.884013
v -9.430527 12.675433 6.884013
v -8.604317 13.394747 6.044299
v -9.430527 12.675433 6.044299
v -8.695441 13.499413 6.464156
v -9.521652 12.780101 6.464156
v -9.482133 12.734709 7.712169
v -8.655922 13.454021 7.712169
v -9.587474 12.855704 7.324864
v -8.761263 13.575017 7.324864
v -9.482133 12.734709 6.937560
v -8.655922 13.454021 6.937560
v -8.604316 13.394747 7.744721
v -9.430527 12.675433 7.744721
v -8.604317 13.394747 6.905005
v -9.430527 12.675433 6.905005
v -8.695441 13.499413 7.324864
v -9.521652 12.780101 7.324864
v -9.482133 12.734709 8.572877
v -8.655922 13.454021 8.572877
v -9.587474 12.855704 8.185573
v -8.761263 13.575017 8.185573
v -9.482133 12.734709 7.798266
v -8.655922 13.454021 7.798266
v -8.604316 13.394747 8.605430
v -9.430527 12.675433 8.605430
v -8.604316 13.394747 7.765714
v -9.430527 12.675433 7.765714
v -8.695441 13.499413 8.185573
v -9.521652 12.780101 8.185573
v -9.482133 12.734709 9.433583
v -8.655922 13.454021 9.433583
v -9.587474 12.855704 9.046279
v -8.761263 13.575017 9.046279
v -9.482133 12.734709 8.658975
v -8.655922 13.454021 8.658975
v -8.604316 13.394747 9.466138
v -9.430527 12.675433 9.466138
v -8.604316 13.394747 8.626422
v -9.430527 12.675433 8.626422
v -8.695441 13.499413 9.046279
v -9.521652 12.780101 9.046279
v -9.482133 12.734709 10.294291
v -8.655922 13.454021 10.294291
v -9.587473 12.855704 9.906987
v -8.761263 13.575017 9.906987
v -9.482133 12.734709 9.519683
v -8.655922 13.454021 9.519683
v -8.604316 13.394747 10.326844
v -9.430527 12.675433 10.326844
v -8.604316 13.394747 9.487130
v -9.430527 12.675433 9.487130
v -8.695441 13.499413 9.906987
v -9.521651 12.780101 9.906987
v -9.482132 12.734709 11.155000
v -8.655922 13.454021 11.155000
v -9.587473 12.855704 10.767695
v -8.761263 13.575017 10.767695
v -9.482133 12.734709 10.380391
v -8.655922 13.454021 10.380391
v -8.604316 13.394747 11.187552
v -9.430527 12.675433 11.187552
v -8.604316 13.394747 10.347836
v -9.430527 12.675433 10.347836
v -8.695441 13.499413 10.767695
v -9.521651 12.780101 10.767695
v -9.482132 12.734709 12.015706
v -8.655922 13.454021 12.015706
v -9.587473 12.855704 11.628402
v -8.761263 13.575017 11.628402
v -9.482132 12.734709 11.241097
v -8.655922 13.454021 11.241097
v -8.604316 13.394747 12.048261
v -9.430527 12.675433 12.048261
v -8.604316 13.394747 11.208545
v -9.430527 12.675433 11.208545
v -8.695441 13.499413 11.628402
v -9.521651 12.780101 11.628402
v -9.482132 12.734709 12.876414
v -8.655922 13.454021 12.876414
v -9.587473 12.855704 12.489110
v -8.761263 13.575017 12.489110
v -9.482132 12.734709 12.101806
v -8.655922 13.454021 12.101806
v -8.604316 13.394747 12.908967
v -9.430527 12.675433 12.908967
v -8.604316 13.394747 12.069253
v -9.430527 12.675433 12.069253
v -8.695440 13.499413 12.489110
v -9.521651 12.780101 12.489110
v -8.703008 13.508102 -12.084131
v -7.876798 14.227415 -12.084131
v -8.808349 13.629099 -12.471435
v -7.982139 14.348412 -12.471435
v -8.703008 13.508102 -12.858739
v -7.876798 14.227415 -12.858739
v -7.825191 14.168140 -12.051577
v -8.651402 13.448828 -12.051577
v -7.825191 14.168140 -12.891293
v -8.651402 13.448828 -12.891293
v -7.916317 14.272808 -12.471435
v -8.742527 13.553494 -12.471435
v -8.703008 13.508102 -11.223422
v -7.876797 14.227415 -11.223422
v -8.808349 13.629099 -11.610726
v -7.982138 14.348412 -11.610726
v -8.703008 13.508102 -11.998030
v -7.876798 14.227415 -11.998030
v -7.825191 14.168140 -11.190868
v -8.651402 13.448828 -11.190868
v -7.825191 14.168140 -12.030584
v -8.651402 13.448828 -12.030584
v -7.916317 14.272808 -11.610726
v -8.742527 13.553494 -11.610726
v -8.703008 13.508102 -10.362714
v -7.876797 14.227415 -10.362714
v -8.808349 13.629099 -10.750017
v -7.982138 14.348412 -10.750017
v -8.703008 13.508102 -11.137321
v -7.876797 14.227415 -11.137321
v -7.825191 14.168140 -10.330160
v -8.651402 13.448828 -10.330160
v -7.825191 14.168140 -11.169875
v -8.651402 13.448828 -11.169875
v -7.916317 14.272808 -10.750017
v -8.742527 13.553494 -10.750017
v -8.703008 13.508102 -9.502005
v -7.876797 14.227415 -9.502005
v -8.808349 13.629099 -9.889309
v -7.982138 14.348412 -9.889309
v -8.703008 13.508102 -10.276613
v -7.876797 14.227415 -10.276613
v -7.825191 14.168140 -9.469451
v -8.651402 13.448828 -9.469451
v -7.825191 14.168140 -10.309167
v -8.651402 13.448828 -10.309167
v -7.916316 14.272808 -9.889309
v -8.742527 13.553494 -9.889309
v -8.703008 13.508102 -8.641296
v -7.876797 14.227415 -8.641296
v -8.808349 13.629099 -9.028601
v -7.982138 14.348412 -9.028601
v -8.703008 13.508102 -9.415904
v -7.876797 14.227415 -9.415904
v -7.825191 14.168140 -8.608743
v -8.651402 13.448828 -8.608743
v -7.825191 14.168140 -9.448458
v -8.651402 13.448828 -9.448458
v -7.916316 14.272808 -9.028601
v -8.742527 13.553494 -9.028601
v -8.703008 13.508102 -7.780587
v -7.876797 14.227415 -7.780588
v -8.808349 13.629099 -8.167892
v -7.982138 14.348412 -8.167892
v -8.703008 13.508102 -8.555195
v -7.876797 14.227415 -8.555195
v -7.825191 14.168140 -7.748034
v -8.651402 13.448828 -7.748033
v -7.825191 14.168140 -8.587749
v -8.651402 13.448828 -8.587749
v -7.916316 14.272808 -8.167892
v -8.742527 13.553494 -8.167892
v -8.703008 13.508102 -6.919878
v -7.876797 14.227415 -6.919879
v -8.808349 13.629099 -7.307182
v -7.982138 14.348412 -7.307183
v -8.703008 13.508102 -7.694486
v -7.876797 14.227415 -7.694487
v -7.825191 14.168140 -6.887325
v -8.651402 13.448828 -6.887324
v -7.825191 14.168140 -7.727041
v -8.651402 13.448828 -7.727041
v -7.916316 14.272808 -7.307183
v -8.742527 13.553494 -7.307182
v -8.703008 13.508102 -6.059170
v -7.876797 14.227415 -6.059170
v -8.808349 13.629099 -6.446474
v -7.982138 14.348412 -6.446474
v -8.703008 13.508102 -6.833777
v -7.876797 14.227415 -6.833778
v -7.825191 14.168140 -6.026616
v -8.651402 13.448828 -6.026616
v -7.825191 14.168140 -6.866333
v -8.651402 13.448828 -6.866332
v -7.916316 14.272808 -6.446474
v -8.742527 13.553494 -6.446474
v -8.703007 13.508102 -5.198461
v -7.876797 14.227415 -5.198462
v -8.808348 13.629099 -5.585765
v -7.982138 14.348412 -5.585765
v -8.703008 13.508102 -5.973069
v -7.876797 14.227415 -5.973069
v -7.825191 14.168140 -5.165907
v -8.651402 13.448828 -5.165907
v -7.825191 14.168140 -6.005624
v -8.651402 13.448828 -6.005623
v -7.916316 14.272808 -5.585765
v -8.742526 13.553494 -5.585765
v -8.703007 13.508102 -4.337752
v -7.876797 14.227415 -4.337752
v -8.808348 13.629099 -4.725056
v -7.982138 14.348412 -4.725057
v -8.703007 13.508102 -5.112360
v -7.876797 14.227415 -5.112360
v -7.825191 14.168140 -4.305198
v -8.651402 13.448828 -4.305198
v -7.825191 14.168140 -5.144915
v -8.651402 13.448828 -5.144914
v -7.916316 14.272808 -4.725057
v -8.742526 13.553494 -4.725056
v -8.703007 13.508102 -3.477043
v -7.876797 14.227415 -3.477043
v -8.808348 13.629099 -3.864347
v -7.982138 14.348412 -3.864347
v -8.703007 13.508102 -4.251651
v -7.876797 14.227415 -4.251651
v -7.825191 14.168140 -3.444489
v -8.651402 13.448828 -3.444489
v -7.825191 14.168140 -4.284205
v -8.651402 13.448828 -4.284205
v -7.916316 14.272808 -3.864347
v -8.742526 13.553494 -3.864347
v -8.703007 13.508102 -2.616335
v -7.876797 14.227415 -2.616335
v -8.808348 13.629099 -3.003639
v -7.982138 14.348412 -3.003639
v -8.703007 13.508102 -3.390944
v -7.876797 14.227415 -3.390944
v -7.825191 14.168140 -2.583781
v -8.651402 13.448828 -2.583781
v -7.825191 14.168140 -3.423497
v -8.651402 13.448828 -3.423497
v -7.916316 14.272808 -3.003639
v -8.742526 13.553494 -3.003639
v -8.703007 13.508102 -1.755626
v -7.876797 14.227415 -1.755626
v -8.808348 13.629099 -2.142930
v -7.982138 14.348412 -2.142930
v -8.703007 13.508102 -2.530234
v -7.876797 14.227415 -2.530234
v -7.825191 14.168140 -1.723073
v -8.651402 13.448828 -1.723073
v -7.825191 14.168140 -2.562788
v -8.651402 13.448828 -2.562788
v -7.916316 14.272808 -2.142930
v -8.742526 13.553494 -2.142930
v -8.703007 13.508102 -0.894917
v -7.876797 14.227415 -0.894917
v -8.808348 13.629099 -1.282222
v -7.982138 14.348412 -1.282222
v -8.703007 13.508102 -1.669526
v -7.876797 14.227415 -1.669526
v -7.825191 14.168140 -0.862364
v -8.651401 13.448828 -0.862364
v -7.825191 14.168140 -1.702079
v -8.651402 13.448828 -1.702079
v -7.916316 14.272808 -1.282222
v -8.742526 13.553494 -1.282222
v -8.703007 13.508102 -0.034208
v -7.876796 14.227415 -0.034208
v -8.808348 13.629099 -0.421513
v -7.982137 14.348412 -0.421513
v -8.703007 13.508102 -0.808817
v -7.876797 14.227415 -0.808817
v -7.825191 14.168140 -0.001656
v -8.651401 13.448828 -0.001656
v -7.825191 14.168140 -0.841371
v -8.651401 13.448828 -0.841371
v -7.916316 14.272808 -0.421513
v -8.742526 13.553494 -0.421513
v -8.703007 13.508102 0.826500
v -7.876796 14.227415 0.826500
v -8.808348 13.629099 0.439196
v -7.982137 14.348412 0.439196
v -8.703007 13.508102 0.051891
v -7.876796 14.227415 0.051891
v -7.825191 14.168140 0.859054
v -8.651401 13.448828 0.859054
v -7.825191 14.168140 0.019339
v -8.651401 13.448828 0.019339
v -7.916315 14.272808 0.439196
v -8.742526 13.553494 0.439196
v -8.703007 13.508102 1.687209
v -7.876796 14.227415 1.687209
v -8.808348 13.629099 1.299905
v -7.982137 14.348412 1.299905
v -8.703007 13.508102 0.912601
v -7.876796 14.227415 0.912601
v -7.825190 14.168140 1.719762
v -8.651401 13.448828 1.719762
v -7.825191 14.168140 0.880047
v -8.651401 13.448828 0.880047
v -7.916315 14.272808 1.299905
v -8.742526 13.553494 1.299905
v -8.703007 13.508102 2.547917
v -7.876796 14.227415 2.547917
v -8.808348 13.629099 2.160613
v -7.982137 14.348412 2.160613
v -8.703007 13.508102 1.773309
v -7.876796 14.227415 1.773309
v -7.825190 14.168140 2.580471
v -8.651401 13.448828 2.580471
v -7.825190 14.168140 1.740756
v -8.651401 13.448828 1.740756
v -7.916315 14.272808 2.160613
v -8.742526 13.553494 2.160613
v -8.703007 13.508102 3.408627
v -7.876796 14.227415 3.408627
v -8.808348 13.629099 3.021322
v -7.982137 14.348412 3.021322
v -8.703007 13.508102 2.634018
v -7.876796 14.227415 2.634018
v -7.825190 14.168140 3.441180
v -8.651401 13.448828 3.441180
v -7.825190 14.168140 2.601464
v -8.651401 13.448828 2.601464
v -7.916315 14.272808 3.021322
v -8.742526 13.553494 3.021322
v -8.703007 13.508102 4.269336
v -7.876796 14.227415 4.269336
v -8.808348 13.629099 3.882031
v -7.982137 14.348412 3.882031
v -8.703007 13.508102 3.494726
v -7.876796 14.227415 3.494726
v -7.825190 14.168140 4.301888
v -8.651401 13.448828 4.301888
v -7.825190 14.168140 3.462173
v -8.651401 13.448828 3.462173
v -7.916315 14.272808 3.882031
v -8.742525 13.553494 3.882031
v -8.703007 13.508102 5.130044
v -7.876796 14.227415 5.130044
v -8.808348 13.629099 4.742740
v -7.982137 14.348412 4.742740
v -8.703007 13.508102 4.355435
v -7.876796 14.227415 4.355435
v -7.825190 14.168140 5.162599
v -8.651401 13.448828 5.162599
v -7.825190 14.168140 4.322883
v -8.651401 13.448828 4.322883
v -7.916315 14.272808 4.742740
v -8.742525 13.553494 4.742740
v -8.703007 13.508102 5.990752
v -7.876796 14.227415 5.990752
v -8.808348 13.629099 5.603448
v -7.982137 14.348412 5.603448
v -8.703007 13.508102 5.216144
v -7.876796 14.227415 5.216144
v -7.825190 14.168140 6.023307
v -8.651401 13.448828 6.023307
v -7.825190 14.168140 5.183591
v -8.651401 13.448828 5.183591
v -7.916315 14.272808 5.603448
v -8.742525 13.553494 5.603448
v -8.703007 13.508102 6.851460
v -7.876796 14.227415 6.851460
v -8.808348 13.629099 6.464156
v -7.982137 14.348412 6.464156
v -8.703007 13.508102 6.076852
v -7.876796 14.227415 6.076852
v -7.825190 14.168140 6.884013
v -8.651401 13.448828 6.884013
v -7.825190 14.168140 6.044299
v -8.651401 13.448828 6.044299
v -7.916315 14.272808 6.464156
v -8.742525 13.553494 6.464156
v -8.703006 13.508102 7.712169
v -7.876796 14.227415 7.712169
v -8.808347 13.629099 7.324864
v -7.982137 14.348412 7.324864
v -8.703007 13.508102 6.937560
v -7.876796 14.227415 6.937560
v -7.825190 14.168140 7.744721
v -8.651401 13.448828 7.744721
v -7.825190 14.168140 6.905005
v -8.651401 13.448828 6.905005
v -7.916315 14.272808 7.324864
v -8.742525 13.553494 7.324864
v -8.703006 13.508102 8.572877
v -7.876796 14.227415 8.572877
v -8.808347 13.629099 8.185573
v -7.982137 14.348412 8.185573
v -8.703006 13.508102 7.798266
v -7.876796 14.227415 7.798266
v -7.825190 14.168140 8.605430
v -8.651400 13.448828 8.605430
v -7.825190 14.168140 7.765714
v -8.651401 13.448828 7.765714
v -7.916315 14.272808 8.185573
v -8.742525 13.553494 8.185573
v -8.703006 13.508102 9.433583
v -7.876796 14.227415 9.433583
v -8.808347 13.629099 9.046279
v -7.982137 14.348412 9.046279
v -8.703006 13.508102 8.658975
v -7.876796 14.227415 8.658975
v -7.825190 14.168140 9.466138
v -8.651400 13.448828 9.466138
v -7.825190 14.168140 8.626422
v -8.651400 13.448828 8.626422
v -7.916315 14.272808 9.046279
v -8.742525 13.553494 9.046279
v -8.703006 13.508102 10.294291
v -7.876795 14.227415 10.294291
v -8.808347 13.629099 9.906987
v -7.982136 14.348412 9.906987
v -8.703006 13.508102 9.519683
v -7.876796 14.227415 9.519683
v -7.825190 14.168140 10.326844
v -8.651400 13.448828 10.326844
v -7.825190 14.168140 9.487130
v -8.651400 13.448828 9.487130
v -7.916315 14.272808 9.906987
v -8.742525 13.553494 9.906987
v -8.703006 13.508102 11.155000
v -7.876795 14.227415 11.155000
v -8.808347 13.629099 10.767695
v -7.982136 14.348412 10.767695
v -8.703006 13.508102 10.380391
v -7.876795 14.227415 10.380391
v -7.825190 14.168140 11.187552
v -8.651400 13.448828 11.187552
v -7.825190 14.168140 10.347836
v -8.651400 13.448828 10.347836
v -7.916315 14.272808 10.767695
v -8.742525 13.553494 10.767695
v -8.703006 13.508102 12.015706
v -7.876795 14.227415 12.015706
v -8.808347 13.629099 11.628402
v -7.982136 14.348412 11.628402
v -8.703006 13.508102 11.241097
v -7.876795 14.227415 11.241097
v -7.825190 14.168140 12.048261
v -8.651400 13.448828 12.048261
v -7.825190 14.168140 11.208545
v -8.651400 13.448828 11.208545
v -7.916314 14.272808 11.628402
v -8.742525 13.553494 11.628402
v -8.703006 13.508102 12.876414
v -7.876795 14.227415 12.876414
v -8.808347 13.629099 12.489110
v -7.982136 14.348412 12.489110
v -8.703006 13.508102 12.101806
v -7.876795 14.227415 12.101806
v -7.825189 14.168140 12.908967
v -8.651400 13.448828 12.908967
v -7.825190 14.168140 12.069253
v -8.651400 13.448828 12.069253
v -7.916314 14.272808 12.489110
v -8.742525 13.553494 12.489110
v -7.923882 14.281497 -12.084131
v -7.097671 15.000810 -12.084131
v -8.029222 14.402493 -12.471435
v -7.203012 15.121805 -12.471435
v -7.923882 14.281497 -12.858739
v -7.097671 15.000810 -12.858739
v -7.046065 14.941534 -12.051577
v -7.872275 14.222221 -12.051577
v -7.046065 14.941534 -12.891293
v -7.872275 14.222221 -12.891293
v -7.137190 15.046202 -12.471435
v -7.963401 14.326889 -12.471435
v -7.923882 14.281497 -11.223422
v -7.097671 15.000810 -11.223422
v -8.029222 14.402493 -11.610726
v -7.203012 15.121805 -11.610726
v -7.923882 14.281497 -11.998030
v -7.097671 15.000810 -11.998030
v -7.046065 14.941534 -11.190868
v -7.872275 14.222221 -11.190868
v -7.046065 14.941534 -12.030584
v -7.872275 14.222221 -12.030584
v -7.137190 15.046202 -11.610726
v -7.963400 14.326889 -11.610726
v -7.923882 14.281497 -10.362714
v -7.097671 15.000810 -10.362714
v -8.029222 14.402493 -10.750017
v -7.203012 15.121805 -10.750017
v -7.923882 14.281497 -11.137321
v -7.097671 15.000810 -11.137321
v -7.046065 14.941534 -10.330160
v -7.872275 14.222221 -10.330160
v -7.046065 14.941534 -11.169876
v -7.872275 14.222221 -11.169875
v -7.137190 15.046202 -10.750017
v -7.963400 14.326889 -10.750017
v -7.923882 14.281497 -9.502005
v -7.097671 15.000810 -9.502005
v -8.029222 14.402493 -9.889309
v -7.203012 15.121805 -9.889309
v -7.923882 14.281497 -10.276613
v -7.097671 15.000810 -10.276613
v -7.046065 14.941534 -9.469451
v -7.872275 14.222221 -9.469451
v -7.046065 14.941534 -10.309167
v -7.872275 14.222221 -10.309167
v -7.137190 15.046202 -9.889309
v -7.963400 14.326889 -9.889309
v -7.923881 14.281497 -8.641296
v -7.097671 15.000810 -8.641296
v -8.029222 14.402493 -9.028601
v -7.203012 15.121805 -9.028601
v -7.923882 14.281497 -9.415904
v -7.097671 15.000810 -9.415904
v -7.046064 14.941534 -8.608743
v -7.872275 14.222221 -8.608743
v -7.046065 14.941534 -9.448458
v -7.872275 14.222221 -9.448458
v -7.137190 15.046202 -9.028601
v -7.963400 14.326889 -9.028601
v -7.923881 14.281497 -7.780588
v -7.097671 15.000810 -7.780588
v -8.029222 14.402493 -8.167892
v -7.203012 15.121805 -8.167892
v -7.923881 14.281497 -8.555195
v -7.097671 15.000810 -8.555195
v -7.046064 14.941534 -7.748034
v -7.872275 14.222221 -7.748034
v -7.046064 14.941534 -8.587749
v -7.872275 14.222221 -8.587749
v -7.137190 15.046202 -8.167892
v -7.963400 14.326889 -8.167892
v -7.923881 14.281497 -6.919879
v -7.097671 15.000810 -6.919879
v -8.029222 14.402493 -7.307183
v -7.203012 15.121805 -7.307183
v -7.923881 14.281497 -7.694487
v -7.097671 15.000810 -7.694487
v -7.046064 14.941534 -6.887325
v -7.872275 14.222221 -6.887325
v -7.046064 14.941534 -7.727041
v -7.872275 14.222221 -7.727041
v -7.137190 15.046202 -7.307183
v -7.963400 14.326889 -7.307183
v -7.923881 14.281497 -6.059170
v -7.097671 15.000810 -6.059170
v -8.029222 14.402493 -6.446474
v -7.203012 15.121805 -6.446474
v -7.923881 14.281497 -6.833778
v -7.097671 15.000810 -6.833778
v -7.046064 14.941534 -6.026616
v -7.872275 14.222221 -6.026616
v -7.046064 14.941534 -6.866333
v -7.872275 14.222221 -6.866333
v -7.137190 15.046202 -6.446474
v -7.963400 14.326889 -6.446474
v -7.923881 14.281497 -5.198462
v -7.097671 15.000810 -5.198462
v -8.029222 14.402493 -5.585765
v -7.203012 15.121805 -5.585765
v -7.923881 14.281497 -5.973069
v -7.097671 15.000810 -5.973069
v -7.046064 14.941534 -5.165907
v -7.872275 14.222221 -5.165907
v -7.046064 14.941534 -6.005624
v -7.872275 14.222221 -6.005624
v -7.137189 15.046202 -5.585765
v -7.963400 14.326889 -5.585765
v -7.923881 14.281497 -4.337752
v -7.097671 15.000810 -4.337752
v -8.029222 14.402493 -4.725057
v -7.203012 15.121805 -4.725057
v -7.923881 14.281497 -5.112360
v -7.097671 15.000810 -5.112360
v -7.046064 14.941534 -4.305198
v -7.872275 14.222221 -4.305198
v -7.046064 14.941534 -5.144915
v -7.872275 14.222221 -5.144915
v -7.137189 15.046202 -4.725057
v -7.963400 14.326889 -4.725057
v -7.923881 14.281497 -3.477043
v -7.097670 15.000810 -3.477043
v -8.029222 14.402493 -3.864347
v -7.203011 15.121805 -3.864347
v -7.923881 14.281497 -4.251651
v -7.097671 15.000810 -4.251651
v -7.046064 14.941534 -3.444489
v -7.872274 14.222221 -3.444489
v -7.046064 14.941534 -4.284205
v -7.872275 14.222221 -4.284205
v -7.137189 15.046202 -3.864347
v -7.963400 14.326889 -3.864347
v -7.923881 14.281497 -2.616335
v -7.097670 15.000810 -2.616335
v -8.029222 14.402493 -3.003639
v -7.203011 15.121805 -3.003639
v -7.923881 14.281497 -3.390944
v -7.097670 15.000810 -3.390944
v -7.046064 14.941534 -2.583781
v -7.872274 14.222221 -2.583781
v -7.046064 14.941534 -3.423497
v -7.872274 14.222221 -3.423497
v -7.137189 15.046202 -3.003639
v -7.963400 14.326889 -3.003639
v -7.923881 14.281497 -1.755626
v -7.097670 15.000810 -1.755626
v -8.029222 14.402493 -2.142930
v -7.203011 15.121805 -2.142930
v -7.923881 14.281497 -2.530234
v -7.097670 15.000810 -2.530234
v -7.046064 14.941534 -1.723073
v -7.872274 14.222221 -1.723073
v -7.046064 14.941534 -2.562788
v -7.872274 14.222221 -2.562788
v -7.137189 15.046202 -2.142930
v -7.963400 14.326889 -2.142930
v -7.923881 14.281497 -0.894917
v -7.097670 15.000810 -0.894917
v -8.029222 14.402493 -1.282222
v -7.203011 15.121805 -1.282222
v -7.923881 14.281497 -1.669526
v -7.097670 15.000810 -1.669526
v -7.046064 14.941534 -0.862364
v -7.872274 14.222221 -0.862364
v -7.046064 14.941534 -1.702079
v -7.872274 14.222221 -1.702079
v -7.137189 15.046202 -1.282222
v -7.963400 14.326889 -1.282222
v -7.923881 14.281497 -0.034208
v -7.097670 15.000810 -0.034208
v -8.029222 14.402493 -0.421513
v -7.203011 15.121805 -0.421513
v -7.923881 14.281497 -0.808817
v -7.097670 15.000810 -0.808817
v -7.046064 14.941534 -0.001656
v -7.872274 14.222221 -0.001656
v -7.046064 14.941534 -0.841371
v -7.872274 14.222221 -0.841371
v -7.137189 15.046202 -0.421513
v -7.963399 14.326889 -0.421513
v -7.923881 14.281497 0.826500
v -7.097670 15.000810 0.826500
v -8.029222 14.402493 0.439196
v -7.203011 15.121805 0.439196
v -7.923881 14.281497 0.051891
v -7.097670 15.000810 0.051891
v -7.046064 14.941534 0.859054
v -7.872274 14.222221 0.859054
v -7.046064 14.941534 0.019339
v -7.872274 14.222221 0.019339
v -7.137189 15.046202 0.439196
v -7.963399 14.326889 0.439196
v -7.923880 14.281497 1.687209
v -7.097670 15.000810 1.687209
v -8.029221 14.402493 1.299905
v -7.203011 15.121805 1.299905
v -7.923881 14.281497 0.912601
v -7.097670 15.000810 0.912601
v -7.046063 14.941534 1.719762
v -7.872274 14.222221 1.719762
v -7.046064 14.941534 0.880047
v -7.872274 14.222221 0.880047
v -7.137189 15.046202 1.299905
v -7.963399 14.326889 1.299905
v -7.923880 14.281497 2.547917
v -7.097670 15.000810 2.547917
v -8.029221 14.402493 2.160613
v -7.203011 15.121805 2.160613
v -7.923880 14.281497 1.773309
v -7.097670 15.000810 1.773309
v -7.046063 14.941534 2.580471
v -7.872274 14.222221 2.580471
v -7.046063 14.941534 1.740756
v -7.872274 14.222221 1.740756
v -7.137189 15.046202 2.160613
v -7.963399 14.326889 2.160613
v -7.923880 14.281497 3.408627
v -7.097670 15.000810 3.408627
v -8.029221 14.402493 3.021322
v -7.203011 15.121805 3.021322
v -7.923880 14.281497 2.634018
v -7.097670 15.000810 2.634018
v -7.046063 14.941534 3.441180
v -7.872274 14.222221 3.441180
v -7.046063 14.941534 2.601464
v -7.872274 14.222221 2.601464
v -7.137189 15.046202 3.021322
v -7.963399 14.326889 3.021322
v -7.923880 14.281497 4.269336
v -7.097670 15.000810 4.269336
v -8.029221 14.402493 3.882031
v -7.203011 15.121805 3.882031
v -7.923880 14.281497 3.494726
v -7.097670 15.000810 3.494726
v -7.046063 14.941534 4.301888
v -7.872274 14.222221 4.301888
v -7.046063 14.941534 3.462173
v -7.872274 14.222221 3.462173
v -7.137189 15.046202 3.882031
v -7.963399 14.326889 3.882031
v -7.923880 14.281497 5.130044
v -7.097670 15.000810 5.130044
v -8.029221 14.402493 4.742740
v -7.203011 15.121805 4.742740
v -7.923880 14.281497 4.355435
v -7.097670 15.000810 4.355435
v -7.046063 14.941534 5.162599
v -7.872274 14.222221 5.162599
v -7.046063 14.941534 4.322883
v -7.872274 14.222221 4.322883
v -7.137189 15.046202 4.742740
v -7.963399 14.326889 4.742740
v -7.923880 14.281497 5.990752
v -7.097670 15.000810 5.990752
v -8.029221 14.402493 5.603448
v -7.203011 15.121805 5.603448
v -7.923880 14.281497 5.216144
v -7.097670 15.000810 5.216144
v -7.046063 14.941534 6.023307
v -7.872274 14.222221 6.023307
v -7.046063 14.941534 5.183591
v -7.872274 14.222221 5.183591
v -7.137188 15.046202 5.603448
v -7.963399 14.326889 5.603448
v -7.923880 14.281497 6.851460
v -7.097670 15.000810 6.851460
v -8.029221 14.402493 6.464156
v -7.203010 15.121805 6.464156
v -7.923880 14.281497 6.076852
v -7.097670 15.000810 6.076852
v -7.046063 14.941534 6.884013
v -7.872274 14.222221 6.884013
v -7.046063 14.941534 6.044299
v -7.872274 14.222221 6.044299
v -7.137188 15.046202 6.464156
v -7.963399 14.326889 6.464156
v -7.923880 14.281497 7.712169
v -7.097669 15.000810 7.712169
v -8.029221 14.402493 7.324864
v -7.203010 15.121805 7.324864
v -7.923880 14.281497 6.937560
v -7.097670 15.000810 6.937560
v -7.046063 14.941534 7.744721
v -7.872273 14.222221 7.744721
v -7.046063 14.941534 6.905005
v -7.872274 14.222221 6.905005
v -7.137188 15.046202 7.324864
v -7.963399 14.326889 7.324864
v -7.923880 14.281497 8.572877
v -7.097669 15.000810 8.572877
v -8.029221 14.402493 8.185573
v -7.203010 15.121805 8.185573
v -7.923880 14.281497 7.798266
v -7.097669 15.000810 7.798266
v -7.046063 14.941534 8.605430
v -7.872273 14.222221 8.605430
v -7.046063 14.941534 7.765714
v -7.872273 14.222221 7.765714
v -7.137188 15.046202 8.185573
v -7.963399 14.326889 8.185573
v -7.923880 14.281497 9.433583
v -7.097669 15.000810 9.433583
v -8.029221 14.402493 9.046279
v -7.203010 15.121805 9.046279
v -7.923880 14.281497 8.658975
v -7.097669 15.000810 8.658975
v -7.046063 14.941534 9.466138
v -7.872273 14.222221 9.466138
v -7.046063 14.941534 8.626422
v -7.872273 14.222221 8.626422
v -7.137188 15.046202 9.046279
v -7.963399 14.326889 9.046279
v -7.923880 14.281497 10.294291
v -7.097669 15.000810 10.294291
v -8.029221 14.402493 9.906987
v -7.203010 15.121805 9.906987
v -7.923880 14.281497 9.519683
v -7.097669 15.000810 9.519683
v -7.046063 14.941534 10.326844
v -7.872273 14.222221 10.326844
v -7.046063 14.941534 9.487130
v -7.872273 14.222221 9.487130
v -7.137188 15.046202 9.906987
v -7.963399 14.326889 9.906987
v -7.923880 14.281497 11.155000
v -7.097669 15.000810 11.155000
v -8.029221 14.402493 10.767695
v -7.203010 15.121805 10.767695
v -7.923880 14.281497 10.380391
v -7.097669 15.000810 10.380391
v -7.046063 14.941534 11.187552
v -7.872273 14.222221 11.187552
v -7.046063 14.941534 10.347836
v -7.872273 14.222221 10.347836
v -7.137188 15.046202 10.767695
v -7.963398 14.326889 10.767695
v -7.923880 14.281497 12.015706
v -7.097669 15.000810 12.015706
v -8.029221 14.402493 11.628402
v -7.203010 15.121805 11.628402
v -7.923880 14.281497 11.241097
v -7.097669 15.000810 11.241097
v -7.046063 14.941534 12.048261
v -7.872273 14.222221 12.048261
v -7.046063 14.941534 11.208545
v -7.872273 14.222221 11.208545
v -7.137188 15.046202 11.628402
v -7.963398 14.326889 11.628402
v -7.923879 14.281497 12.876414
v -7.097669 15.000810 12.876414
v -8.029221 14.402493 12.489110
v -7.203010 15.121805 12.489110
v -7.923880 14.281497 12.101806
v -7.097669 15.000810 12.101806
v -7.046062 14.941534 12.908967
v -7.872273 14.222221 12.908967
v -7.046063 14.941534 12.069253
v -7.872273 14.222221 12.069253
v -7.137188 15.046202 12.489110
v -7.963398 14.326889 12.489110
v -7.144755 15.054891 -12.084131
v -6.318544 15.774204 -12.084131
v -7.250096 15.175886 -12.471435
v -6.423885 15.895199 -12.471435
v -7.144755 15.054891 -12.858739
v -6.318544 15.774204 -12.858739
v -6.266939 15.714929 -12.051577
v -7.093149 14.995615 -12.051577
v -6.266939 15.714929 -12.891293
v -7.093149 14.995615 -12.891293
v -6.358064 15.819595 -12.471435
v -7.184274 15.100283 -12.471435
v -7.144755 15.054891 -11.223422
v -6.318544 15.774204 -11.223422
v -7.250096 15.175886 -11.610726
v -6.423885 15.895199 -11.610726
v -7.144755 15.054891 -11.998030
v -6.318544 15.774204 -11.998031
v -6.266938 15.714929 -11.190868
v -7.093149 14.995615 -11.190868
v -6.266939 15.714929 -12.030584
v -7.093149 14.995615 -12.030584
v -6.358064 15.819595 -11.610726
v -7.184274 15.100283 -11.610726
v -7.144755 15.054891 -10.362714
v -6.318544 15.774204 -10.362714
v -7.250096 15.175886 -10.750017
v -6.423885 15.895199 -10.750017
v -7.144755 15.054891 -11.137321
v -6.318544 15.774204 -11.137321
v -6.266938 15.714929 -10.330160
v -7.093149 14.995615 -10.330160
v -6.266938 15.714929 -11.169876
v -7.093149 14.995615 -11.169876
v -6.358064 15.819595 -10.750017
v -7.184274 15.100283 -10.750017
v -7.144754 15.054891 -9.502005
v -6.318544 15.774204 -9.502006
v -7.250095 15.175886 -9.889309
v -6.423885 15.895199 -9.889309
v -7.144755 15.054891 -10.276613
v -6.318544 15.774204 -10.276613
v -6.266938 15.714929 -9.469452
v -7.093149 14.995615 -9.469451
v -6.266938 15.714929 -10.309167
v -7.093149 14.995615 -10.309167
v -6.358063 15.819595 -9.889309
v -7.184274 15.100283 -9.889309
v -7.144754 15.054891 -8.641296
v -6.318544 15.774204 -8.641296
v -7.250095 15.175886 -9.028601
v -6.423885 15.895199 -9.028601
v -7.144754 15.054891 -9.415904
v -6.318544 15.774204 -9.415904
v -6.266938 15.714929 -8.608743
v -7.093149 14.995615 -8.608743
v -6.266938 15.714929 -9.448459
v -7.093149 14.995615 -9.448458
v -6.358063 15.819595 -9.028601
v -7.184274 15.100283 -9.028601
v -7.144754 15.054891 -7.780588
v -6.318544 15.774204 -7.780588
v -7.250095 15.175886 -8.167892
v -6.423885 15.895199 -8.167892
v -7.144754 15.054891 -8.555195
v -6.318544 15.774204 -8.555196
v -6.266938 15.714929 -7.748034
v -7.093149 14.995615 -7.748034
v -6.266938 15.714929 -8.587749
v -7.093149 14.995615 -8.587749
v -6.358063 15.819595 -8.167892
v -7.184274 15.100283 -8.167892
v -7.144754 15.054891 -6.919879
v -6.318544 15.774204 -6.919879
v -7.250095 15.175886 -7.307183
v -6.423885 15.895199 -7.307183
v -7.144754 15.054891 -7.694487
v -6.318544 15.774204 -7.694487
v -6.266938 15.714929 -6.887325
v -7.093148 14.995615 -6.887325
v -6.266938 15.714929 -7.727041
v -7.093149 14.995615 -7.727041
v -6.358063 15.819595 -7.307183
v -7.184274 15.100283 -7.307183
v -7.144754 15.054891 -6.059170
v -6.318544 15.774204 -6.059170
v -7.250095 15.175886 -6.446474
v -6.423885 15.895199 -6.446474
v -7.144754 15.054891 -6.833778
v -6.318544 15.774204 -6.833778
v -6.266938 15.714929 -6.026616
v -7.093148 14.995615 -6.026616
v -6.266938 15.714929 -6.866333
v -7.093148 14.995615 -6.866333
v -6.358063 15.819595 -6.446474
v -7.184274 15.100283 -6.446474
v -7.144754 15.054891 -5.198462
v -6.318544 15.774204 -5.198462
v -7.250095 15.175886 -5.585765
v -6.423885 15.895199 -5.585765
v -7.144754 15.054891 -5.973069
v -6.318544 15.774204 -5.973069
v -6.266938 15.714929 -5.165907
v -7.093148 14.995615 -5.165907
v -6.266938 15.714929 -6.005624
v -7.093148 14.995615 -6.005624
v -6.358063 15.819595 -5.585765
v -7.184274 15.100283 -5.585765
v -7.144754 15.054891 -4.337752
v -6.318544 15.774204 -4.337752
v -7.250095 15.175886 -4.725057
v -6.423885 15.895199 -4.725057
v -7.144754 15.054891 -5.112360
v -6.318544 15.774204 -5.112360
v -6.266938 15.714929 -4.305198
v -7.093148 14.995615 -4.305198
v -6.266938 15.714929 -5.144915
v -7.093148 14.995615 -5.144915
v -6.358063 15.819595 -4.725057
v -7.184274 15.100283 -4.725057
v -7.144754 15.054891 -3.477043
v -6.318544 15.774204 -3.477043
v -7.250095 15.175886 -3.864347
v -6.423884 15.895199 -3.864347
v -7.144754 15.054891 -4.251651
v -6.318544 15.774204 -4.251651
v -6.266938 15.714929 -3.444489
v -7.093148 14.995615 -3.444489
v -6.266938 15.714929 -4.284205
v -7.093148 14.995615 -4.284205
v -6.358063 15.819595 -3.864347
v -7.184273 15.100283 -3.864347
v -7.144754 15.054891 -2.616335
v -6.318543 15.774204 -2.616335
v -7.250095 15.175886 -3.003639
v -6.423884 15.895199 -3.003639
v -7.144754 15.054891 -3.390944
v -6.318544 15.774204 -3.390944
v -6.266938 15.714929 -2.583781
v -7.093148 14.995615 -2.583781
v -6.266938 15.714929 -3.423497
v -7.093148 14.995615 -3.423497
v -6.358063 15.819595 -3.003639
v -7.184273 15.100283 -3.003639
v -7.144754 15.054891 -1.755626
v -6.318543 15.774204 -1.755626
v -7.250095 15.175886 -2.142930
v -6.423884 15.895199 -2.142930
v -7.144754 15.054891 -2.530234
v -6.318543 15.774204 -2.530234
v -6.266938 15.714929 -1.723073
v -7.093148 14.995615 -1.723073
v -6.266938 15.714929 -2.562788
v -7.093148 14.995615 -2.562788
v -6.358063 15.819595 -2.142930
v -7.184273 15.100283 -2.142930
v -7.144754 15.054891 -0.894917
v -6.318543 15.774204 -0.894917
v -7.250095 15.175886 -1.282222
v -6.423884 15.895199 -1.282222
v -7.144754 15.054891 -1.669526
v -6.318543 15.774204 -1.669526
v -6.266938 15.714929 -0.862364
v -7.093148 14.995615 -0.862364
v -6.266938 15.714929 -1.702079
v -7.093148 14.995615 -1.702079
v -6.358063 15.819595 -1.282222
v -7.184273 15.100283 -1.282222
v -7.144754 15.054891 -0.034208
v -6.318543 15.774204 -0.034208
v -7.250095 15.175886 -0.421513
v -6.423884 15.895199 -0.421513
v -7.144754 15.054891 -0.808817
v -6.318543 15.774204 -0.808817
v -6.266937 15.714929 -0.001656
v -7.093148 14.995615 -0.001656
v -6.266938 15.714929 -0.841371
v -7.093148 14.995615 -0.841371
v -6.358063 15.819595 -0.421513
v -7.184273 15.100283 -0.421513
v -7.144754 15.054891 0.826500
v -6.318543 15.774204 0.826500
v -7.250095 15.175886 0.439196
v -6.423884 15.895199 0.439196
v -7.144754 15.054891 0.051891
v -6.318543 15.774204 0.051891
v -6.266937 15.714929 0.859054
v -7.093148 14.995615 0.859054
v -6.266937 15.714929 0.019339
v -7.093148 14.995615 0.019339
v -6.358063 15.819595 0.439196
v -7.184273 15.100283 0.439196
v -7.144753 15.054891 1.687209
v -6.318543 15.774204 1.687209
v -7.250094 15.175886 1.299905
v -6.423884 15.895199 1.299905
v -7.144754 15.054891 0.912601
v -6.318543 15.774204 0.912601
v -6.266937 15.714929 1.719762
v -7.093148 14.995615 1.719762
v -6.266937 15.714929 0.880047
v -7.093148 14.995615 0.880047
v -6.358062 15.819595 1.299905
v -7.184273 15.100283 1.299905
v -7.144753 15.054891 2.547917
v -6.318543 15.774204 2.547917
v -7.250094 15.175886 2.160613
v -6.423884 15.895199 2.160613
v -7.144753 15.054891 1.773309
v -6.318543 15.774204 1.773309
v -6.266937 15.714929 2.580471
v -7.093148 14.995615 2.580471
v -6.266937 15.714929 1.740756
v -7.093148 14.995615 1.740756
v -6.358062 15.819595 2.160613
v -7.184273 15.100283 2.160613
v -7.144753 15.054891 3.408627
v -6.318543 15.774204 3.408627
v -7.250094 15.175886 3.021322
v -6.423884 15.895199 3.021322
v -7.144753 15.054891 2.634018
v -6.318543 15.774204 2.634018
v -6.266937 15.714929 3.441180
v -7.093148 14.995615 3.441180
v -6.266937 15.714929 2.601464
v -7.093148 14.995615 2.601464
v -6.358062 15.819595 3.021322
v -7.184273 15.100283 3.021322
v -7.144753 15.054891 4.269336
v -6.318543 15.774204 4.269336
v -7.250094 15.175886 3.882031
v -6.423884 15.895199 3.882031
v -7.144753 15.054891 3.494726
v -6.318543 15.774204 3.494726
v -6.266937 15.714929 4.301888
v -7.093147 14.995615 4.301888
v -6.266937 15.714929 3.462173
v -7.093148 14.995615 3.462173
v -6.358062 15.819595 3.882031
v -7.184273 15.100283 3.882031
v -7.144753 15.054891 5.130044
v -6.318543 15.774204 5.130044
v -7.250094 15.175886 4.742740
v -6.423884 15.895199 4.742740
v -7.144753 15.054891 4.355435
v -6.318543 15.774204 4.355435
v -6.266937 15.714929 5.162599
v -7.093147 14.995615 5.162599
v -6.266937 15.714929 4.322883
v -7.093147 14.995615 4.322883
v -6.358062 15.819595 4.742740
v -7.184273 15.100283 4.742740
v -7.144753 15.054891 5.990752
v -6.318543 15.774204 5.990752
v -7.250094 15.175886 5.603448
v -6.423884 15.895199 5.603448
v -7.144753 15.054891 5.216144
v -6.318543 15.774204 5.216144
v -6.266937 15.714929 6.023307
v -7.093147 14.995615 6.023307
v -6.266937 15.714929 5.183591
v -7.093147 14.995615 5.183591
v -6.358062 15.819595 5.603448
v -7.184273 15.100283 5.603448
v -7.144753 15.054891 6.851460
v -6.318543 15.774204 6.851460
v -7.250094 15.175886 6.464156
v -6.423883 15.895199 6.464156
v -7.144753 15.054891 6.076852
v -6.318543 15.774204 6.076852
v -6.266937 15.714929 6.884013
v -7.093147 14.995615 6.884013
v -6.266937 15.714929 6.044299
v -7.093147 14.995615 6.044299
v -6.358062 15.819595 6.464156
v -7.184273 15.100283 6.464156
v -7.144753 15.054891 7.712169
v -6.318543 15.774204 7.712169
v -7.250094 15.175886 7.324864
v -6.423883 15.895199 7.324864
v -7.144753 15.054891 6.937560
v -6.318543 15.774204 6.937560
v -6.266937 15.714929 7.744721
v -7.093147 14.995615 7.744721
v -6.266937 15.714929 6.905005
v -7.093147 14.995615 6.905005
v -6.358062 15.819595 7.324864
v -7.184272 15.100283 7.324864
v -7.144753 15.054891 8.572877
v -6.318542 15.774204 8.572877
v -7.250094 15.175886 8.185573
v -6.423883 15.895199 8.185573
v -7.144753 15.054891 7.798266
v -6.318543 15.774204 7.798266
v -6.266937 15.714929 8.605430
v -7.093147 14.995615 8.605430
v -6.266937 15.714929 7.765714
v -7.093147 14.995615 7.765714
v -6.358062 15.819595 8.185573
v -7.184272 15.100283 8.185573
v -7.144753 15.054891 9.433583
v -6.318542 15.774204 9.433583
v -7.250094 15.175886 9.046279
v -6.423883 15.895199 9.046279
v -7.144753 15.054891 8.658975
v -6.318542 15.774204 8.658975
v -6.266937 15.714929 9.466138
v -7.093147 14.995615 9.466138
v -6.266937 15.714929 8.626422
v -7.093147 14.995615 8.626422
v -6.358062 15.819595 9.046279
v -7.184272 15.100283 9.046279
v -7.144753 15.054891 10.294291
v -6.318542 15.774204 10.294291
v -7.250094 15.175886 9.906987
v -6.423883 15.895199 9.906987
v -7.144753 15.054891 9.519683
v -6.318542 15.774204 9.519683
v -6.266936 15.714929 10.326844
v -7.093147 14.995615 10.326844
v -6.266937 15.714929 9.487130
v -7.093147 14.995615 9.487130
v -6.358062 15.819595 9.906987
v -7.184272 15.100283 9.906987
v -7.144753 15.054891 11.155000
v -6.318542 15.774204 11.155000
v -7.250094 15.175886 10.767695
v -6.423883 15.895199 10.767695
v -7.144753 15.054891 10.380391
v -6.318542 15.774204 10.380391
v -6.266936 15.714929 11.187552
v -7.093147 14.995615 11.187552
v -6.266936 15.714929 10.347836
v -7.093147 14.995615 10.347836
v -6.358062 15.819595 10.767695
v -7.184272 15.100283 10.767695
v -7.144753 15.054891 12.015706
v -6.318542 15.774204 12.015706
v -7.250094 15.175886 11.628402
v -6.423883 15.895199 11.628402
v -7.144753 15.054891 11.241097
v -6.318542 15.774204 11.241097
v -6.266936 15.714929 12.048261
v -7.093147 14.995615 12.048261
v -6.266936 15.714929 11.208545
v -7.093147 14.995615 11.208545
v -6.358062 15.819595 11.628402
v -7.184272 15.100283 11.628402
v -7.144753 15.054891 12.876414
v -6.318542 15.774204 12.876414
v -7.250093 15.175886 12.489110
v -6.423883 15.895199 12.489110
v -7.144753 15.054891 12.101806
v -6.318542 15.774204 12.101806
v -6.266936 15.714929 12.908967
v -7.093147 14.995615 12.908967
v -6.266936 15.714929 12.069253
v -7.093147 14.995615 12.069253
v -6.358061 15.819595 12.489110
v -7.184272 15.100283 12.489110
v -6.365628 15.828285 -12.084131
v -5.539418 16.547598 -12.084131
v -6.470969 15.949281 -12.471435
v -5.644759 16.668594 -12.471435
v -6.365629 15.828285 -12.858739
v -5.539418 16.547598 -12.858739
v -5.487812 16.488323 -12.051578
v -6.314023 15.769010 -12.051577
v -5.487812 16.488323 -12.891293
v -6.314023 15.769010 -12.891293
v -5.578937 16.592991 -12.471435
v -6.405148 15.873676 -12.471435
v -6.365628 15.828285 -11.223422
v -5.539418 16.547598 -11.223422
v -6.470969 15.949281 -11.610726
v -5.644759 16.668594 -11.610726
v -6.365628 15.828285 -11.998031
v -5.539418 16.547598 -11.998031
v -5.487812 16.488323 -11.190868
v -6.314023 15.769010 -11.190868
v -5.487812 16.488323 -12.030584
v -6.314023 15.769010 -12.030584
v -5.578937 16.592991 -11.610726
v -6.405148 15.873676 -11.610726
v -6.365628 15.828285 -10.362714
v -5.539418 16.547598 -10.362714
v -6.470969 15.949281 -10.750017
v -5.644759 16.668594 -10.750018
v -6.365628 15.828285 -11.137321
v -5.539418 16.547598 -11.137321
v -5.487812 16.488323 -10.330160
v -6.314023 15.769010 -10.330160
v -5.487812 16.488323 -11.169876
v -6.314023 15.769010 -11.169876
v -5.578937 16.592991 -10.750018
v -6.405148 15.873676 -10.750017
v -6.365628 15.828285 -9.502006
v -5.539418 16.547598 -9.502006
v -6.470969 15.949281 -9.889309
v -5.644759 16.668594 -9.889309
v -6.365628 15.828285 -10.276613
v -5.539418 16.547598 -10.276613
v -5.487812 16.488323 -9.469452
v -6.314023 15.769010 -9.469452
v -5.487812 16.488323 -10.309167
v -6.314023 15.769010 -10.309167
v -5.578937 16.592991 -9.889309
v -6.405148 15.873676 -9.889309
v -6.365628 15.828285 -8.641296
v -5.539418 16.547598 -8.641296
v -6.470969 15.949281 -9.028601
v -5.644759 16.668594 -9.028601
v -6.365628 15.828285 -9.415904
v -5.539418 16.547598 -9.415904
v -5.487812 16.488323 -8.608743
v -6.314022 15.769010 -8.608743
v -5.487812 16.488323 -9.448459
v -6.314023 15.769010 -9.448459
v -5.578937 16.592991 -9.028601
v -6.405148 15.873676 -9.028601
v -6.365628 15.828285 -7.780588
v -5.539418 16.547598 -7.780588
v -6.470969 15.949281 -8.167892
v -5.644759 16.668594 -8.167892
v -6.365628 15.828285 -8.555196
v -5.539418 16.547598 -8.555196
v -5.487812 16.488323 -7.748034
v -6.314022 15.769010 -7.748034
v -5.487812 16.488323 -8.587749
v -6.314022 15.769010 -8.587749
v -5.578937 16.592991 -8.167892
v -6.405148 15.873676 -8.167892
v -6.365628 15.828285 -6.919879
v -5.539418 16.547598 -6.919879
v -6.470969 15.949281 -7.307183
v -5.644758 16.668594 -7.307183
v -6.365628 15.828285 -7.694487
v -5.539418 16.547598 -7.694487
v -5.487812 16.488323 -6.887325
v -6.314022 15.769010 -6.887325
v -5.487812 16.488323 -7.727041
v -6.314022 15.769010 -7.727041
v -5.578937 16.592991 -7.307183
v -6.405147 15.873676 -7.307183
v -6.365628 15.828285 -6.059170
v -5.539417 16.547598 -6.059170
v -6.470969 15.949281 -6.446474
v -5.644758 16.668594 -6.446474
v -6.365628 15.828285 -6.833778
v -5.539418 16.547598 -6.833778
v -5.487812 16.488323 -6.026616
v -6.314022 15.769010 -6.026616
v -5.487812 16.488323 -6.866333
v -6.314022 15.769010 -6.866333
v -5.578937 16.592991 -6.446474
v -6.405147 15.873676 -6.446474
v -6.365628 15.828285 -5.198462
v -5.539417 16.547598 -5.198462
v -6.470969 15.949281 -5.585765
v -5.644758 16.668594 -5.585765
v -6.365628 15.828285 -5.973069
v -5.539417 16.547598 -5.973069
v -5.487812 16.488323 -5.165907
v -6.314022 15.769010 -5.165907
v -5.487812 16.488323 -6.005624
v -6.314022 15.769010 -6.005624
v -5.578937 16.592991 -5.585765
v -6.405147 15.873676 -5.585765
v -6.365628 15.828285 -4.337752
v -5.539417 16.547598 -4.337752
v -6.470969 15.949281 -4.725057
v -5.644758 16.668594 -4.725057
v -6.365628 15.828285 -5.112360
v -5.539417 16.547598 -5.112360
v -5.487812 16.488323 -4.305198
v -6.314022 15.769010 -4.305198
v -5.487812 16.488323 -5.144915
v -6.314022 15.769010 -5.144915
v -5.578937 16.592991 -4.725057
v -6.405147 15.873676 -4.725057
v -6.365628 15.828285 -3.477043
v -5.539417 16.547598 -3.477043
v -6.470969 15.949281 -3.864347
v -5.644758 16.668594 -3.864347
v -6.365628 15.828285 -4.251651
v -5.539417 16.547598 -4.251651
v -5.487811 16.488323 -3.444489
v -6.314022 15.769010 -3.444489
v -5.487812 16.488323 -4.284205
v -6.314022 15.769010 -4.284205
v -5.578937 16.592991 -3.864347
v -6.405147 15.873676 -3.864347
v -6.365628 15.828285 -2.616335
v -5.539417 16.547598 -2.616335
v -6.470969 15.949281 -3.003639
v -5.644758 16.668594 -3.003639
v -6.365628 15.828285 -3.390944
v -5.539417 16.547598 -3.390944
v -5.487811 16.488323 -2.583781
v -6.314022 15.769010 -2.583781
v -5.487811 16.488323 -3.423497
v -6.314022 15.769010 -3.423497
v -5.578937 16.592991 -3.003639
v -6.405147 15.873676 -3.003639
v -6.365628 15.828285 -1.755626
v -5.539417 16.547598 -1.755626
v -6.470968 15.949281 -2.142930
v -5.644758 16.668594 -2.142930
v -6.365628 15.828285 -2.530234
v -5.539417 16.547598 -2.530234
v -5.487811 16.488323 -1.723073
v -6.314022 15.769010 -1.723073
v -5.487811 16.488323 -2.562788
v -6.314022 15.769010 -2.562788
v -5.578936 16.592991 -2.142930
v -6.405147 15.873676 -2.142930
v -6.365627 15.828285 -0.894917
v -5.539417 16.547598 -0.894917
v -6.470968 15.949281 -1.282222
v -5.644758 16.668594 -1.282222
v -6.365628 15.828285 -1.669526
v -5.539417 16.547598 -1.669526
v -5.487811 16.488323 -0.862364
v -6.314022 15.769010 -0.862364
v -5.487811 16.488323 -1.702079
v -6.314022 15.769010 -1.702079
v -5.578936 16.592991 -1.282222
v -6.405147 15.873676 -1.282222
v -6.365627 15.828285 -0.034208
v -5.539417 16.547598 -0.034208
v -6.470968 15.949281 -0.421513
v -5.644758 16.668594 -0.421513
v -6.365627 15.828285 -0.808817
v -5.539417 16.547598 -0.808817
v -5.487811 16.488323 -0.001656
v -6.314022 15.769010 -0.001656
v -5.487811 16.488323 -0.841371
v -6.314022 15.769010 -0.841371
v -5.578936 16.592991 -0.421513
v -6.405147 15.873676 -0.421513
v -6.365627 15.828285 0.826500
v -5.539417 16.547598 0.826500
v -6.470968 15.949281 0.439196
v -5.644758 16.668594 0.439196
v -6.365627 15.828285 0.051891
v -5.539417 16.547598 0.051891
v -5.487811 16.488323 0.859054
v -6.314022 15.769010 0.859054
v -5.487811 16.488323 0.019339
v -6.314022 15.769010 0.019339
v -5.578936 16.592991 0.439196
v -6.405147 15.873676 0.439196
v -6.365627 15.828285 1.687209
v -5.539417 16.547598 1.687209
v -6.470968 15.949281 1.299905
v -5.644758 16.668594 1.299905
v -6.365627 15.828285 0.912601
v -5.539417 16.547598 0.912601
v -5.487811 16.488323 1.719762
v -6.314021 15.769010 1.719762
v -5.487811 16.488323 0.880047
v -6.314022 15.769010 0.880047
v -5.578936 16.592991 1.299905
v -6.405147 15.873676 1.299905
v -6.365627 15.828285 2.547917
v -5.539417 16.547598 2.547917
v -6.470968 15.949281 2.160613
v -5.644758 16.668594 2.160613
v -6.365627 15.828285 1.773309
v -5.539417 16.547598 1.773309
v -5.487811 16.488323 2.580471
v -6.314021 15.769010 2.580471
v -5.487811 16.488323 1.740756
v -6.314021 15.769010 1.740756
v -5.578936 16.592991 2.160613
v -6.405147 15.873676 2.160613
v -6.365627 15.828285 3.408627
v -5.539417 16.547598 3.408627
v -6.470968 15.949281 3.021322
v -5.644758 16.668594 3.021322
v -6.365627 15.828285 2.634018
v -5.539417 16.547598 2.634018
v -5.487811 16.488323 3.441180
v -6.314021 15.769010 3.441180
v -5.487811 16.488323 2.601464
v -6.314021 15.769010 2.601464
v -5.578936 16.592991 3.021322
v -6.405147 15.873676 3.021322
v -6.365627 15.828285 4.269336
v -5.539416 16.547598 4.269336
v -6.470968 15.949281 3.882031
v -5.644757 16.668594 3.882031
v -6.365627 15.828285 3.494726
v -5.539417 16.547598 3.494726
v -5.487811 16.488323 4.301888
v -6.314021 15.769010 4.301888
v -5.487811 16.488323 3.462173
v -6.314021 15.769010 3.462173
v -5.578936 16.592991 3.882031
v -6.405146 15.873676 3.882031
v -6.365627 15.828285 5.130044
v -5.539416 16.547598 5.130044
v -6.470968 15.949281 4.742740
v -5.644757 16.668594 4.742740
v -6.365627 15.828285 4.355435
v -5.539416 16.547598 4.355435
v -5.487811 16.488323 5.162599
v -6.314021 15.769010 5.162599
v -5.487811 16.488323 4.322883
v -6.314021 15.769010 4.322883
v -5.578936 16.592991 4.742740
v -6.405146 15.873676 4.742740
v -6.365627 15.828285 5.990752
v -5.539416 16.547598 5.990752
v -6.470968 15.949281 5.603448
v -5.644757 16.668594 5.603448
v -6.365627 15.828285 5.216144
v -5.539416 16.547598 5.216144
v -5.487811 16.488323 6.023307
v -6.314021 15.769010 6.023307
v -5.487811 16.488323 5.183591
v -6.314021 15.769010 5.183591
v -5.578936 16.592991 5.603448
v -6.405146 15.873676 5.603448
v -6.365627 15.828285 6.851460
v -5.539416 16.547598 6.851460
v -6.470968 15.949281 6.464156
v -5.644757 16.668594 6.464156
v -6.365627 15.828285 6.076852
v -5.539416 16.547598 6.076852
v -5.487811 16.488323 6.884013
v -6.314021 15.769010 6.884013
v -5.487811 16.488323 6.044299
v -6.314021 15.769010 6.044299
v -5.578936 16.592991 6.464156
v -6.405146 15.873676 6.464156
v -6.365627 15.828285 7.712169
v -5.539416 16.547598 7.712169
v -6.470968 15.949281 7.324864
v -5.644757 16.668594 7.324864
v -6.365627 15.828285 6.937560
v -5.539416 16.547598 6.937560
v -5.487810 16.488323 7.744721
v -6.314021 15.769010 7.744721
v -5.487811 16.488323 6.905005
v -6.314021 15.769010 6.905005
v -5.578936 16.592991 7.324864
v -6.405146 15.873676 7.324864
v -6.365627 15.828285 8.572877
v -5.539416 16.547598 8.572877
v -6.470968 15.949281 8.185573
v -5.644757 16.668594 8.185573
v -6.365627 15.828285 7.798266
v -5.539416 16.547598 7.798266
v -5.487810 16.488323 8.605430
v -6.314021 15.769010 8.605430
v -5.487810 16.488323 7.765714
v -6.314021 15.769010 7.765714
v -5.578936 16.592991 8.185573
v -6.405146 15.873676 8.185573
v -6.365627 15.828285 9.433583
v -5.539416 16.547598 9.433583
v -6.470967 15.949281 9.046279
v -5.644757 16.668594 9.046279
v -6.365627 15.828285 8.658975
v -5.539416 16.547598 8.658975
v -5.487810 16.488323 9.466138
v -6.314021 15.769010 9.466138
v -5.487810 16.488323 8.626422
v -6.314021 15.769010 8.626422
v -5.578935 16.592991 9.046279
v -6.405146 15.873676 9.046279
v -6.365626 15.828285 10.294291
v -5.539416 16.547598 10.294291
v -6.470967 15.949281 9.906987
v -5.644757 16.668594 9.906987
v -6.365627 15.828285 9.519683
v -5.539416 16.547598 9.519683
v -5.487810 16.488323 10.326844
v -6.314021 15.769010 10.326844
v -5.487810 16.488323 9.487130
v -6.314021 15.769010 9.487130
v -5.578935 16.592991 9.906987
v -6.405146 15.873676 9.906987
v -6.365626 15.828285 11.155000
v -5.539416 16.547598 11.155000
v -6.470967 15.949281 10.767695
v -5.644757 16.668594 10.767695
v -6.365626 15.828285 10.380391
v -5.539416 16.547598 10.380391
v -5.487810 16.488323 11.187552
v -6.314021 15.769010 11.187552
v -5.487810 16.488323 10.347836
v -6.314021 15.769010 10.347836
v -5.578935 16.592991 10.767695
v -6.405146 15.873676 10.767695
v -6.365626 15.828285 12.015706
v -5.539416 16.547598 12.015706
v -6.470967 15.949281 11.628402
v -5.644757 16.668594 11.628402
v -6.365626 15.828285 11.241097
v -5.539416 16.547598 11.241097
v -5.487810 16.488323 12.048261
v -6.314021 15.769010 12.048261
v -5.487810 16.488323 11.208545
v -6.314021 15.769010 11.208545
v -5.578935 16.592991 11.628402
v -6.405146 15.873676 11.628402
v -6.365626 15.828285 12.876414
v -5.539416 16.547598 12.876414
v -6.470967 15.949281 12.489110
v -5.644757 16.668594 12.489110
v -6.365626 15.828285 12.101806
v -5.539416 16.547598 12.101806
v -5.487810 16.488323 12.908967
v -6.314020 15.769010 12.908967
v -5.487810 16.488323 12.069253
v -6.314021 15.769010 12.069253
v -5.578935 16.592991 12.489110
v -6.405146 15.873676 12.489110
v -5.586502 16.601679 -12.084131
v -4.760292 17.320992 -12.084131
v -5.691843 16.722675 -12.471435
v -4.865633 17.441988 -12.471436
v -5.586502 16.601679 -12.858739
v -4.760292 17.320992 -12.858739
v -4.708685 17.261717 -12.051578
v -5.534896 16.542404 -12.051578
v -4.708686 17.261717 -12.891293
v -5.534896 16.542404 -12.891293
v -4.799811 17.366383 -12.471436
v -5.626021 16.647072 -12.471435
v -5.586502 16.601679 -11.223422
v -4.760292 17.320992 -11.223423
v -5.691843 16.722675 -11.610726
v -4.865633 17.441988 -11.610726
v -5.586502 16.601679 -11.998031
v -4.760292 17.320992 -11.998031
v -4.708685 17.261717 -11.190868
v -5.534896 16.542404 -11.190868
v -4.708685 17.261717 -12.030584
v -5.534896 16.542404 -12.030584
v -4.799810 17.366383 -11.610726
v -5.626021 16.647072 -11.610726
v -5.586502 16.601679 -10.362714
v -4.760292 17.320992 -10.362714
v -5.691843 16.722675 -10.750017
v -4.865633 17.441988 -10.750018
v -5.586502 16.601679 -11.137321
v -4.760292 17.320992 -11.137321
v -4.708685 17.261717 -10.330160
v -5.534896 16.542404 -10.330160
v -4.708685 17.261717 -11.169876
v -5.534896 16.542404 -11.169876
v -4.799810 17.366383 -10.750018
v -5.626021 16.647072 -10.750018
v -5.586502 16.601679 -9.502006
v -4.760292 17.320992 -9.502006
v -5.691843 16.722675 -9.889309
v -4.865632 17.441988 -9.889309
v -5.586502 16.601679 -10.276613
v -4.760292 17.320992 -10.276613
v -4.708685 17.261717 -9.469452
v -5.534896 16.542404 -9.469452
v -4.708685 17.261717 -10.309167
v -5.534896 16.542404 -10.309167
v -4.799810 17.366383 -9.889309
v -5.626021 16.647072 -9.889309
v -5.586502 16.601679 -8.641296
v -4.760291 17.320992 -8.641296
v -5.691843 16.722675 -9.028601
v -4.865632 17.441988 -9.028601
v -5.586502 16.601679 -9.415904
v -4.760292 17.320992 -9.415904
v -4.708685 17.261717 -8.608743
v -5.534896 16.542404 -8.608743
v -4.708685 17.261717 -9.448459
v -5.534896 16.542404 -9.448459
v -4.799810 17.366383 -9.028601
v -5.626021 16.647072 -9.028601
v -5.586502 16.601679 -7.780588
v -4.760291 17.320992 -7.780588
v -5.691843 16.722675 -8.167892
v -4.865632 17.441988 -8.167892
v -5.586502 16.601679 -8.555196
v -4.760291 17.320992 -8.555196
v -4.708685 17.261717 -7.748034
v -5.534896 16.542404 -7.748034
v -4.708685 17.261717 -8.587749
v -5.534896 16.542404 -8.587749
v -4.799810 17.366383 -8.167892
v -5.626021 16.647072 -8.167892
v -5.586502 16.601679 -6.919879
v -4.760291 17.320992 -6.919879
v -5.691843 16.722675 -7.307183
v -4.865632 17.441988 -7.307183
v -5.586502 16.601679 -7.694487
v -4.760291 17.320992 -7.694487
v -4.708685 17.261717 -6.887325
v -5.534896 16.542404 -6.887325
v -4.708685 17.261717 -7.727041
v -5.534896 16.542404 -7.727041
v -4.799810 17.366383 -7.307183
v -5.626021 16.647072 -7.307183
v -5.586502 16.601679 -6.059170
v -4.760291 17.320992 -6.059170
v -5.691843 16.722675 -6.446474
v -4.865632 17.441988 -6.446474
v -5.586502 16.601679 -6.833778
v -4.760291 17.320992 -6.833778
v -4.708685 17.261717 -6.026616
v -5.534895 16.542404 -6.026616
v -4.708685 17.261717 -6.866333
v -5.534896 16.542404 -6.866333
v -4.799810 17.366383 -6.446474
v -5.626020 16.647072 -6.446474
v -5.586502 16.601679 -5.198462
v -4.760291 17.320992 -5.198462
v -5.691843 16.722675 -5.585765
v -4.865632 17.441988 -5.585765
v -5.586502 16.601679 -5.973069
v -4.760291 17.320992 -5.973069
v -4.708685 17.261717 -5.165907
v -5.534895 16.542404 -5.165907
v -4.708685 17.261717 -6.005624
v -5.534895 16.542404 -6.005624
v -4.799810 17.366383 -5.585765
v -5.626020 16.647072 -5.585765
v -5.586502 16.601679 -4.337752
v -4.760291 17.320992 -4.337753
v -5.691843 16.722675 -4.725057
v -4.865632 17.441988 -4.725057
v -5.586502 16.601679 -5.112360
v -4.760291 17.320992 -5.112360
v -4.708685 17.261717 -4.305199
v -5.534895 16.542404 -4.305198
v -4.708685 17.261717 -5.144915
v -5.534895 16.542404 -5.144915
v -4.799810 17.366383 -4.725057
v -5.626020 16.647072 -4.725057
v -5.586501 16.601679 -3.477043
v -4.760291 17.320992 -3.477044
v -5.691842 16.722675 -3.864347
v -4.865632 17.441988 -3.864348
v -5.586502 16.601679 -4.251651
v -4.760291 17.320992 -4.251652
v -4.708685 17.261717 -3.444490
v -5.534895 16.542404 -3.444489
v -4.708685 17.261717 -4.284206
v -5.534895 16.542404 -4.284205
v -4.799810 17.366383 -3.864348
v -5.626020 16.647072 -3.864347
v -5.586501 16.601679 -2.616335
v -4.760291 17.320992 -2.616336
v -5.691842 16.722675 -3.003639
v -4.865632 17.441988 -3.003640
v -5.586501 16.601679 -3.390944
v -4.760291 17.320992 -3.390944
v -4.708685 17.261717 -2.583782
v -5.534895 16.542404 -2.583781
v -4.708685 17.261717 -3.423498
v -5.534895 16.542404 -3.423497
v -4.799810 17.366383 -3.003640
v -5.626020 16.647072 -3.003639
v -5.586501 16.601679 -1.755626
v -4.760291 17.320992 -1.755627
v -5.691842 16.722675 -2.142930
v -4.865632 17.441988 -2.142931
v -5.586501 16.601679 -2.530234
v -4.760291 17.320992 -2.530235
v -4.708685 17.261717 -1.723074
v -5.534895 16.542404 -1.723073
v -4.708685 17.261717 -2.562789
v -5.534895 16.542404 -2.562788
v -4.799810 17.366383 -2.142931
v -5.626020 16.647072 -2.142930
v -5.586501 16.601679 -0.894917
v -4.760291 17.320992 -0.894918
v -5.691842 16.722675 -1.282222
v -4.865632 17.441988 -1.282223
v -5.586501 16.601679 -1.669526
v -4.760291 17.320992 -1.669527
v -4.708684 17.261717 -0.862365
v -5.534895 16.542404 -0.862364
v -4.708685 17.261717 -1.702080
v -5.534895 16.542404 -1.702079
v -4.799810 17.366383 -1.282223
v -5.626020 16.647072 -1.282222
v -5.586501 16.601679 -0.034208
v -4.760291 17.320992 -0.034209
v -5.691842 16.722675 -0.421513
v -4.865632 17.441988 -0.421514
v -5.586501 16.601679 -0.808817
v -4.760291 17.320992 -0.808818
v -4.708684 17.261717 -0.001657
v -5.534895 16.542404 -0.001656
v -4.708684 17.261717 -0.841372
v -5.534895 16.542404 -0.841371
v -4.799809 17.366383 -0.421514
v -5.626020 16.647072 -0.421513
v -5.586501 16.601679 0.826500
v -4.760291 17.320992 0.826499
v -5.691842 16.722675 0.439196
v -4.865632 17.441988 0.439195
v -5.586501 16.601679 0.051891
v -4.760291 17.320992 0.051890
v -4.708684 17.261717 0.859053
v -5.534895 16.542404 0.859054
v -4.708684 17.261717 0.019338
v -5.534895 16.542404 0.019339
v -4.799809 17.366383 0.439195
v -5.626020 16.647072 0.439196
v -5.586501 16.601679 1.687209
v -4.760290 17.320992 1.687208
v -5.691842 16.722675 1.299905
v -4.865631 17.441988 1.299904
v -5.586501 16.601679 0.912601
v -4.760291 17.320992 0.912600
v -4.708684 17.261717 1.719761
v -5.534895 16.542404 1.719762
v -4.708684 17.261717 0.880046
v -5.534895 16.542404 0.880047
v -4.799809 17.366383 1.299904
v -5.626020 16.647072 1.299905
v -5.586501 16.601679 2.547917
v -4.760290 17.320992 2.547916
v -5.691842 16.722675 2.160613
v -4.865631 17.441988 2.160612
v -5.586501 16.601679 1.773309
v -4.760290 17.320992 1.773308
v -4.708684 17.261717 2.580470
v -5.534895 16.542404 2.580471
v -4.708684 17.261717 1.740755
v -5.534895 16.542404 1.740756
v -4.799809 17.366383 2.160612
v -5.626020 16.647072 2.160613
v -5.586501 16.601679 3.408627
v -4.760290 17.320992 3.408626
v -5.691842 16.722675 3.021322
v -4.865631 17.441988 3.021321
v -5.586501 16.601679 2.634018
v -4.760290 17.320992 2.634017
v -4.708684 17.261717 3.441179
v -5.534895 16.542404 3.441180
v -4.708684 17.261717 2.601463
v -5.534895 16.542404 2.601464
v -4.799809 17.366383 3.021321
v -5.626020 16.647072 3.021322
v -5.586501 16.601679 4.269336
v -4.760290 17.320992 4.269336
v -5.691842 16.722675 3.882031
v -4.865631 17.441988 3.882031
v -5.586501 16.601679 3.494726
v -4.760290 17.320992 3.494725
v -4.708684 17.261717 4.301888
v -5.534894 16.542404 4.301888
v -4.708684 17.261717 3.462173
v -5.534895 16.542404 3.462173
v -4.799809 17.366383 3.882031
v -5.626020 16.647072 3.882031
v -5.586501 16.601679 5.130044
v -4.760290 17.320992 5.130044
v -5.691842 16.722675 4.742740
v -4.865631 17.441988 4.742740
v -5.586501 16.601679 4.355435
v -4.760290 17.320992 4.355435
v -4.708684 17.261717 5.162599
v -5.534894 16.542404 5.162599
v -4.708684 17.261717 4.322883
v -5.534894 16.542404 4.322883
v -4.799809 17.366383 4.742740
v -5.626019 16.647072 4.742740
v -5.586501 16.601679 5.990752
v -4.760290 17.320992 5.990752
v -5.691842 16.722675 5.603448
v -4.865631 17.441988 5.603448
v -5.586501 16.601679 5.216144
v -4.760290 17.320992 5.216144
v -4.708684 17.261717 6.023307
v -5.534894 16.542404 6.023307
v -4.708684 17.261717 5.183591
v -5.534894 16.542404 5.183591
v -4.799809 17.366383 5.603448
v -5.626019 16.647072 5.603448
v -5.586501 16.601679 6.851460
v -4.760290 17.320992 6.851460
v -5.691841 16.722675 6.464156
v -4.865631 17.441988 6.464156
v -5.586501 16.601679 6.076852
v -4.760290 17.320992 6.076852
v -4.708684 17.261717 6.884013
v -5.534894 16.542404 6.884013
v -4.708684 17.261717 6.044299
v -5.534894 16.542404 6.044299
v -4.799809 17.366383 6.464156
v -5.626019 16.647072 6.464156
v -5.586500 16.601679 7.712169
v -4.760290 17.320992 7.712169
v -5.691841 16.722675 7.324864
v -4.865631 17.441988 7.324864
v -5.586501 16.601679 6.937560
v -4.760290 17.320992 6.937560
v -4.708684 17.261717 7.744721
v -5.534894 16.542404 7.744721
v -4.708684 17.261717 6.905005
v -5.534894 16.542404 6.905005
v -4.799809 17.366383 7.324864
v -5.626019 16.647072 7.324864
v -5.586500 16.601679 8.572877
v -4.760290 17.320992 8.572877
v -5.691841 16.722675 8.185573
v -4.865631 17.441988 8.185573
v -5.586500 16.601679 7.798266
v -4.760290 17.320992 7.798266
v -4.708684 17.261717 8.605430
v -5.534894 16.542404 8.605430
v -4.708684 17.261717 7.765714
v -5.534894 16.542404 7.765714
v -4.799809 17.366383 8.185573
v -5.626019 16.647072 8.185573
v -5.586500 16.601679 9.433583
v -4.760290 17.320992 9.433583
v -5.691841 16.722675 9.046279
v -4.865631 17.441988 9.046279
v -5.586500 16.601679 8.658975
v -4.760290 17.320992 8.658975
v -4.708684 17.261717 9.466138
v -5.534894 16.542404 9.466138
v -4.708684 17.261717 8.626422
v -5.534894 16.542404 8.626422
v -4.799809 17.366383 9.046279
v -5.626019 16.647072 9.046279
v -5.586500 16.601679 10.294291
v -4.760290 17.320992 10.294291
v -5.691841 16.722675 9.906987
v -4.865631 17.441988 9.906987
v -5.586500 16.601679 9.519683
v -4.760290 17.320992 9.519683
v -4.708683 17.261717 10.326844
v -5.534894 16.542404 10.326844
v -4.708684 17.261717 9.487130
v -5.534894 16.542404 9.487130
v -4.799809 17.366383 9.906987
v -5.626019 16.647072 9.906987
v -5.586500 16.601679 11.155000
v -4.760290 17.320992 11.155000
v -5.691841 16.722675 10.767695
v -4.865631 17.441988 10.767695
v -5.586500 16.601679 10.380391
v -4.760290 17.320992 10.380391
v -4.708683 17.261717 11.187552
v -5.534894 16.542404 11.187552
v -4.708683 17.261717 10.347836
v -5.534894 16.542404 10.347836
v -4.799809 17.366383 10.767695
v -5.626019 16.647072 10.767695
v -5.586500 16.601679 12.015706
v -4.760290 17.320992 12.015706
v -5.691841 16.722675 11.628402
v -4.865631 17.441988 11.628402
v -5.586500 16.601679 11.241097
v -4.760290 17.320992 11.241097
v -4.708683 17.261717 12.048261
v -5.534894 16.542404 12.048261
v -4.708683 17.261717 11.208545
v -5.534894 16.542404 11.208545
v -4.799809 17.366383 11.628402
v -5.626019 16.647072 11.628402
v -5.586500 16.601679 12.876414
v -4.760289 17.320992 12.876414
v -5.691841 16.722675 12.489110
v -4.865630 17.441988 12.489110
v -5.586500 16.601679 12.101806
v -4.760290 17.320992 12.101806
v -4.708683 17.261717 12.908967
v -5.534894 16.542404 12.908967
v -4.708683 17.261717 12.069253
v -5.534894 16.542404 12.069253
v -4.799809 17.366383 12.489110
v -5.626019 16.647072 12.489110
v -4.807375 17.375072 -12.084131
v -3.981164 18.094385 -12.084131
v -4.912716 17.496069 -12.471436
v -4.086505 18.215382 -12.471436
v -4.807376 17.375072 -12.858739
v -3.981165 18.094385 -12.858739
v -3.929559 18.035110 -12.051578
v -4.755770 17.315798 -12.051578
v -3.929559 18.035110 -12.891293
v -4.755770 17.315798 -12.891293
v -4.020684 18.139778 -12.471436
v -4.846895 17.420465 -12.471436
v -4.807375 17.375072 -11.223423
v -3.981164 18.094385 -11.223423
v -4.912716 17.496069 -11.610726
v -4.086505 18.215382 -11.610726
v -4.807375 17.375072 -11.998031
v -3.981164 18.094385 -11.998031
v -3.929559 18.035110 -11.190868
v -4.755770 17.315798 -11.190868
v -3.929559 18.035110 -12.030584
v -4.755770 17.315798 -12.030584
v -4.020684 18.139778 -11.610726
v -4.846895 17.420465 -11.610726
v -4.807375 17.375072 -10.362714
v -3.981164 18.094385 -10.362714
v -4.912716 17.496069 -10.750018
v -4.086505 18.215382 -10.750018
v -4.807375 17.375072 -11.137321
v -3.981164 18.094385 -11.137321
v -3.929559 18.035110 -10.330160
v -4.755770 17.315798 -10.330160
v -3.929559 18.035110 -11.169876
v -4.755770 17.315798 -11.169876
v -4.020684 18.139778 -10.750018
v -4.846895 17.420465 -10.750018
v -4.807375 17.375072 -9.502006
v -3.981164 18.094385 -9.502006
v -4.912716 17.496069 -9.889309
v -4.086505 18.215382 -9.889309
v -4.807375 17.375072 -10.276613
v -3.981164 18.094385 -10.276613
v -3.929559 18.035110 -9.469452
v -4.755770 17.315798 -9.469452
v -3.929559 18.035110 -10.309168
v -4.755770 17.315798 -10.309167
v -4.020684 18.139778 -9.889309
v -4.846895 17.420465 -9.889309
v -4.807375 17.375072 -8.641296
v -3.981164 18.094385 -8.641296
v -4.912716 17.496069 -9.028601
v -4.086505 18.215382 -9.028601
v -4.807375 17.375072 -9.415904
v -3.981164 18.094385 -9.415905
v -3.929558 18.035110 -8.608743
v -4.755769 17.315798 -8.608743
v -3.929559 18.035110 -9.448459
v -4.755770 17.315798 -9.448459
v -4.020683 18.139778 -9.028601
v -4.846894 17.420465 -9.028601
v -4.807375 17.375072 -7.780588
v -3.981164 18.094385 -7.780588
v -4.912716 17.496069 -8.167892
v -4.086505 18.215382 -8.167892
v -4.807375 17.375072 -8.555196
v -3.981164 18.094385 -8.555196
v -3.929558 18.035110 -7.748034
v -4.755769 17.315798 -7.748034
v -3.929558 18.035110 -8.587749
v -4.755769 17.315798 -8.587749
v -4.020683 18.139778 -8.167892
v -4.846894 17.420465 -8.167892
v -4.807375 17.375072 -6.919879
v -3.981164 18.094385 -6.919879
v -4.912716 17.496069 -7.307183
v -4.086505 18.215382 -7.307183
v -4.807375 17.375072 -7.694487
v -3.981164 18.094385 -7.694487
v -3.929558 18.035110 -6.887325
v -4.755769 17.315798 -6.887325
v -3.929558 18.035110 -7.727041
v -4.755769 17.315798 -7.727041
v -4.020683 18.139778 -7.307183
v -4.846894 17.420465 -7.307183
v -4.807375 17.375072 -6.059170
v -3.981164 18.094385 -6.059170
v -4.912716 17.496069 -6.446474
v -4.086505 18.215382 -6.446474
v -4.807375 17.375072 -6.833778
v -3.981164 18.094385 -6.833778
v -3.929558 18.035110 -6.026616
v -4.755769 17.315798 -6.026616
v -3.929558 18.035110 -6.866333
v -4.755769 17.315798 -6.866333
v -4.020683 18.139778 -6.446474
v -4.846894 17.420465 -6.446474
v -4.807375 17.375072 -5.198462
v -3.981164 18.094385 -5.198462
v -4.912716 17.496069 -5.585765
v -4.086505 18.215382 -5.585765
v -4.807375 17.375072 -5.973069
v -3.981164 18.094385 -5.973069
v -3.929558 18.035110 -5.165907
v -4.755769 17.315798 -5.165907
v -3.929558 18.035110 -6.005624
v -4.755769 17.315798 -6.005624
v -4.020683 18.139778 -5.585765
v -4.846894 17.420465 -5.585765
v -4.807375 17.375072 -4.337753
v -3.981164 18.094385 -4.337753
v -4.912716 17.496069 -4.725057
v -4.086505 18.215382 -4.725057
v -4.807375 17.375072 -5.112360
v -3.981164 18.094385 -5.112360
v -3.929558 18.035110 -4.305199
v -4.755769 17.315798 -4.305199
v -3.929558 18.035110 -5.144915
v -4.755769 17.315798 -5.144915
v -4.020683 18.139778 -4.725057
v -4.846894 17.420465 -4.725057
v -4.807375 17.375072 -3.477044
v -3.981164 18.094385 -3.477044
v -4.912716 17.496069 -3.864348
v -4.086505 18.215382 -3.864348
v -4.807375 17.375072 -4.251652
v -3.981164 18.094385 -4.251652
v -3.929558 18.035110 -3.444490
v -4.755769 17.315798 -3.444490
v -3.929558 18.035110 -4.284206
v -4.755769 17.315798 -4.284206
v -4.020683 18.139778 -3.864348
v -4.846894 17.420465 -3.864348
v -4.807375 17.375072 -2.616336
v -3.981164 18.094385 -2.616336
v -4.912716 17.496069 -3.003640
v -4.086505 18.215382 -3.003640
v -4.807375 17.375072 -3.390944
v -3.981164 18.094385 -3.390944
v -3.929558 18.035110 -2.583782
v -4.755769 17.315798 -2.583782
v -3.929558 18.035110 -3.423498
v -4.755769 17.315798 -3.423498
v -4.020683 18.139778 -3.003640
v -4.846894 17.420465 -3.003640
v -4.807375 17.375072 -1.755627
v -3.981164 18.094385 -1.755627
v -4.912716 17.496069 -2.142931
v -4.086505 18.215382 -2.142931
v -4.807375 17.375072 -2.530235
v -3.981164 18.094385 -2.530235
v -3.929558 18.035110 -1.723074
v -4.755769 17.315798 -1.723074
v -3.929558 18.035110 -2.562789
v -4.755769 17.315798 -2.562789
v -4.020683 18.139778 -2.142931
v -4.846894 17.420465 -2.142931
v -4.807374 17.375072 -0.894918
v -3.981164 18.094385 -0.894918
v -4.912715 17.496069 -1.282223
v -4.086504 18.215382 -1.282223
v -4.807375 17.375072 -1.669527
v -3.981164 18.094385 -1.669527
v -3.929558 18.035110 -0.862365
v -4.755769 17.315798 -0.862365
v -3.929558 18.035110 -1.702080
v -4.755769 17.315798 -1.702080
v -4.020683 18.139778 -1.282223
v -4.846894 17.420465 -1.282223
v -4.807374 17.375072 -0.034209
v -3.981164 18.094385 -0.034209
v -4.912715 17.496069 -0.421514
v -4.086504 18.215382 -0.421514
v -4.807374 17.375072 -0.808818
v -3.981164 18.094385 -0.808818
v -3.929558 18.035110 -0.001657
v -4.755769 17.315798 -0.001657
v -3.929558 18.035110 -0.841372
v -4.755769 17.315798 -0.841372
v -4.020683 18.139778 -0.421514
v -4.846894 17.420465 -0.421514
v -4.807374 17.375072 0.826499
v -3.981164 18.094385 0.826499
v -4.912715 17.496069 0.439195
v -4.086504 18.215382 0.439195
v -4.807374 17.375072 0.051890
v -3.981164 18.094385 0.051890
v -3.929558 18.035110 0.859053
v -4.755769 17.315798 0.859053
v -3.929558 18.035110 0.019338
v -4.755769 17.315798 0.019338
v -4.020683 18.139778 0.439195
v -4.846894 17.420465 0.439195
v -4.807374 17.375072 1.687208
v -3.981164 18.094385 1.687208
v -4.912715 17.496069 1.299904
v -4.086504 18.215382 1.299904
v -4.807374 17.375072 0.912600
v -3.981164 18.094385 0.912600
v -3.929557 18.035110 1.719761
v -4.755768 17.315798 1.719761
v -3.929558 18.035110 0.880046
v -4.755769 17.315798 0.880046
v -4.020683 18.139778 1.299904
v -4.846894 17.420465 1.299904
v -4.807374 17.375072 2.547916
v -3.981164 18.094385 2.547916
v -4.912715 17.496069 2.160612
v -4.086504 18.215382 2.160612
v -4.807374 17.375072 1.773308
v -3.981164 18.094385 1.773308
v -3.929557 18.035110 2.580470
v -4.755768 17.315798 2.580470
v -3.929557 18.035110 1.740755
v -4.755768 17.315798 1.740755
v -4.020682 18.139778 2.160612
v -4.846893 17.420465 2.160612
v -4.807374 17.375072 3.408626
v -3.981164 18.094385 3.408626
v -4.912715 17.496069 3.021321
v -4.086504 18.215382 3.021321
v -4.807374 17.375072 2.634017
v -3.981164 18.094385 2.634017
v -3.929557 18.035110 3.441179
v -4.755768 17.315798 3.441179
v -3.929557 18.035110 2.601463
v -4.755768 17.315798 2.601463
v -4.020682 18.139778 3.021321
v -4.846893 17.420465 3.021321
v -4.807374 17.375072 4.269336
v -3.981163 18.094385 4.269336
v -4.912715 17.496069 3.882031
v -4.086504 18.215382 3.882031
v -4.807374 17.375072 3.494725
v -3.981164 18.094385 3.494725
v -3.929557 18.035110 4.301888
v -4.755768 17.315798 4.301888
v -3.929557 18.035110 3.462173
v -4.755768 17.315798 3.462173
v -4.020682 18.139778 3.882031
v -4.846893 17.420465 3.882031
v -4.807374 17.375072 5.130044
v -3.981163 18.094385 5.130044
v -4.912715 17.496069 4.742740
v -4.086504 18.215382 4.742740
v -4.807374 17.375072 4.355435
v -3.981163 18.094385 4.355435
v -3.929557 18.035110 5.162599
v -4.755768 17.315798 5.162599
v -3.929557 18.035110 4.322883
v -4.755768 17.315798 4.322883
v -4.020682 18.139778 4.742740
v -4.846893 17.420465 4.742740
v -4.807374 17.375072 5.990752
v -3.981163 18.094385 5.990752
v -4.912715 17.496069 5.603448
v -4.086504 18.215382 5.603448
v -4.807374 17.375072 5.216144
v -3.981163 18.094385 5.216144
v -3.929557 18.035110 6.023307
v -4.755768 17.315798 6.023307
v -3.929557 18.035110 5.183591
v -4.755768 17.315798 5.183591
v -4.020682 18.139778 5.603448
v -4.846893 17.420465 5.603448
v -4.807374 17.375072 6.851460
v -3.981163 18.094385 6.851460
v -4.912715 17.496069 6.464156
v -4.086504 18.215382 6.464156
v -4.807374 17.375072 6.076852
v -3.981163 18.094385 6.076852
v -3.929557 18.035110 6.884013
v -4.755768 17.315798 6.884013
v -3.929557 18.035110 6.044299
v -4.755768 17.315798 6.044299
v -4.020682 18.139778 6.464156
v -4.846893 17.420465 6.464156
v -4.807374 17.375072 7.712169
v -3.981163 18.094385 7.712169
v -4.912715 17.496069 7.324864
v -4.086504 18.215382 7.324864
v -4.807374 17.375072 6.937560
v -3.981163 18.094385 6.937560
v -3.929557 18.035110 7.744721
v -4.755768 17.315798 7.744721
v -3.929557 18.035110 6.905005
v -4.755768 17.315798 6.905005
v -4.020682 18.139778 7.324864
v -4.846893 17.420465 7.324864
v -4.807374 17.375072 8.572877
v -3.981163 18.094385 8.572877
v -4.912715 17.496069 8.185573
v -4.086504 18.215382 8.185573
v -4.807374 17.375072 7.798266
v -3.981163 18.094385 7.798266
v -3.929557 18.035110 8.605430
v -4.755768 17.315798 8.605430
v -3.929557 18.035110 7.765714
v -4.755768 17.315798 7.765714
v -4.020682 18.139778 8.185573
v -4.846893 17.420465 8.185573
v -4.807374 17.375072 9.433583
v -3.981163 18.094385 9.433583
v -4.912714 17.496069 9.046279
v -4.086504 18.215382 9.046279
v -4.807374 17.375072 8.658975
v -3.981163 18.094385 8.658975
v -3.929557 18.035110 9.466138
v -4.755768 17.315798 9.466138
v -3.929557 18.035110 8.626422
v -4.755768 17.315798 8.626422
v -4.020682 18.139778 9.046279
v -4.846893 17.420465 9.046279
v -4.807374 17.375072 10.294291
v -3.981163 18.094385 10.294291
v -4.912714 17.496069 9.906987
v -4.086504 18.215382 9.906987
v -4.807374 17.375072 9.519683
v -3.981163 18.094385 9.519683
v -3.929557 18.035110 10.326844
v -4.755768 17.315798 10.326844
v -3.929557 18.035110 9.487130
v -4.755768 17.315798 9.487130
v -4.020682 18.139778 9.906987
v -4.846893 17.420465 9.906987
v -4.807374 17.375072 11.155000
v -3.981163 18.094385 11.155000
v -4.912714 17.496069 10.767695
v -4.086504 18.215382 10.767695
v -4.807374 17.375072 10.380391
v -3.981163 18.094385 10.380391
v -3.929557 18.035110 11.187552
v -4.755768 17.315798 11.187552
v -3.929557 18.035110 10.347836
v -4.755768 17.315798 10.347836
v -4.020682 18.139778 10.767695
v -4.846893 17.420465 10.767695
v -4.807374 17.375072 12.015706
v -3.981163 18.094385 12.015706
v -4.912714 17.496069 11.628402
v -4.086504 18.215382 11.628402
v -4.807374 17.375072 11.241097
v -3.981163 18.094385 11.241097
v -3.929557 18.035110 12.048261
v -4.755768 17.315798 12.048261
v -3.929557 18.035110 11.208545
v -4.755768 17.315798 11.208545
v -4.020682 18.139778 11.628402
v -4.846893 17.420465 11.628402
v -4.807374 17.375072 12.876414
v -3.981163 18.094385 12.876414
v -4.912714 17.496069 12.489110
v -4.086504 18.215382 12.489110
v -4.807374 17.375072 12.101806
v -3.981163 18.094385 12.101806
v -3.929556 18.035110 12.908967
v -4.755767 17.315798 12.908967
v -3.929557 18.035110 12.069253
v -4.755768 17.315798 12.069253
v -4.020681 18.139778 12.489110
v -4.846892 17.420465 12.489110
v -4.028249 18.148468 -12.084131
v -3.202038 18.867779 -12.084131
v -4.133590 18.269463 -12.471436
v -3.307379 18.988775 -12.471436
v -4.028249 18.148468 -12.858739
v -3.202038 18.867779 -12.858739
v -3.150432 18.808504 -12.051578
v -3.976643 18.089191 -12.051578
v -3.150433 18.808504 -12.891294
v -3.976643 18.089191 -12.891293
v -3.241558 18.913172 -12.471436
v -4.067768 18.193859 -12.471436
v -4.028249 18.148468 -11.223423
v -3.202038 18.867779 -11.223423
v -4.133590 18.269463 -11.610726
v -3.307379 18.988775 -11.610726
v -4.028249 18.148468 -11.998031
v -3.202038 18.867779 -11.998031
v -3.150432 18.808504 -11.190868
v -3.976643 18.089191 -11.190868
v -3.150432 18.808504 -12.030584
v -3.976643 18.089191 -12.030584
v -3.241557 18.913172 -11.610726
v -4.067768 18.193859 -11.610726
v -4.028249 18.148468 -10.362714
v -3.202038 18.867779 -10.362714
v -4.133590 18.269463 -10.750018
v -3.307379 18.988775 -10.750018
v -4.028249 18.148468 -11.137321
v -3.202038 18.867779 -11.137322
v -3.150432 18.808504 -10.330160
v -3.976643 18.089191 -10.330160
v -3.150432 18.808504 -11.169876
v -3.976643 18.089191 -11.169876
v -3.241557 18.913172 -10.750018
v -4.067768 18.193859 -10.750018
v -4.028248 18.148468 -9.502006
v -3.202038 18.867779 -9.502006
v -4.133590 18.269463 -9.889309
v -3.307379 18.988775 -9.889309
v -4.028249 18.148468 -10.276613
v -3.202038 18.867779 -10.276613
v -3.150432 18.808504 -9.469452
v -3.976643 18.089191 -9.469452
v -3.150432 18.808504 -10.309168
v -3.976643 18.089191 -10.309168
v -3.241557 18.913172 -9.889309
v -4.067768 18.193859 -9.889309
v -4.028248 18.148468 -8.641296
v -3.202038 18.867779 -8.641296
v -4.133589 18.269463 -9.028601
v -3.307379 18.988775 -9.028601
v -4.028248 18.148468 -9.415905
v -3.202038 18.867779 -9.415905
v -3.150432 18.808504 -8.608743
v -3.976643 18.089191 -8.608743
v -3.150432 18.808504 -9.448459
v -3.976643 18.089191 -9.448459
v -3.241557 18.913172 -9.028601
v -4.067768 18.193859 -9.028601
v -4.028248 18.148468 -7.780588
v -3.202038 18.867779 -7.780588
v -4.133589 18.269463 -8.167892
v -3.307379 18.988775 -8.167892
v -4.028248 18.148468 -8.555196
v -3.202038 18.867779 -8.555196
v -3.150432 18.808504 -7.748034
v -3.976643 18.089191 -7.748034
v -3.150432 18.808504 -8.587749
v -3.976643 18.089191 -8.587749
v -3.241557 18.913172 -8.167892
v -4.067768 18.193859 -8.167892
v -4.028248 18.148468 -6.919879
v -3.202038 18.867779 -6.919879
v -4.133589 18.269463 -7.307183
v -3.307379 18.988775 -7.307183
v -4.028248 18.148468 -7.694487
v -3.202038 18.867779 -7.694487
v -3.150432 18.808504 -6.887325
v -3.976642 18.089191 -6.887325
v -3.150432 18.808504 -7.727041
v -3.976643 18.089191 -7.727041
v -3.241557 18.913172 -7.307183
v -4.067768 18.193859 -7.307183
v -4.028248 18.148468 -6.059170
v -3.202038 18.867779 -6.059170
v -4.133589 18.269463 -6.446474
v -3.307379 18.988775 -6.446474
v -4.028248 18.148468 -6.833778
v -3.202038 18.867779 -6.833778
v -3.150432 18.808504 -6.026616
v -3.976642 18.089191 -6.026616
v -3.150432 18.808504 -6.866333
v -3.976642 18.089191 -6.866333
v -3.241557 18.913172 -6.446474
v -4.067767 18.193859 -6.446474
v -4.028248 18.148468 -5.198462
v -3.202038 18.867779 -5.198462
v -4.133589 18.269463 -5.585765
v -3.307379 18.988775 -5.585765
v -4.028248 18.148468 -5.973069
v -3.202038 18.867779 -5.973069
v -3.150432 18.808504 -5.165907
v -3.976642 18.089191 -5.165907
v -3.150432 18.808504 -6.005624
v -3.976642 18.089191 -6.005624
v -3.241557 18.913172 -5.585765
v -4.067767 18.193859 -5.585765
v -4.028248 18.148468 -4.337753
v -3.202037 18.867779 -4.337753
v -4.133589 18.269463 -4.725057
v -3.307379 18.988775 -4.725057
v -4.028248 18.148468 -5.112360
v -3.202038 18.867779 -5.112360
v -3.150432 18.808504 -4.305199
v -3.976642 18.089191 -4.305199
v -3.150432 18.808504 -5.144915
v -3.976642 18.089191 -5.144915
v -3.241557 18.913172 -4.725057
v -4.067767 18.193859 -4.725057
v -4.028248 18.148468 -3.477044
v -3.202037 18.867779 -3.477044
v -4.133589 18.269463 -3.864348
v -3.307378 18.988775 -3.864348
v -4.028248 18.148468 -4.251652
v -3.202037 18.867779 -4.251652
v -3.150432 18.808504 -3.444490
v -3.976642 18.089191 -3.444490
v -3.150432 18.808504 -4.284206
v -3.976642 18.089191 -4.284206
v -3.241557 18.913172 -3.864348
v -4.067767 18.193859 -3.864348
v -4.028248 18.148468 -2.616336
v -3.202037 18.867779 -2.616336
v -4.133589 18.269463 -3.003640
v -3.307378 18.988775 -3.003640
v -4.028248 18.148468 -3.390944
v -3.202037 18.867779 -3.390944
v -3.150432 18.808504 -2.583782
v -3.976642 18.089191 -2.583782
v -3.150432 18.808504 -3.423498
v -3.976642 18.089191 -3.423498
v -3.241557 18.913172 -3.003640
v -4.067767 18.193859 -3.003640
v -4.028248 18.148468 -1.755627
v -3.202037 18.867779 -1.755627
v -4.133589 18.269463 -2.142931
v -3.307378 18.988775 -2.142931
v -4.028248 18.148468 -2.530235
v -3.202037 18.867779 -2.530235
v -3.150431 18.808504 -1.723074
v -3.976642 18.089191 -1.723074
v -3.150432 18.808504 -2.562789
v -3.976642 18.089191 -2.562789
v -3.241557 18.913172 -2.142931
v -4.067767 18.193859 -2.142931
v -4.028248 18.148468 -0.894918
v -3.202037 18.867779 -0.894918
v -4.133589 18.269463 -1.282223
v -3.307378 18.988775 -1.282223
v -4.028248 18.148468 -1.669527
v -3.202037 18.867779 -1.669527
v -3.150431 18.808504 -0.862365
v -3.976642 18.089191 -0.862365
v -3.150431 18.808504 -1.702080
v -3.976642 18.089191 -1.702080
v -3.241557 18.913172 -1.282223
v -4.067767 18.193859 -1.282223
v -4.028248 18.148468 -0.034209
v -3.202037 18.867779 -0.034209
v -4.133589 18.269463 -0.421514
v -3.307378 18.988775 -0.421514
v -4.028248 18.148468 -0.808818
v -3.202037 18.867779 -0.808818
v -3.150431 18.808504 -0.001657
v -3.976642 18.089191 -0.001657
v -3.150431 18.808504 -0.841372
v -3.976642 18.089191 -0.841372
v -3.241556 18.913172 -0.421514
v -4.067767 18.193859 -0.421514
v -4.028247 18.148468 0.826499
v -3.202037 18.867779 0.826499
v -4.133589 18.269463 0.439195
v -3.307378 18.988775 0.439195
v -4.028248 18.148468 0.051890
v -3.202037 18.867779 0.051890
v -3.150431 18.808504 0.859053
v -3.976642 18.089191 0.859053
v -3.150431 18.808504 0.019338
v -3.976642 18.089191 0.019338
v -3.241556 18.913172 0.439195
v -4.067767 18.193859 0.439195
v -4.028247 18.148468 1.687208
v -3.202037 18.867779 1.687208
v -4.133589 18.269463 1.299904
v -3.307378 18.988775 1.299904
v -4.028247 18.148468 0.912600
v -3.202037 18.867779 0.912600
v -3.150431 18.808504 1.719761
v -3.976642 18.089191 1.719761
v -3.150431 18.808504 0.880046
v -3.976642 18.089191 0.880046
v -3.241556 18.913172 1.299904
v -4.067767 18.193859 1.299904
v -4.028247 18.148468 2.547916
v -3.202037 18.867779 2.547916
v -4.133588 18.269463 2.160612
v -3.307378 18.988775 2.160612
v -4.028247 18.148468 1.773308
v -3.202037 18.867779 1.773308
v -3.150431 18.808504 2.580470
v -3.976642 18.089191 2.580470
v -3.150431 18.808504 1.740755
v -3.976642 18.089191 1.740755
v -3.241556 18.913172 2.160612
v -4.067767 18.193859 2.160612
v -4.028247 18.148468 3.408626
v -3.202037 18.867779 3.408626
v -4.133588 18.269463 3.021321
v -3.307378 18.988775 3.021321
v -4.028247 18.148468 2.634017
v -3.202037 18.867779 2.634017
v -3.150431 18.808504 3.441179
v -3.976642 18.089191 3.441179
v -3.150431 18.808504 2.601463
v -3.976642 18.089191 2.601463
v -3.241556 18.913172 3.021321
v -4.067767 18.193859 3.021321
v -4.028247 18.148468 4.269336
v -3.202037 18.867779 4.269336
v -4.133588 18.269463 3.882031
v -3.307378 18.988775 3.882031
v -4.028247 18.148468 3.494725
v -3.202037 18.867779 3.494725
v -3.150431 18.808504 4.301888
v -3.976641 18.089191 4.301888
v -3.150431 18.808504 3.462173
v -3.976642 18.089191 3.462173
v -3.241556 18.913172 3.882031
v -4.067767 18.193859 3.882031
v -4.028247 18.148468 5.130044
v -3.202037 18.867779 5.130044
v -4.133588 18.269463 4.742740
v -3.307378 18.988775 4.742740
v -4.028247 18.148468 4.355435
v -3.202037 18.867779 4.355435
v -3.150431 18.808504 5.162599
v -3.976641 18.089191 5.162599
v -3.150431 18.808504 4.322883
v -3.976641 18.089191 4.322883
v -3.241556 18.913172 4.742740
v -4.067766 18.193859 4.742740
v -4.028247 18.148468 5.990752
v -3.202037 18.867779 5.990752
v -4.133588 18.269463 5.603448
v -3.307378 18.988775 5.603448
v -4.028247 18.148468 5.216144
v -3.202037 18.867779 5.216144
v -3.150431 18.808504 6.023307
v -3.976641 18.089191 6.023307
v -3.150431 18.808504 5.183591
v -3.976641 18.089191 5.183591
v -3.241556 18.913172 5.603448
v -4.067766 18.193859 5.603448
v -4.028247 18.148468 6.851460
v -3.202036 18.867779 6.851460
v -4.133588 18.269463 6.464156
v -3.307378 18.988775 6.464156
v -4.028247 18.148468 6.076852
v -3.202037 18.867779 6.076852
v -3.150431 18.808504 6.884013
v -3.976641 18.089191 6.884013
v -3.150431 18.808504 6.044299
v -3.976641 18.089191 6.044299
v -3.241556 18.913172 6.464156
v -4.067766 18.193859 6.464156
v -4.028247 18.148468 7.712169
v -3.202036 18.867779 7.712169
v -4.133588 18.269463 7.324864
v -3.307377 18.988775 7.324864
v -4.028247 18.148468 6.937560
v -3.202036 18.867779 6.937560
v -3.150431 18.808504 7.744721
v -3.976641 18.089191 7.744721
v -3.150431 18.808504 6.905005
v -3.976641 18.089191 6.905005
v -3.241556 18.913172 7.324864
v -4.067766 18.193859 7.324864
v -4.028247 18.148468 8.572877
v -3.202036 18.867779 8.572877
v -4.133588 18.269463 8.185573
v -3.307377 18.988775 8.185573
v -4.028247 18.148468 7.798266
v -3.202036 18.867779 7.798266
v -3.150431 18.808504 8.605430
v -3.976641 18.089191 8.605430
v -3.150431 18.808504 7.765714
v -3.976641 18.089191 7.765714
v -3.241556 18.913172 8.185573
v -4.067766 18.193859 8.185573
v -4.028247 18.148468 9.433583
v -3.202036 18.867779 9.433583
v -4.133588 18.269463 9.046279
v -3.307377 18.988775 9.046279
v -4.028247 18.148468 8.658975
v -3.202036 18.867779 8.658975
v -3.150430 18.808504 9.466138
v -3.976641 18.089191 9.466138
v -3.150431 18.808504 8.626422
v -3.976641 18.089191 8.626422
v -3.241556 18.913172 9.046279
v -4.067766 18.193859 9.046279
v -4.028247 18.148468 10.294291
v -3.202036 18.867779 10.294291
v -4.133588 18.269463 9.906987
v -3.307377 18.988775 9.906987
v -4.028247 18.148468 9.519683
v -3.202036 18.867779 9.519683
v -3.150430 18.808504 10.326844
v -3.976641 18.089191 10.326844
v -3.150430 18.808504 9.487130
v -3.976641 18.089191 9.487130
v -3.241555 18.913172 9.906987
v -4.067766 18.193859 9.906987
v -4.028247 18.148468 11.155000
v -3.202036 18.867779 11.155000
v -4.133588 18.269463 10.767695
v -3.307377 18.988775 10.767695
v -4.028247 18.148468 10.380391
v -3.202036 18.867779 10.380391
v -3.150430 18.808504 11.187552
v -3.976641 18.089191 11.187552
v -3.150430 18.808504 10.347836
v -3.976641 18.089191 10.347836
v -3.241555 18.913172 10.767695
v -4.067766 18.193859 10.767695
v -4.028246 18.148468 12.015706
v -3.202036 18.867779 12.015706
v -4.133588 18.269463 11.628402
v -3.307377 18.988775 11.628402
v -4.028247 18.148468 11.241097
v -3.202036 18.867779 11.241097
v -3.150430 18.808504 12.048261
v -3.976641 18.089191 12.048261
v -3.150430 18.808504 11.208545
v -3.976641 18.089191 11.208545
v -3.241555 18.913172 11.628402
v -4.067766 18.193859 11.628402
v -4.028246 18.148468 12.876414
v -3.202036 18.867779 12.876414
v -4.133587 18.269463 12.489110
v -3.307377 18.988775 12.489110
v -4.028246 18.148468 12.101806
v -3.202036 18.867779 12.101806
v -3.150430 18.808504 12.908967
v -3.976641 18.089191 12.908967
v -3.150430 18.808504 12.069253
v -3.976641 18.089191 12.069253
v -3.241555 18.913172 12.489110
v -4.067766 18.193859 12.489110
v -3.249122 18.921860 -12.084131
v -2.422912 19.641174 -12.084131
v -3.354463 19.042856 -12.471436
v -2.528253 19.762169 -12.471436
v -3.249122 18.921860 -12.858739
v -2.422912 19.641174 -12.858739
v -2.371305 19.581898 -12.051578
v -3.197516 18.862585 -12.051578
v -2.371305 19.581898 -12.891294
v -3.197516 18.862585 -12.891294
v -2.462431 19.686565 -12.471436
v -3.288641 18.967253 -12.471436
v -3.249122 18.921860 -11.223423
v -2.422912 19.641174 -11.223423
v -3.354463 19.042856 -11.610726
v -2.528253 19.762169 -11.610726
v -3.249122 18.921860 -11.998031
v -2.422912 19.641174 -11.998031
v -2.371305 19.581898 -11.190868
v -3.197516 18.862585 -11.190868
v -2.371305 19.581898 -12.030584
v -3.197516 18.862585 -12.030584
v -2.462431 19.686565 -11.610726
v -3.288641 18.967253 -11.610726
v -3.249122 18.921860 -10.362714
v -2.422912 19.641174 -10.362714
v -3.354463 19.042856 -10.750018
v -2.528253 19.762169 -10.750018
v -3.249122 18.921860 -11.137321
v -2.422912 19.641174 -11.137321
v -2.371305 19.581898 -10.330160
v -3.197516 18.862585 -10.330160
v -2.371305 19.581898 -11.169876
v -3.197516 18.862585 -11.169876
v -2.462431 19.686565 -10.750018
v -3.288641 18.967253 -10.750018
v -3.249122 18.921860 -9.502006
v -2.422912 19.641174 -9.502006
v -3.354463 19.042856 -9.889309
v -2.528253 19.762169 -9.889309
v -3.249122 18.921860 -10.276613
v -2.422912 19.641174 -10.276613
v -2.371305 19.581898 -9.469452
v -3.197516 18.862585 -9.469452
v -2.371305 19.581898 -10.309168
v -3.197516 18.862585 -10.309168
v -2.462430 19.686565 -9.889309
v -3.288641 18.967253 -9.889309
v -3.249122 18.921860 -8.641296
v -2.422912 19.641174 -8.641296
v -3.354463 19.042856 -9.028601
v -2.528253 19.762169 -9.028601
v -3.249122 18.921860 -9.415905
v -2.422912 19.641174 -9.415905
v -2.371305 19.581898 -8.608743
v -3.197516 18.862585 -8.608743
v -2.371305 19.581898 -9.448459
v -3.197516 18.862585 -9.448459
v -2.462430 19.686565 -9.028601
v -3.288641 18.967253 -9.028601
v -3.249122 18.921860 -7.780588
v -2.422911 19.641174 -7.780588
v -3.354463 19.042856 -8.167892
v -2.528252 19.762169 -8.167892
v -3.249122 18.921860 -8.555196
v -2.422912 19.641174 -8.555196
v -2.371305 19.581898 -7.748034
v -3.197516 18.862585 -7.748034
v -2.371305 19.581898 -8.587749
v -3.197516 18.862585 -8.587749
v -2.462430 19.686565 -8.167892
v -3.288641 18.967253 -8.167892
v -3.249122 18.921860 -6.919879
v -2.422911 19.641174 -6.919879
v -3.354463 19.042856 -7.307183
v -2.528252 19.762169 -7.307183
v -3.249122 18.921860 -7.694487
v -2.422911 19.641174 -7.694487
v -2.371305 19.581898 -6.887325
v -3.197516 18.862585 -6.887325
v -2.371305 19.581898 -7.727042
v -3.197516 18.862585 -7.727041
v -2.462430 19.686565 -7.307183
v -3.288641 18.967253 -7.307183
v -3.249122 18.921860 -6.059170
v -2.422911 19.641174 -6.059171
v -3.354463 19.042856 -6.446474
v -2.528252 19.762169 -6.446475
v -3.249122 18.921860 -6.833778
v -2.422911 19.641174 -6.833778
v -2.371305 19.581898 -6.026617
v -3.197516 18.862585 -6.026616
v -2.371305 19.581898 -6.866333
v -3.197516 18.862585 -6.866333
v -2.462430 19.686565 -6.446475
v -3.288641 18.967253 -6.446474
v -3.249122 18.921860 -5.198462
v -2.422911 19.641174 -5.198462
v -3.354463 19.042856 -5.585765
v -2.528252 19.762169 -5.585766
v -3.249122 18.921860 -5.973069
v -2.422911 19.641174 -5.973070
v -2.371305 19.581898 -5.165908
v -3.197515 18.862585 -5.165907
v -2.371305 19.581898 -6.005624
v -3.197516 18.862585 -6.005624
v -2.462430 19.686565 -5.585766
v -3.288641 18.967253 -5.585765
v -3.249122 18.921860 -4.337753
v -2.422911 19.641174 -4.337753
v -3.354463 19.042856 -4.725057
v -2.528252 19.762169 -4.725057
v -3.249122 18.921860 -5.112360
v -2.422911 19.641174 -5.112361
v -2.371305 19.581898 -4.305199
v -3.197515 18.862585 -4.305199
v -2.371305 19.581898 -5.144915
v -3.197515 18.862585 -5.144915
v -2.462430 19.686565 -4.725057
v -3.288641 18.967253 -4.725057
v -3.249122 18.921860 -3.477044
v -2.422911 19.641174 -3.477044
v -3.354463 19.042856 -3.864348
v -2.528252 19.762169 -3.864348
v -3.249122 18.921860 -4.251652
v -2.422911 19.641174 -4.251652
v -2.371305 19.581898 -3.444490
v -3.197515 18.862585 -3.444490
v -2.371305 19.581898 -4.284206
v -3.197515 18.862585 -4.284206
v -2.462430 19.686565 -3.864348
v -3.288640 18.967253 -3.864348
v -3.249122 18.921860 -2.616336
v -2.422911 19.641174 -2.616336
v -3.354462 19.042856 -3.003640
v -2.528252 19.762169 -3.003640
v -3.249122 18.921860 -3.390944
v -2.422911 19.641174 -3.390944
v -2.371305 19.581898 -2.583782
v -3.197515 18.862585 -2.583782
v -2.371305 19.581898 -3.423498
v -3.197515 18.862585 -3.423498
v -2.462430 19.686565 -3.003640
v -3.288640 18.967253 -3.003640
v -3.249121 18.921860 -1.755627
v -2.422911 19.641174 -1.755627
v -3.354462 19.042856 -2.142931
v -2.528252 19.762169 -2.142931
v -3.249121 18.921860 -2.530235
v -2.422911 19.641174 -2.530235
v -2.371305 19.581898 -1.723074
v -3.197515 18.862585 -1.723074
v -2.371305 19.581898 -2.562789
v -3.197515 18.862585 -2.562789
v -2.462430 19.686565 -2.142931
v -3.288640 18.967253 -2.142931
v -3.249121 18.921860 -0.894918
v -2.422911 19.641174 -0.894918
v -3.354462 19.042856 -1.282223
v -2.528252 19.762169 -1.282223
v -3.249121 18.921860 -1.669527
v -2.422911 19.641174 -1.669527
v -2.371305 19.581898 -0.862365
v -3.197515 18.862585 -0.862365
v -2.371305 19.581898 -1.702080
v -3.197515 18.862585 -1.702080
v -2.462430 19.686565 -1.282223
v -3.288640 18.967253 -1.282223
v -3.249121 18.921860 -0.034209
v -2.422911 19.641174 -0.034209
v -3.354462 19.042856 -0.421514
v -2.528252 19.762169 -0.421514
v -3.249121 18.921860 -0.808818
v -2.422911 19.641174 -0.808818
v -2.371305 19.581898 -0.001657
v -3.197515 18.862585 -0.001657
v -2.371305 19.581898 -0.841372
v -3.197515 18.862585 -0.841372
v -2.462430 19.686565 -0.421514
v -3.288640 18.967253 -0.421514
v -3.249121 18.921860 0.826499
v -2.422911 19.641174 0.826499
v -3.354462 19.042856 0.439195
v -2.528252 19.762169 0.439195
v -3.249121 18.921860 0.051890
v -2.422911 19.641174 0.051890
v -2.371305 19.581898 0.859053
v -3.197515 18.862585 0.859053
v -2.371305 19.581898 0.019338
v -3.197515 18.862585 0.019338
v -2.462430 19.686565 0.439195
v -3.288640 18.967253 0.439195
v -3.249121 18.921860 1.687208
v -2.422911 19.641174 1.687208
v -3.354462 19.042856 1.299904
v -2.528252 19.762169 1.299904
v -3.249121 18.921860 0.912600
v -2.422911 19.641174 0.912600
v -2.371305 19.581898 1.719761
v -3.197515 18.862585 1.719761
v -2.371305 19.581898 0.880046
v -3.197515 18.862585 0.880046
v -2.462430 19.686565 1.299904
v -3.288640 18.967253 1.299904
v -3.249121 18.921860 2.547916
v -2.422911 19.641174 2.547916
v -3.354462 19.042856 2.160612
v -2.528252 19.762169 2.160612
v -3.249121 18.921860 1.773308
v -2.422911 19.641174 1.773308
v -2.371305 19.581898 2.580470
v -3.197515 18.862585 2.580470
v -2.371305 19.581898 1.740755
v -3.197515 18.862585 1.740755
v -2.462430 19.686565 2.160612
v -3.288640 18.967253 2.160612
v -3.249121 18.921860 3.408626
v -2.422910 19.641174 3.408626
v -3.354462 19.042856 3.021321
v -2.528251 19.762169 3.021321
v -3.249121 18.921860 2.634017
v -2.422911 19.641174 2.634017
v -2.371305 19.581898 3.441179
v -3.197515 18.862585 3.441179
v -2.371305 19.581898 2.601463
v -3.197515 18.862585 2.601463
v -2.462430 19.686565 3.021321
v -3.288640 18.967253 3.021321
v -3.249121 18.921860 4.269336
v -2.422910 19.641174 4.269336
v -3.354462 19.042856 3.882031
v -2.528251 19.762169 3.882031
v -3.249121 18.921860 3.494725
v -2.422910 19.641174 3.494725
v -2.371305 19.581898 4.301888
v -3.197515 18.862585 4.301888
v -2.371305 19.581898 3.462173
v -3.197515 18.862585 3.462173
v -2.462430 19.686565 3.882031
v -3.288640 18.967253 3.882031
v -3.249121 18.921860 5.130044
v -2.422910 19.641174 5.130044
v -3.354462 19.042856 4.742740
v -2.528251 19.762169 4.742740
v -3.249121 18.921860 4.355435
v -2.422910 19.641174 4.355435
v -2.371305 19.581898 5.162599
v -3.197515 18.862585 5.162599
v -2.371305 19.581898 4.322883
v -3.197515 18.862585 4.322883
v -2.462430 19.686565 4.742740
v -3.288640 18.967253 4.742740
v -3.249121 18.921860 5.990752
v -2.422910 19.641174 5.990752
v -3.354462 19.042856 5.603448
v -2.528251 19.762169 5.603448
v -3.249121 18.921860 5.216144
v -2.422910 19.641174 5.216144
v -2.371305 19.581898 6.023307
v -3.197515 18.862585 6.023307
v -2.371305 19.581898 5.183591
v -3.197515 18.862585 5.183591
v -2.462429 19.686565 5.603448
v -3.288640 18.967253 5.603448
v -3.249121 18.921860 6.851460
v -2.422910 19.641174 6.851460
v -3.354462 19.042856 6.464156
v -2.528251 19.762169 6.464156
v -3.249121 18.921860 6.076852
v -2.422910 19.641174 6.076852
v -2.371305 19.581898 6.884013
v -3.197515 18.862585 6.884013
v -2.371305 19.581898 6.044299
v -3.197515 18.862585 6.044299
v -2.462429 19.686565 6.464156
v -3.288640 18.967253 6.464156
v -3.249121 18.921860 7.712169
v -2.422910 19.641174 7.712169
v -3.354462 19.042856 7.324864
v -2.528251 19.762169 7.324864
v -3.249121 18.921860 6.937560
v -2.422910 19.641174 6.937560
v -2.371305 19.581898 7.744721
v -3.197515 18.862585 7.744721
v -2.371305 19.581898 6.905005
v -3.197515 18.862585 6.905005
v -2.462429 19.686565 7.324864
v -3.288640 18.967253 7.324864
v -3.249120 18.921860 8.572877
v -2.422910 19.641174 8.572877
v -3.354461 19.042856 8.185573
v -2.528251 19.762169 8.185573
v -3.249121 18.921860 7.798266
v -2.422910 19.641174 7.798266
v -2.371304 19.581898 8.605430
v -3.197515 18.862585 8.605430
v -2.371305 19.581898 7.765714
v -3.197515 18.862585 7.765714
v -2.462429 19.686565 8.185573
v -3.288640 18.967253 8.185573
v -3.249120 18.921860 9.433583
v -2.422910 19.641174 9.433583
v -3.354461 19.042856 9.046279
v -2.528251 19.762169 9.046279
v -3.249120 18.921860 8.658975
v -2.422910 19.641174 8.658975
v -2.371304 19.581898 9.466138
v -3.197515 18.862585 9.466138
v -2.371304 19.581898 8.626422
v -3.197515 18.862585 8.626422
v -2.462429 19.686565 9.046279
v -3.288640 18.967253 9.046279
v -3.249120 18.921860 10.294291
v -2.422910 19.641174 10.294291
v -3.354461 19.042856 9.906987
v -2.528251 19.762169 9.906987
v -3.249120 18.921860 9.519683
v -2.422910 19.641174 9.519683
v -2.371304 19.581898 10.326844
v -3.197515 18.862585 10.326844
v -2.371304 19.581898 9.487130
v -3.197515 18.862585 9.487130
v -2.462429 19.686565 9.906987
v -3.288640 18.967253 9.906987
v -3.249120 18.921860 11.155000
v -2.422910 19.641174 11.155000
v -3.354461 19.042856 10.767695
v -2.528251 19.762169 10.767695
v -3.249120 18.921860 10.380391
v -2.422910 19.641174 10.380391
v -2.371304 19.581898 11.187552
v -3.197515 18.862585 11.187552
v -2.371304 19.581898 10.347836
v -3.197515 18.862585 10.347836
v -2.462429 19.686565 10.767695
v -3.288640 18.967253 10.767695
v -3.249120 18.921860 12.015706
v -2.422910 19.641174 12.015706
v -3.354461 19.042856 11.628402
v -2.528251 19.762169 11.628402
v -3.249120 18.921860 11.241097
v -2.422910 19.641174 11.241097
v -2.371304 19.581898 12.048261
v -3.197514 18.862585 12.048261
v -2.371304 19.581898 11.208545
v -3.197515 18.862585 11.208545
v -2.462429 19.686565 11.628402
v -3.288639 18.967253 11.628402
v -3.249120 18.921860 12.876414
v -2.422910 19.641174 12.876414
v -3.354461 19.042856 12.489110
v -2.528251 19.762169 12.489110
v -3.249120 18.921860 12.101806
v -2.422910 19.641174 12.101806
v -2.371304 19.581898 12.908967
v -3.197514 18.862585 12.908967
v -2.371304 19.581898 12.069253
v -3.197514 18.862585 12.069253
v -2.462429 19.686565 12.489110
v -3.288639 18.967253 12.489110
v -2.469995 19.695255 -12.084131
v -1.643785 20.414566 -12.084131
v -2.575337 19.816250 -12.471436
v -1.749126 20.535564 -12.471436
v -2.469996 19.695255 -12.858739
v -1.643785 20.414566 -12.858739
v -1.592180 20.355293 -12.051578
v -2.418390 19.635979 -12.051578
v -1.592180 20.355293 -12.891294
v -2.418390 19.635979 -12.891294
v -1.683305 20.459961 -12.471436
v -2.509515 19.740646 -12.471436
v -2.469995 19.695255 -11.223423
v -1.643785 20.414566 -11.223423
v -2.575337 19.816250 -11.610726
v -1.749126 20.535564 -11.610726
v -2.469995 19.695255 -11.998031
v -1.643785 20.414566 -11.998031
v -1.592180 20.355293 -11.190868
v -2.418390 19.635979 -11.190868
v -1.592180 20.355293 -12.030584
v -2.418390 19.635979 -12.030584
v -1.683305 20.459961 -11.610726
v -2.509515 19.740646 -11.610726
v -2.469995 19.695255 -10.362714
v -1.643785 20.414566 -10.362714
v -2.575336 19.816250 -10.750018
v -1.749126 20.535564 -10.750018
v -2.469995 19.695255 -11.137321
v -1.643785 20.414566 -11.137322
v -1.592179 20.355293 -10.330160
v -2.418390 19.635979 -10.330160
v -1.592180 20.355293 -11.169876
v -2.418390 19.635979 -11.169876
v -1.683305 20.459961 -10.750018
v -2.509515 19.740646 -10.750018
v -2.469995 19.695255 -9.502006
v -1.643785 20.414566 -9.502006
v -2.575336 19.816250 -9.889309
v -1.749126 20.535564 -9.889309
v -2.469995 19.695255 -10.276613
v -1.643785 20.414566 -10.276613
v -1.592179 20.355293 -9.469452
v -2.418390 19.635979 -9.469452
v -1.592179 20.355293 -10.309168
v -2.418390 19.635979 -10.309168
v -1.683305 20.459961 -9.889309
v -2.509515 19.740646 -9.889309
v -2.469995 19.695255 -8.641296
v -1.643785 20.414566 -8.641296
v -2.575336 19.816250 -9.028601
v -1.749126 20.535564 -9.028601
v -2.469995 19.695255 -9.415905
v -1.643785 20.414566 -9.415905
v -1.592179 20.355293 -8.608743
v -2.418389 19.635979 -8.608743
v -1.592179 20.355293 -9.448459
v -2.418390 19.635979 -9.448459
v -1.683305 20.459961 -9.028601
v -2.509515 19.740646 -9.028601
v -2.469995 19.695255 -7.780588
v -1.643785 20.414566 -7.780588
v -2.575336 19.816250 -8.167892
v -1.749126 20.535564 -8.167892
v -2.469995 19.695255 -8.555196
v -1.643785 20.414566 -8.555196
v -1.592179 20.355293 -7.748034
v -2.418389 19.635979 -7.748034
v -1.592179 20.355293 -8.587749
v -2.418389 19.635979 -8.587749
v -1.683305 20.459961 -8.167892
v -2.509515 19.740646 -8.167892
v -2.469995 19.695255 -6.919879
v -1.643785 20.414566 -6.919879
v -2.575336 19.816250 -7.307183
v -1.749126 20.535564 -7.307183
v -2.469995 19.695255 -7.694487
v -1.643785 20.414566 -7.694487
v -1.592179 20.355293 -6.887325
v -2.418389 19.635979 -6.887325
v -1.592179 20.355293 -7.727042
v -2.418389 19.635979 -7.727042
v -1.683305 20.459961 -7.307183
v -2.509515 19.740646 -7.307183
v -2.469995 19.695255 -6.059171
v -1.643785 20.414566 -6.059171
v -2.575336 19.816250 -6.446475
v -1.749126 20.535564 -6.446475
v -2.469995 19.695255 -6.833778
v -1.643785 20.414566 -6.833778
v -1.592179 20.355293 -6.026617
v -2.418389 19.635979 -6.026617
v -1.592179 20.355293 -6.866333
v -2.418389 19.635979 -6.866333
v -1.683305 20.459961 -6.446475
v -2.509514 19.740646 -6.446475
v -2.469995 19.695255 -5.198462
v -1.643785 20.414566 -5.198462
v -2.575336 19.816250 -5.585766
v -1.749126 20.535564 -5.585766
v -2.469995 19.695255 -5.973070
v -1.643785 20.414566 -5.973070
v -1.592179 20.355293 -5.165908
v -2.418389 19.635979 -5.165908
v -1.592179 20.355293 -6.005624
v -2.418389 19.635979 -6.005624
v -1.683305 20.459961 -5.585766
v -2.509514 19.740646 -5.585766
v -2.469995 19.695255 -4.337753
v -1.643785 20.414566 -4.337753
v -2.575336 19.816250 -4.725057
v -1.749126 20.535564 -4.725057
v -2.469995 19.695255 -5.112361
v -1.643785 20.414566 -5.112361
v -1.592179 20.355293 -4.305199
v -2.418389 19.635979 -4.305199
v -1.592179 20.355293 -5.144915
v -2.418389 19.635979 -5.144915
v -1.683305 20.459961 -4.725057
v -2.509514 19.740646 -4.725057
v -2.469995 19.695255 -3.477044
v -1.643785 20.414566 -3.477044
v -2.575336 19.816250 -3.864348
v -1.749126 20.535564 -3.864348
v -2.469995 19.695255 -4.251652
v -1.643785 20.414566 -4.251652
v -1.592179 20.355293 -3.444490
v -2.418389 19.635979 -3.444490
v -1.592179 20.355293 -4.284206
v -2.418389 19.635979 -4.284206
v -1.683304 20.459961 -3.864348
v -2.509514 19.740646 -3.864348
v -2.469995 19.695255 -2.616336
v -1.643785 20.414566 -2.616336
v -2.575336 19.816250 -3.003640
v -1.749126 20.535564 -3.003640
v -2.469995 19.695255 -3.390944
v -1.643785 20.414566 -3.390944
v -1.592179 20.355293 -2.583782
v -2.418389 19.635979 -2.583782
v -1.592179 20.355293 -3.423498
v -2.418389 19.635979 -3.423498
v -1.683304 20.459961 -3.003640
v -2.509514 19.740646 -3.003640
v -2.469995 19.695255 -1.755627
v -1.643785 20.414566 -1.755627
v -2.575336 19.816250 -2.142931
v -1.749125 20.535564 -2.142931
v -2.469995 19.695255 -2.530235
v -1.643785 20.414566 -2.530235
v -1.592179 20.355293 -1.723074
v -2.418389 19.635979 -1.723074
v -1.592179 20.355293 -2.562789
v -2.418389 19.635979 -2.562789
v -1.683304 20.459961 -2.142931
v -2.509514 19.740646 -2.142931
v -2.469995 19.695255 -0.894918
v -1.643785 20.414566 -0.894918
v -2.575336 19.816250 -1.282223
v -1.749125 20.535564 -1.282223
v -2.469995 19.695255 -1.669527
v -1.643785 20.414566 -1.669527
v -1.592179 20.355293 -0.862365
v -2.418389 19.635979 -0.862365
v -1.592179 20.355293 -1.702080
v -2.418389 19.635979 -1.702080
v -1.683304 20.459961 -1.282223
v -2.509514 19.740646 -1.282223
v -2.469995 19.695255 -0.034209
v -1.643785 20.414566 -0.034209
v -2.575336 19.816250 -0.421514
v -1.749125 20.535564 -0.421514
v -2.469995 19.695255 -0.808818
v -1.643785 20.414566 -0.808818
v -1.592178 20.355293 -0.001657
v -2.418389 19.635979 -0.001657
v -1.592179 20.355293 -0.841372
v -2.418389 19.635979 -0.841372
v -1.683304 20.459961 -0.421514
v -2.509514 19.740646 -0.421514
v -2.469995 19.695255 0.826499
v -1.643785 20.414566 0.826499
v -2.575336 19.816250 0.439195
v -1.749125 20.535564 0.439195
v -2.469995 19.695255 0.051890
v -1.643785 20.414566 0.051890
v -1.592178 20.355293 0.859053
v -2.418389 19.635979 0.859053
v -1.592178 20.355293 0.019338
v -2.418389 19.635979 0.019338
v -1.683304 20.459961 0.439195
v -2.509514 19.740646 0.439195
v -2.469995 19.695255 1.687208
v -1.643785 20.414566 1.687208
v -2.575336 19.816250 1.299904
v -1.749125 20.535564 1.299904
v -2.469995 19.695255 0.912600
v -1.643785 20.414566 0.912600
v -1.592178 20.355293 1.719761
v -2.418389 19.635979 1.719761
v -1.592178 20.355293 0.880046
v -2.418389 19.635979 0.880046
v -1.683304 20.459961 1.299904
v -2.509514 19.740646 1.299904
v -2.469995 19.695255 2.547916
v -1.643785 20.414566 2.547916
v -2.575336 19.816250 2.160612
v -1.749125 20.535564 2.160612
v -2.469995 19.695255 1.773308
v -1.643785 20.414566 1.773308
v -1.592178 20.355293 2.580470
v -2.418388 19.635979 2.580470
v -1.592178 20.355293 1.740755
v -2.418389 19.635979 1.740755
v -1.683304 20.459961 2.160612
v -2.509514 19.740646 2.160612
v -2.469995 19.695255 3.408626
v -1.643785 20.414566 3.408626
v -2.575336 19.816250 3.021321
v -1.749125 20.535564 3.021321
v -2.469995 19.695255 2.634017
v -1.643785 20.414566 2.634017
v -1.592178 20.355293 3.441179
v -2.418388 19.635979 3.441179
v -1.592178 20.355293 2.601463
v -2.418388 19.635979 2.601463
v -1.683304 20.459961 3.021321
v -2.509514 19.740646 3.021321
v -2.469995 19.695255 4.269336
v -1.643785 20.414566 4.269336
v -2.575336 19.816250 3.882031
v -1.749125 20.535564 3.882031
v -2.469995 19.695255 3.494725
v -1.643785 20.414566 3.494725
v -1.592178 20.355293 4.301888
v -2.418388 19.635979 4.301888
v -1.592178 20.355293 3.462173
v -2.418388 19.635979 3.462173
v -1.683304 20.459961 3.882031
v -2.509514 19.740646 3.882031
v -2.469994 19.695255 5.130044
v -1.643785 20.414566 5.130044
v -2.575336 19.816250 4.742740
v -1.749125 20.535564 4.742740
v -2.469995 19.695255 4.355435
v -1.643785 20.414566 4.355435
v -1.592178 20.355293 5.162599
v -2.418388 19.635979 5.162599
v -1.592178 20.355293 4.322883
v -2.418388 19.635979 4.322883
v -1.683304 20.459961 4.742740
v -2.509513 19.740646 4.742740
v -2.469994 19.695255 5.990752
v -1.643785 20.414566 5.990752
v -2.575335 19.816250 5.603448
v -1.749125 20.535564 5.603448
v -2.469994 19.695255 5.216144
v -1.643785 20.414566 5.216144
v -1.592178 20.355293 6.023307
v -2.418388 19.635979 6.023307
v -1.592178 20.355293 5.183591
v -2.418388 19.635979 5.183591
v -1.683304 20.459961 5.603448
v -2.509513 19.740646 5.603448
v -2.469994 19.695255 6.851460
v -1.643785 20.414566 6.851460
v -2.575335 19.816250 6.464156
v -1.749125 20.535564 6.464156
v -2.469994 19.695255 6.076852
v -1.643785 20.414566 6.076852
v -1.592178 20.355293 6.884013
v -2.418388 19.635979 6.884013
v -1.592178 20.355293 6.044299
v -2.418388 19.635979 6.044299
v -1.683304 20.459961 6.464156
v -2.509513 19.740646 6.464156
v -2.469994 19.695255 7.712169
v -1.643784 20.414566 7.712169
v -2.575335 19.816250 7.324864
v -1.749125 20.535564 7.324864
v -2.469994 19.695255 6.937560
v -1.643785 20.414566 6.937560
v -1.592178 20.355293 7.744721
v -2.418388 19.635979 7.744721
v -1.592178 20.355293 6.905005
v -2.418388 19.635979 6.905005
v -1.683303 20.459961 7.324864
v -2.509513 19.740646 7.324864
v -2.469994 19.695255 8.572877
v -1.643784 20.414566 8.572877
v -2.575335 19.816250 8.185573
v -1.749125 20.535564 8.185573
v -2.469994 19.695255 7.798266
v -1.643784 20.414566 7.798266
v -1.592178 20.355293 8.605430
v -2.418388 19.635979 8.605430
v -1.592178 20.355293 7.765714
v -2.418388 19.635979 7.765714
v -1.683303 20.459961 8.185573
v -2.509513 19.740646 8.185573
v -2.469994 19.695255 9.433583
v -1.643784 20.414566 9.433583
v -2.575335 19.816250 9.046279
v -1.749125 20.535564 9.046279
v -2.469994 19.695255 8.658975
v -1.643784 20.414566 8.658975
v -1.592178 20.355293 9.466138
v -2.418388 19.635979 9.466138
v -1.592178 20.355293 8.626422
v -2.418388 19.635979 8.626422
v -1.683303 20.459961 9.046279
v -2.509513 19.740646 9.046279
v -2.469994 19.695255 10.294291
v -1.643784 20.414566 10.294291
v -2.575335 19.816250 9.906987
v -1.749125 20.535564 9.906987
v -2.469994 19.695255 9.519683
v -1.643784 20.414566 9.519683
v -1.592178 20.355293 10.326844
v -2.418388 19.635979 10.326844
v -1.592178 20.355293 9.487130
v -2.418388 19.635979 9.487130
v -1.683303 20.459961 9.906987
v -2.509513 19.740646 9.906987
v -2.469994 19.695255 11.155000
v -1.643784 20.414566 11.155000
v -2.575335 19.816250 10.767695
v -1.749125 20.535564 10.767695
v -2.469994 19.695255 10.380391
v -1.643784 20.414566 10.380391
v -1.592177 20.355293 11.187552
v -2.418388 19.635979 11.187552
v -1.592178 20.355293 10.347836
v -2.418388 19.635979 10.347836
v -1.683303 20.459961 10.767695
v -2.509513 19.740646 10.767695
v -2.469994 19.695255 12.015706
v -1.643784 20.414566 12.015706
v -2.575335 19.816250 11.628402
v -1.749125 20.535564 11.628402
v -2.469994 19.695255 11.241097
v -1.643784 20.414566 11.241097
v -1.592177 20.355293 12.048261
v -2.418388 19.635979 12.048261
v -1.592177 20.355293 11.208545
v -2.418388 19.635979 11.208545
v -1.683303 20.459961 11.628402
v -2.509513 19.740646 11.628402
v -2.469994 19.695255 12.876414
v -1.643784 20.414566 12.876414
v -2.575335 19.816250 12.489110
v -1.749125 20.535564 12.489110
v -2.469994 19.695255 12.101806
v -1.643784 20.414566 12.101806
v -1.592177 20.355293 12.908967
v -2.418388 19.635979 12.908967
v -1.592177 20.355293 12.069253
v -2.418388 19.635979 12.069253
v -1.683303 20.459961 12.489110
v -2.509513 19.740646 12.489110
v -1.690870 20.468649 -12.084131
v -0.864658 21.187962 -12.084131
v -1.796211 20.589645 -12.471436
v -0.969999 21.308958 -12.471436
v -1.690870 20.468649 -12.858739
v -0.864659 21.187962 -12.858740
v -0.813053 21.128687 -12.051578
v -1.639264 20.409374 -12.051578
v -0.813053 21.128687 -12.891294
v -1.639264 20.409374 -12.891294
v -0.904178 21.233355 -12.471436
v -1.730389 20.514042 -12.471436
v -1.690869 20.468649 -11.223423
v -0.864658 21.187962 -11.223423
v -1.796210 20.589645 -11.610726
v -0.969999 21.308958 -11.610726
v -1.690870 20.468649 -11.998031
v -0.864658 21.187962 -11.998031
v -0.813053 21.128687 -11.190868
v -1.639264 20.409374 -11.190868
v -0.813053 21.128687 -12.030584
v -1.639264 20.409374 -12.030584
v -0.904178 21.233355 -11.610726
v -1.730389 20.514042 -11.610726
v -1.690869 20.468649 -10.362714
v -0.864658 21.187962 -10.362715
v -1.796210 20.589645 -10.750018
v -0.969999 21.308958 -10.750018
v -1.690869 20.468649 -11.137322
v -0.864658 21.187962 -11.137322
v -0.813053 21.128687 -10.330160
v -1.639264 20.409374 -10.330160
v -0.813053 21.128687 -11.169876
v -1.639264 20.409374 -11.169876
v -0.904178 21.233355 -10.750018
v -1.730389 20.514042 -10.750018
v -1.690869 20.468649 -9.502006
v -0.864658 21.187962 -9.502006
v -1.796210 20.589645 -9.889309
v -0.969999 21.308958 -9.889310
v -1.690869 20.468649 -10.276613
v -0.864658 21.187962 -10.276613
v -0.813053 21.128687 -9.469452
v -1.639264 20.409374 -9.469452
v -0.813053 21.128687 -10.309168
v -1.639264 20.409374 -10.309168
v -0.904178 21.233355 -9.889310
v -1.730389 20.514042 -9.889309
v -1.690869 20.468649 -8.641296
v -0.864658 21.187962 -8.641297
v -1.796210 20.589645 -9.028601
v -0.969999 21.308958 -9.028601
v -1.690869 20.468649 -9.415905
v -0.864658 21.187962 -9.415905
v -0.813052 21.128687 -8.608744
v -1.639263 20.409374 -8.608743
v -0.813053 21.128687 -9.448459
v -1.639264 20.409374 -9.448459
v -0.904178 21.233355 -9.028601
v -1.730389 20.514042 -9.028601
v -1.690869 20.468649 -7.780588
v -0.864658 21.187962 -7.780588
v -1.796210 20.589645 -8.167892
v -0.969999 21.308958 -8.167892
v -1.690869 20.468649 -8.555196
v -0.864658 21.187962 -8.555196
v -0.813052 21.128687 -7.748034
v -1.639263 20.409374 -7.748034
v -0.813052 21.128687 -8.587750
v -1.639263 20.409374 -8.587749
v -0.904178 21.233355 -8.167892
v -1.730389 20.514042 -8.167892
v -1.690869 20.468649 -6.919879
v -0.864658 21.187962 -6.919879
v -1.796210 20.589645 -7.307183
v -0.969999 21.308958 -7.307183
v -1.690869 20.468649 -7.694487
v -0.864658 21.187962 -7.694487
v -0.813052 21.128687 -6.887325
v -1.639263 20.409374 -6.887325
v -0.813052 21.128687 -7.727042
v -1.639263 20.409374 -7.727042
v -0.904178 21.233355 -7.307183
v -1.730389 20.514042 -7.307183
v -1.690869 20.468649 -6.059171
v -0.864658 21.187962 -6.059171
v -1.796210 20.589645 -6.446475
v -0.969999 21.308958 -6.446475
v -1.690869 20.468649 -6.833778
v -0.864658 21.187962 -6.833778
v -0.813052 21.128687 -6.026617
v -1.639263 20.409374 -6.026617
v -0.813052 21.128687 -6.866333
v -1.639263 20.409374 -6.866333
v -0.904178 21.233355 -6.446475
v -1.730389 20.514042 -6.446475
v -1.690869 20.468649 -5.198462
v -0.864658 21.187962 -5.198462
v -1.796210 20.589645 -5.585766
v -0.969999 21.308958 -5.585766
v -1.690869 20.468649 -5.973070
v -0.864658 21.187962 -5.973070
v -0.813052 21.128687 -5.165908
v -1.639263 20.409374 -5.165908
v -0.813052 21.128687 -6.005624
v -1.639263 20.409374 -6.005624
v -0.904178 21.233355 -5.585766
v -1.730389 20.514042 -5.585766
v -1.690869 20.468649 -4.337753
v -0.864658 21.187962 -4.337753
v -1.796210 20.589645 -4.725057
v -0.969999 21.308958 -4.725057
v -1.690869 20.468649 -5.112361
v -0.864658 21.187962 -5.112361
v -0.813052 21.128687 -4.305199
v -1.639263 20.409374 -4.305199
v -0.813052 21.128687 -5.144915
v -1.639263 20.409374 -5.144915
v -0.904178 21.233355 -4.725057
v -1.730389 20.514042 -4.725057
v -1.690869 20.468649 -3.477044
v -0.864658 21.187962 -3.477044
v -1.796210 20.589645 -3.864348
v -0.969999 21.308958 -3.864348
v -1.690869 20.468649 -4.251652
v -0.864658 21.187962 -4.251652
v -0.813052 21.128687 -3.444490
v -1.639263 20.409374 -3.444490
v -0.813052 21.128687 -4.284206
v -1.639263 20.409374 -4.284206
v -0.904178 21.233355 -3.864348
v -1.730389 20.514042 -3.864348
v -1.690869 20.468649 -2.616336
v -0.864658 21.187962 -2.616336
v -1.796210 20.589645 -3.003640
v -0.969999 21.308958 -3.003640
v -1.690869 20.468649 -3.390944
v -0.864658 21.187962 -3.390944
v -0.813052 21.128687 -2.583782
v -1.639263 20.409374 -2.583782
v -0.813052 21.128687 -3.423498
v -1.639263 20.409374 -3.423498
v -0.904177 21.233355 -3.003640
v -1.730389 20.514042 -3.003640
v -1.690869 20.468649 -1.755627
v -0.864658 21.187962 -1.755627
v -1.796210 20.589645 -2.142931
v -0.969999 21.308958 -2.142931
v -1.690869 20.468649 -2.530235
v -0.864658 21.187962 -2.530235
v -0.813052 21.128687 -1.723074
v -1.639263 20.409374 -1.723074
v -0.813052 21.128687 -2.562789
v -1.639263 20.409374 -2.562789
v -0.904177 21.233355 -2.142931
v -1.730388 20.514042 -2.142931
v -1.690868 20.468649 -0.894918
v -0.864658 21.187962 -0.894918
v -1.796209 20.589645 -1.282223
v -0.969999 21.308958 -1.282223
v -1.690869 20.468649 -1.669527
v -0.864658 21.187962 -1.669527
v -0.813052 21.128687 -0.862365
v -1.639263 20.409374 -0.862365
v -0.813052 21.128687 -1.702080
v -1.639263 20.409374 -1.702080
v -0.904177 21.233355 -1.282223
v -1.730388 20.514042 -1.282223
v -1.690868 20.468649 -0.034209
v -0.864657 21.187962 -0.034209
v -1.796209 20.589645 -0.421514
v -0.969998 21.308958 -0.421514
v -1.690868 20.468649 -0.808818
v -0.864658 21.187962 -0.808818
v -0.813052 21.128687 -0.001657
v -1.639263 20.409374 -0.001657
v -0.813052 21.128687 -0.841372
v -1.639263 20.409374 -0.841372
v -0.904177 21.233355 -0.421514
v -1.730388 20.514042 -0.421514
v -1.690868 20.468649 0.826499
v -0.864657 21.187962 0.826499
v -1.796209 20.589645 0.439195
v -0.969998 21.308958 0.439195
v -1.690868 20.468649 0.051890
v -0.864657 21.187962 0.051890
v -0.813052 21.128687 0.859053
v -1.639263 20.409374 0.859053
v -0.813052 21.128687 0.019338
v -1.639263 20.409374 0.019338
v -0.904177 21.233355 0.439195
v -1.730388 20.514042 0.439195
v -1.690868 20.468649 1.687208
v -0.864657 21.187962 1.687208
v -1.796209 20.589645 1.299904
v -0.969998 21.308958 1.299904
v -1.690868 20.468649 0.912600
v -0.864657 21.187962 0.912600
v -0.813051 21.128687 1.719761
v -1.639263 20.409374 1.719761
v -0.813052 21.128687 0.880046
v -1.639263 20.409374 0.880046
v -0.904177 21.233355 1.299904
v -1.730388 20.514042 1.299904
v -1.690868 20.468649 2.547916
v -0.864657 21.187962 2.547916
v -1.796209 20.589645 2.160612
v -0.969998 21.308958 2.160612
v -1.690868 20.468649 1.773308
v -0.864657 21.187962 1.773308
v -0.813051 21.128687 2.580470
v -1.639262 20.409374 2.580470
v -0.813051 21.128687 1.740755
v -1.639263 20.409374 1.740755
v -0.904177 21.233355 2.160612
v -1.730388 20.514042 2.160612
v -1.690868 20.468649 3.408626
v -0.864657 21.187962 3.408626
v -1.796209 20.589645 3.021321
v -0.969998 21.308958 3.021321
v -1.690868 20.468649 2.634017
v -0.864657 21.187962 2.634017
v -0.813051 21.128687 3.441179
v -1.639262 20.409374 3.441179
v -0.813051 21.128687 2.601463
v -1.639262 20.409374 2.601463
v -0.904177 21.233355 3.021321
v -1.730388 20.514042 3.021321
v -1.690868 20.468649 4.269336
v -0.864657 21.187962 4.269336
v -1.796209 20.589645 3.882031
v -0.969998 21.308958 3.882031
v -1.690868 20.468649 3.494725
v -0.864657 21.187962 3.494725
v -0.813051 21.128687 4.301888
v -1.639262 20.409374 4.301888
v -0.813051 21.128687 3.462173
v -1.639262 20.409374 3.462173
v -0.904177 21.233355 3.882031
v -1.730388 20.514042 3.882031
v -1.690868 20.468649 5.130044
v -0.864657 21.187962 5.130044
v -1.796209 20.589645 4.742740
v -0.969998 21.308958 4.742740
v -1.690868 20.468649 4.355435
v -0.864657 21.187962 4.355435
v -0.813051 21.128687 5.162599
v -1.639262 20.409374 5.162599
v -0.813051 21.128687 4.322883
v -1.639262 20.409374 4.322883
v -0.904177 21.233355 4.742740
v -1.730388 20.514042 4.742740
v -1.690868 20.468649 5.990752
v -0.864657 21.187962 5.990752
v -1.796209 20.589645 5.603448
v -0.969998 21.308958 5.603448
v -1.690868 20.468649 5.216144
v -0.864657 21.187962 5.216144
v -0.813051 21.128687 6.023307
v -1.639262 20.409374 6.023307
v -0.813051 21.128687 5.183591
v -1.639262 20.409374 5.183591
v -0.904177 21.233355 5.603448
v -1.730388 20.514042 5.603448
v -1.690868 20.468649 6.851460
v -0.864657 21.187962 6.851460
v -1.796209 20.589645 6.464156
v -0.969998 21.308958 6.464156
v -1.690868 20.468649 6.076852
v -0.864657 21.187962 6.076852
v -0.813051 21.128687 6.884013
v -1.639262 20.409374 6.884013
v -0.813051 21.128687 6.044299
v -1.639262 20.409374 6.044299
v -0.904177 21.233355 6.464156
v -1.730388 20.514042 6.464156
v -1.690868 20.468649 7.712169
v -0.864657 21.187962 7.712169
v -1.796209 20.589645 7.324864
v -0.969998 21.308958 7.324864
v -1.690868 20.468649 6.937560
v -0.864657 21.187962 6.937560
v -0.813051 21.128687 7.744721
v -1.639262 20.409374 7.744721
v -0.813051 21.128687 6.905005
v -1.639262 20.409374 6.905005
v -0.904177 21.233355 7.324864
v -1.730388 20.514042 7.324864
v -1.690868 20.468649 8.572877
v -0.864657 21.187962 8.572877
v -1.796209 20.589645 8.185573
v -0.969998 21.308958 8.185573
v -1.690868 20.468649 7.798266
v -0.864657 21.187962 7.798266
v -0.813051 21.128687 8.605430
v -1.639262 20.409374 8.605430
v -0.813051 21.128687 7.765714
v -1.639262 20.409374 7.765714
v -0.904177 21.233355 8.185573
v -1.730387 20.514042 8.185573
v -1.690868 20.468649 9.433583
v -0.864657 21.187962 9.433583
v -1.796209 20.589645 9.046279
v -0.969997 21.308958 9.046279
v -1.690868 20.468649 8.658975
v -0.864657 21.187962 8.658975
v -0.813051 21.128687 9.466138
v -1.639262 20.409374 9.466138
v -0.813051 21.128687 8.626422
v -1.639262 20.409374 8.626422
v -0.904176 21.233355 9.046279
v -1.730387 20.514042 9.046279
v -1.690868 20.468649 10.294291
v -0.864656 21.187962 10.294291
v -1.796208 20.589645 9.906987
v -0.969997 21.308958 9.906987
v -1.690868 20.468649 9.519683
v -0.864657 21.187962 9.519683
v -0.813051 21.128687 10.326844
v -1.639262 20.409374 10.326844
v -0.813051 21.128687 9.487130
v -1.639262 20.409374 9.487130
v -0.904176 21.233355 9.906987
v -1.730387 20.514042 9.906987
v -1.690867 20.468649 11.155000
v -0.864656 21.187962 11.155000
v -1.796208 20.589645 10.767695
v -0.969997 21.308958 10.767695
v -1.690867 20.468649 10.380391
v -0.864656 21.187962 10.380391
v -0.813051 21.128687 11.187552
v -1.639262 20.409374 11.187552
v -0.813051 21.128687 10.347836
v -1.639262 20.409374 10.347836
v -0.904176 21.233355 10.767695
v -1.730387 20.514042 10.767695
v -1.690867 20.468649 12.015706
v -0.864656 21.187962 12.015706
v -1.796208 20.589645 11.628402
v -0.969997 21.308958 11.628402
v -1.690867 20.468649 11.241097
v -0.864656 21.187962 11.241097
v -0.813051 21.128687 12.048261
v -1.639262 20.409374 12.048261
v -0.813051 21.128687 11.208545
v -1.639262 20.409374 11.208545
v -0.904176 21.233355 11.628402
v -1.730387 20.514042 11.628402
v -1.690867 20.468649 12.876414
v -0.864656 21.187962 12.876414
v -1.796208 20.589645 12.489110
v -0.969997 21.308958 12.489110
v -1.690867 20.468649 12.101806
v -0.864656 21.187962 12.101806
v -0.813051 21.128687 12.908967
v -1.639261 20.409374 12.908967
v -0.813051 21.128687 12.069253
v -1.639262 20.409374 12.069253
v -0.904176 21.233355 12.489110
v -1.730387 20.514042 12.489110
v -0.911743 21.242043 -12.084131
v -0.085532 21.961357 -12.084131
v -1.017084 21.363039 -12.471436
v -0.190873 22.082352 -12.471436
v -0.911743 21.242043 -12.858739
v -0.085532 21.961357 -12.858740
v -0.033926 21.902081 -12.051578
v -0.860137 21.182770 -12.051578
v -0.033926 21.902081 -12.891294
v -0.860137 21.182770 -12.891294
v -0.125051 22.006748 -12.471436
v -0.951262 21.287436 -12.471436
v -0.911743 21.242043 -11.223423
v -0.085532 21.961357 -11.223423
v -1.017084 21.363039 -11.610726
v -0.190873 22.082352 -11.610727
v -0.911743 21.242043 -11.998031
v -0.085532 21.961357 -11.998031
v -0.033926 21.902081 -11.190868
v -0.860137 21.182770 -11.190868
v -0.033926 21.902081 -12.030584
v -0.860137 21.182770 -12.030584
v -0.125051 22.006748 -11.610727
v -0.951262 21.287436 -11.610726
v -0.911743 21.242043 -10.362715
v -0.085532 21.961357 -10.362715
v -1.017084 21.363039 -10.750018
v -0.190873 22.082352 -10.750018
v -0.911743 21.242043 -11.137322
v -0.085532 21.961357 -11.137322
v -0.033926 21.902081 -10.330160
v -0.860137 21.182770 -10.330160
v -0.033926 21.902081 -11.169876
v -0.860137 21.182770 -11.169876
v -0.125051 22.006748 -10.750018
v -0.951262 21.287436 -10.750018
v -0.911743 21.242043 -9.502006
v -0.085531 21.961357 -9.502006
v -1.017084 21.363039 -9.889310
v -0.190872 22.082352 -9.889310
v -0.911743 21.242043 -10.276613
v -0.085532 21.961357 -10.276613
v -0.033926 21.902081 -9.469452
v -0.860137 21.182770 -9.469452
v -0.033926 21.902081 -10.309168
v -0.860137 21.182770 -10.309168
v -0.125051 22.006748 -9.889310
v -0.951262 21.287436 -9.889310
v -0.911742 21.242043 -8.641297
v -0.085531 21.961357 -8.641297
v -1.017083 21.363039 -9.028601
v -0.190872 22.082352 -9.028601
v -0.911743 21.242043 -9.415905
v -0.085531 21.961357 -9.415905
v -0.033926 21.902081 -8.608744
v -0.860137 21.182770 -8.608744
v -0.033926 21.902081 -9.448459
v -0.860137 21.182770 -9.448459
v -0.125051 22.006748 -9.028601
v -0.951262 21.287436 -9.028601
v -0.911742 21.242043 -7.780588
v -0.085531 21.961357 -7.780588
v -1.017083 21.363039 -8.167892
v -0.190872 22.082352 -8.167892
v -0.911742 21.242043 -8.555196
v -0.085531 21.961357 -8.555196
v -0.033926 21.902081 -7.748034
v -0.860137 21.182770 -7.748034
v -0.033926 21.902081 -8.587750
v -0.860137 21.182770 -8.587750
v -0.125051 22.006748 -8.167892
v -0.951262 21.287436 -8.167892
v -0.911742 21.242043 -6.919879
v -0.085531 21.961357 -6.919879
v -1.017083 21.363039 -7.307183
v -0.190872 22.082352 -7.307183
v -0.911742 21.242043 -7.694487
v -0.085531 21.961357 -7.694487
v -0.033926 21.902081 -6.887325
v -0.860136 21.182770 -6.887325
v -0.033926 21.902081 -7.727042
v -0.860137 21.182770 -7.727042
v -0.125051 22.006748 -7.307183
v -0.951262 21.287436 -7.307183
v -0.911742 21.242043 -6.059171
v -0.085531 21.961357 -6.059171
v -1.017083 21.363039 -6.446475
v -0.190872 22.082352 -6.446475
v -0.911742 21.242043 -6.833778
v -0.085531 21.961357 -6.833778
v -0.033925 21.902081 -6.026617
v -0.860136 21.182770 -6.026617
v -0.033926 21.902081 -6.866333
v -0.860136 21.182770 -6.866333
v -0.125051 22.006748 -6.446475
v -0.951262 21.287436 -6.446475
v -0.911742 21.242043 -5.198462
v -0.085531 21.961357 -5.198462
v -1.017083 21.363039 -5.585766
v -0.190872 22.082352 -5.585766
v -0.911742 21.242043 -5.973070
v -0.085531 21.961357 -5.973070
v -0.033925 21.902081 -5.165908
v -0.860136 21.182770 -5.165908
v -0.033925 21.902081 -6.005624
v -0.860136 21.182770 -6.005624
v -0.125051 22.006748 -5.585766
v -0.951262 21.287436 -5.585766
v -0.911742 21.242043 -4.337753
v -0.085531 21.961357 -4.337753
v -1.017083 21.363039 -4.725057
v -0.190872 22.082352 -4.725057
v -0.911742 21.242043 -5.112361
v -0.085531 21.961357 -5.112361
v -0.033925 21.902081 -4.305199
v -0.860136 21.182770 -4.305199
v -0.033925 21.902081 -5.144915
v -0.860136 21.182770 -5.144915
v -0.125051 22.006748 -4.725057
v -0.951262 21.287436 -4.725057
v -0.911742 21.242043 -3.477044
v -0.085531 21.961357 -3.477044
v -1.017083 21.363039 -3.864348
v -0.190872 22.082352 -3.864348
v -0.911742 21.242043 -4.251652
v -0.085531 21.961357 -4.251652
v -0.033925 21.902081 -3.444490
v -0.860136 21.182770 -3.444490
v -0.033925 21.902081 -4.284206
v -0.860136 21.182770 -4.284206
v -0.125051 22.006748 -3.864348
v -0.951262 21.287436 -3.864348
v -0.911742 21.242043 -2.616336
v -0.085531 21.961357 -2.616336
v -1.017083 21.363039 -3.003640
v -0.190872 22.082352 -3.003640
v -0.911742 21.242043 -3.390944
v -0.085531 21.961357 -3.390944
v -0.033925 21.902081 -2.583782
v -0.860136 21.182770 -2.583782
v -0.033925 21.902081 -3.423498
v -0.860136 21.182770 -3.423498
v -0.125051 22.006748 -3.003640
v -0.951262 21.287436 -3.003640
v -0.911742 21.242043 -1.755627
v -0.085531 21.961357 -1.755627
v -1.017083 21.363039 -2.142931
v -0.190872 22.082352 -2.142931
v -0.911742 21.242043 -2.530235
v -0.085531 21.961357 -2.530235
v -0.033925 21.902081 -1.723074
v -0.860136 21.182770 -1.723074
v -0.033925 21.902081 -2.562789
v -0.860136 21.182770 -2.562789
v -0.125051 22.006748 -2.142931
v -0.951262 21.287436 -2.142931
v -0.911742 21.242043 -0.894918
v -0.085531 21.961357 -0.894918
v -1.017083 21.363039 -1.282223
v -0.190872 22.082352 -1.282223
v -0.911742 21.242043 -1.669527
v -0.085531 21.961357 -1.669527
v -0.033925 21.902081 -0.862365
v -0.860136 21.182770 -0.862365
v -0.033925 21.902081 -1.702080
v -0.860136 21.182770 -1.702080
v -0.125051 22.006748 -1.282223
v -0.951262 21.287436 -1.282223
v -0.911742 21.242043 -0.034209
v -0.085531 21.961357 -0.034209
v -1.017083 21.363039 -0.421514
v -0.190872 22.082352 -0.421514
v -0.911742 21.242043 -0.808818
v -0.085531 21.961357 -0.808818
v -0.033925 21.902081 -0.001657
v -0.860136 21.182770 -0.001657
v -0.033925 21.902081 -0.841372
v -0.860136 21.182770 -0.841372
v -0.125050 22.006748 -0.421514
v -0.951262 21.287436 -0.421514
v -0.911741 21.242043 0.826499
v -0.085531 21.961357 0.826499
v -1.017083 21.363039 0.439195
v -0.190872 22.082352 0.439195
v -0.911742 21.242043 0.051890
v -0.085531 21.961357 0.051890
v -0.033925 21.902081 0.859053
v -0.860136 21.182770 0.859053
v -0.033925 21.902081 0.019338
v -0.860136 21.182770 0.019338
v -0.125050 22.006748 0.439195
v -0.951261 21.287436 0.439195
v -0.911741 21.242043 1.687208
v -0.085530 21.961357 1.687208
v -1.017082 21.363039 1.299904
v -0.190872 22.082352 1.299904
v -0.911741 21.242043 0.912600
v -0.085531 21.961357 0.912600
v -0.033925 21.902081 1.719761
v -0.860136 21.182770 1.719761
v -0.033925 21.902081 0.880046
v -0.860136 21.182770 0.880046
v -0.125050 22.006748 1.299904
v -0.951261 21.287436 1.299904
v -0.911741 21.242043 2.547916
v -0.085530 21.961357 2.547916
v -1.017082 21.363039 2.160612
v -0.190871 22.082352 2.160612
v -0.911741 21.242043 1.773308
v -0.085530 21.961357 1.773308
v -0.033925 21.902081 2.580470
v -0.860136 21.182770 2.580470
v -0.033925 21.902081 1.740755
v -0.860136 21.182770 1.740755
v -0.125050 22.006748 2.160612
v -0.951261 21.287436 2.160612
v -0.911741 21.242043 3.408626
v -0.085530 21.961357 3.408626
v -1.017082 21.363039 3.021321
v -0.190871 22.082352 3.021321
v -0.911741 21.242043 2.634017
v -0.085530 21.961357 2.634017
v -0.033925 21.902081 3.441179
v -0.860136 21.182770 3.441179
v -0.033925 21.902081 2.601463
v -0.860136 21.182770 2.601463
v -0.125050 22.006748 3.021321
v -0.951261 21.287436 3.021321
v -0.911741 21.242043 4.269336
v -0.085530 21.961357 4.269334
v -1.017082 21.363039 3.882031
v -0.190871 22.082352 3.882030
v -0.911741 21.242043 3.494725
v -0.085530 21.961357 3.494725
v -0.033924 21.902081 4.301887
v -0.860135 21.182770 4.301888
v -0.033925 21.902081 3.462173
v -0.860136 21.182770 3.462173
v -0.125050 22.006748 3.882030
v -0.951261 21.287436 3.882031
v -0.911741 21.242043 5.130044
v -0.085530 21.961357 5.130042
v -1.017082 21.363039 4.742740
v -0.190871 22.082352 4.742738
v -0.911741 21.242043 4.355435
v -0.085530 21.961357 4.355433
v -0.033924 21.902081 5.162597
v -0.860135 21.182770 5.162599
v -0.033924 21.902081 4.322881
v -0.860135 21.182770 4.322883
v -0.125050 22.006748 4.742738
v -0.951261 21.287436 4.742740
v -0.911741 21.242043 5.990752
v -0.085530 21.961357 5.990750
v -1.017082 21.363039 5.603448
v -0.190871 22.082352 5.603446
v -0.911741 21.242043 5.216144
v -0.085530 21.961357 5.216142
v -0.033924 21.902081 6.023305
v -0.860135 21.182770 6.023307
v -0.033924 21.902081 5.183589
v -0.860135 21.182770 5.183591
v -0.125050 22.006748 5.603446
v -0.951261 21.287436 5.603448
v -0.911741 21.242043 6.851460
v -0.085530 21.961357 6.851459
v -1.017082 21.363039 6.464156
v -0.190871 22.082352 6.464154
v -0.911741 21.242043 6.076852
v -0.085530 21.961357 6.076850
v -0.033924 21.902081 6.884011
v -0.860135 21.182770 6.884013
v -0.033924 21.902081 6.044297
v -0.860135 21.182770 6.044299
v -0.125050 22.006748 6.464154
v -0.951261 21.287436 6.464156
v -0.911741 21.242043 7.712169
v -0.085530 21.961357 7.712167
v -1.017082 21.363039 7.324864
v -0.190871 22.082352 7.324862
v -0.911741 21.242043 6.937560
v -0.085530 21.961357 6.937558
v -0.033924 21.902081 7.744720
v -0.860135 21.182770 7.744721
v -0.033924 21.902081 6.905004
v -0.860135 21.182770 6.905005
v -0.125050 22.006748 7.324862
v -0.951261 21.287436 7.324864
v -0.911741 21.242043 8.572877
v -0.085530 21.961357 8.572875
v -1.017082 21.363039 8.185573
v -0.190871 22.082352 8.185571
v -0.911741 21.242043 7.798266
v -0.085530 21.961357 7.798265
v -0.033924 21.902081 8.605428
v -0.860135 21.182770 8.605430
v -0.033924 21.902081 7.765712
v -0.860135 21.182770 7.765714
v -0.125050 22.006748 8.185571
v -0.951261 21.287436 8.185573
v -0.911741 21.242043 9.433583
v -0.085530 21.961357 9.433581
v -1.017082 21.363039 9.046279
v -0.190871 22.082352 9.046277
v -0.911741 21.242043 8.658975
v -0.085530 21.961357 8.658973
v -0.033924 21.902081 9.466136
v -0.860135 21.182770 9.466138
v -0.033924 21.902081 8.626420
v -0.860135 21.182770 8.626422
v -0.125050 22.006748 9.046277
v -0.951261 21.287436 9.046279
v -0.911741 21.242043 10.294291
v -0.085530 21.961357 10.294290
v -1.017082 21.363039 9.906987
v -0.190871 22.082352 9.906985
v -0.911741 21.242043 9.519683
v -0.085530 21.961357 9.519681
v -0.033924 21.902081 10.326842
v -0.860135 21.182770 10.326844
v -0.033924 21.902081 9.487128
v -0.860135 21.182770 9.487130
v -0.125050 22.006748 9.906985
v -0.951261 21.287436 9.906987
v -0.911741 21.242043 11.155000
v -0.085530 21.961357 11.154998
v -1.017082 21.363039 10.767695
v -0.190871 22.082352 10.767694
v -0.911741 21.242043 10.380391
v -0.085530 21.961357 10.380389
v -0.033924 21.902081 11.187551
v -0.860135 21.182770 11.187552
v -0.033924 21.902081 10.347835
v -0.860135 21.182770 10.347836
v -0.125050 22.006748 10.767694
v -0.951260 21.287436 10.767695
v -0.911741 21.242043 12.015706
v -0.085529 21.961357 12.015704
v -1.017082 21.363039 11.628402
v -0.190871 22.082352 11.628400
v -0.911741 21.242043 11.241097
v -0.085530 21.961357 11.241096
v -0.033924 21.902081 12.048259
v -0.860135 21.182770 12.048261
v -0.033924 21.902081 11.208543
v -0.860135 21.182770 11.208545
v -0.125049 22.006748 11.628400
v -0.951260 21.287436 11.628402
v -0.911740 21.242043 12.876414
v -0.085529 21.961357 12.876412
v -1.017081 21.363039 12.489110
v -0.190870 22.082352 12.489108
v -0.911741 21.242043 12.101806
v -0.085529 21.961357 12.101804
v -0.033924 21.902081 12.908965
v -0.860135 21.182770 12.908967
v -0.033924 21.902081 12.069251
v -0.860135 21.182770 12.069253
v -0.125049 22.006748 12.489108
v -0.951260 21.287436 12.489110
s 0
f 5124 5130 5129
f 5124 5125 5123
f 5126 5127 5125
f 5127 5131 5132
f 5126 5129 5133
f 5125 5132 5134
f 5134 5129 5130
f 5133 5132 5131
f 5136 5142 5141
f 5136 5137 5135
f 5138 5139 5137
f 5139 5143 5144
f 5138 5141 5145
f 5137 5144 5146
f 5146 5141 5142
f 5145 5144 5143
f 5148 5154 5153
f 5148 5149 5147
f 5150 5151 5149
f 5151 5155 5156
f 5150 5153 5157
f 5149 5156 5158
f 5158 5153 5154
f 5157 5156 5155
f 5160 5166 5165
f 5160 5161 5159
f 5162 5163 5161
f 5163 5167 5168
f 5162 5165 5169
f 5161 5168 5170
f 5170 5165 5166
f 5169 5168 5167
f 5172 5178 5177
f 5172 5173 5171
f 5174 5175 5173
f 5175 5179 5180
f 5174 5177 5181
f 5173 5180 5182
f 5182 5177 5178
f 5181 5180 5179
f 5184 5190 5189
f 5184 5185 5183
f 5186 5187 5185
f 5187 5191 5192
f 5186 5189 5193
f 5185 5192 5194
f 5194 5189 5190
f 5193 5192 5191
f 5196 5202 5201
f 5196 5197 5195
f 5198 5199 5197
f 5199 5203 5204
f 5198 5201 5205
f 5197 5204 5206
f 5206 5201 5202
f 5205 5204 5203
f 5208 5214 5213
f 5208 5209 5207
f 5210 5211 5209
f 5211 5215 5216
f 5210 5213 5217
f 5209 5216 5218
f 5218 5213 5214
f 5217 5216 5215
f 5220 5226 5225
f 5220 5221 5219
f 5222 5223 5221
f 5223 5227 5228
f 5222 5225 5229
f 5221 5228 5230
f 5230 5225 5226
f 5229 5228 5227
f 5232 5238 5237
f 5232 5233 5231
f 5234 5235 5233
f 5235 5239 5240
f 5234 5237 5241
f 5233 5240 5242
f 5242 5237 5238
f 5241 5240 5239
f 5244 5250 5249
f 5244 5245 5243
f 5246 5247 5245
f 5247 5251 5252
f 5246 5249 5253
f 5245 5252 5254
f 5254 5249 5250
f 5253 5252 5251
f 5256 5262 5261
f 5256 5257 5255
f 5258 5259 5257
f 5259 5263 5264
f 5258 5261 5265
f 5257 5264 5266
f 5266 5261 5262
f 5265 5264 5263
f 5268 5274 5273
f 5268 5269 5267
f 5270 5271 5269
f 5271 5275 5276
f 5270 5273 5277
f 5269 5276 5278
f 5278 5273 5274
f 5277 5276 5275
f 5280 5286 5285
f 5280 5281 5279
f 5282 5283 5281
f 5283 5287 5288
f 5282 5285 5289
f 5281 5288 5290
f 5290 5285 5286
f 5289 5288 5287
f 5292 5298 5297
f 5292 5293 5291
f 5294 5295 5293
f 5295 5299 5300
f 5294 5297 5301
f 5293 5300 5302
f 5302 5297 5298
f 5301 5300 5299
f 5304 5310 5309
f 5304 5305 5303
f 5306 5307 5305
f 5307 5311 5312
f 5306 5309 5313
f 5305 5312 5314
f 5314 5309 5310
f 5313 5312 5311
f 5316 5322 5321
f 5316 5317 5315
f 5318 5319 5317
f 5319 5323 5324
f 5318 5321 5325
f 5317 5324 5326
f 5326 5321 5322
f 5325 5324 5323
f 5328 5334 5333
f 5328 5329 5327
f 5330 5331 5329
f 5331 5335 5336
f 5330 5333 5337
f 5329 5336 5338
f 5338 5333 5334
f 5337 5336 5335
f 5340 5346 5345
f 5340 5341 5339
f 5342 5343 5341
f 5343 5347 5348
f 5342 5345 5349
f 5341 5348 5350
f 5350 5345 5346
f 5349 5348 5347
f 5352 5358 5357
f 5352 5353 5351
f 5354 5355 5353
f 5355 5359 5360
f 5354 5357 5361
f 5353 5360 5362
f 5362 5357 5358
f 5361 5360 5359
f 5364 5370 5369
f 5364 5365 5363
f 5366 5367 5365
f 5367 5371 5372
f 5366 5369 5373
f 5365 5372 5374
f 5374 5369 5370
f 5373 5372 5371
f 5376 5382 5381
f 5376 5377 5375
f 5378 5379 5377
f 5379 5383 5384
f 5378 5381 5385
f 5377 5384 5386
f 5386 5381 5382
f 5385 5384 5383
f 5388 5394 5393
f 5388 5389 5387
f 5390 5391 5389
f 5391 5395 5396
f 5390 5393 5397
f 5389 5396 5398
f 5398 5393 5394
f 5397 5396 5395
f 5400 5406 5405
f 5400 5401 5399
f 5402 5403 5401
f 5403 5407 5408
f 5402 5405 5409
f 5401 5408 5410
f 5410 5405 5406
f 5409 5408 5407
f 5412 5418 5417
f 5412 5413 5411
f 5414 5415 5413
f 5415 5419 5420
f 5414 5417 5421
f 5413 5420 5422
f 5422 5417 5418
f 5421 5420 5419
f 5424 5430 5429
f 5424 5425 5423
f 5426 5427 5425
f 5427 5431 5432
f 5426 5429 5433
f 5425 5432 5434
f 5434 5429 5430
f 5433 5432 5431
f 5436 5442 5441
f 5436 5437 5435
f 5438 5439 5437
f 5439 5443 5444
f 5438 5441 5445
f 5437 5444 5446
f 5446 5441 5442
f 5445 5444 5443
f 5448 5454 5453
f 5448 5449 5447
f 5450 5451 5449
f 5451 5455 5456
f 5450 5453 5457
f 5449 5456 5458
f 5458 5453 5454
f 5457 5456 5455
f 5460 5466 5465
f 5460 5461 5459
f 5462 5463 5461
f 5463 5467 5468
f 5462 5465 5469
f 5461 5468 5470
f 5470 5465 5466
f 5469 5468 5467
f 5472 5478 5477
f 5472 5473 5471
f 5474 5475 5473
f 5475 5479 5480
f 5474 5477 5481
f 5473 5480 5482
f 5482 5477 5478
f 5481 5480 5479
f 5484 5490 5489
f 5484 5485 5483
f 5486 5487 5485
f 5487 5491 5492
f 5486 5489 5493
f 5485 5492 5494
f 5494 5489 5490
f 5493 5492 5491
f 5496 5502 5501
f 5496 5497 5495
f 5498 5499 5497
f 5499 5503 5504
f 5498 5501 5505
f 5497 5504 5506
f 5506 5501 5502
f 5505 5504 5503
f 5508 5514 5513
f 5508 5509 5507
f 5510 5511 5509
f 5511 5515 5516
f 5510 5513 5517
f 5509 5516 5518
f 5518 5513 5514
f 5517 5516 5515
f 5520 5526 5525
f 5520 5521 5519
f 5522 5523 5521
f 5523 5527 5528
f 5522 5525 5529
f 5521 5528 5530
f 5530 5525 5526
f 5529 5528 5527
f 5532 5538 5537
f 5532 5533 5531
f 5534 5535 5533
f 5535 5539 5540
f 5534 5537 5541
f 5533 5540 5542
f 5542 5537 5538
f 5541 5540 5539
f 5544 5550 5549
f 5544 5545 5543
f 5546 5547 5545
f 5547 5551 5552
f 5546 5549 5553
f 5545 5552 5554
f 5554 5549 5550
f 5553 5552 5551
f 5556 5562 5561
f 5556 5557 5555
f 5558 5559 5557
f 5559 5563 5564
f 5558 5561 5565
f 5557 5564 5566
f 5566 5561 5562
f 5565 5564 5563
f 5568 5574 5573
f 5568 5569 5567
f 5570 5571 5569
f 5571 5575 5576
f 5570 5573 5577
f 5569 5576 5578
f 5578 5573 5574
f 5577 5576 5575
f 5580 5586 5585
f 5580 5581 5579
f 5582 5583 5581
f 5583 5587 5588
f 5582 5585 5589
f 5581 5588 5590
f 5590 5585 5586
f 5589 5588 5587
f 5592 5598 5597
f 5592 5593 5591
f 5594 5595 5593
f 5595 5599 5600
f 5594 5597 5601
f 5593 5600 5602
f 5602 5597 5598
f 5601 5600 5599
f 5604 5610 5609
f 5604 5605 5603
f 5606 5607 5605
f 5607 5611 5612
f 5606 5609 5613
f 5605 5612 5614
f 5614 5609 5610
f 5613 5612 5611
f 5616 5622 5621
f 5616 5617 5615
f 5618 5619 5617
f 5619 5623 5624
f 5618 5621 5625
f 5617 5624 5626
f 5626 5621 5622
f 5625 5624 5623
f 5628 5634 5633
f 5628 5629 5627
f 5630 5631 5629
f 5631 5635 5636
f 5630 5633 5637
f 5629 5636 5638
f 5638 5633 5634
f 5637 5636 5635
f 5640 5646 5645
f 5640 5641 5639
f 5642 5643 5641
f 5643 5647 5648
f 5642 5645 5649
f 5641 5648 5650
f 5650 5645 5646
f 5649 5648 5647
f 5652 5658 5657
f 5652 5653 5651
f 5654 5655 5653
f 5655 5659 5660
f 5654 5657 5661
f 5653 5660 5662
f 5662 5657 5658
f 5661 5660 5659
f 5664 5670 5669
f 5664 5665 5663
f 5666 5667 5665
f 5667 5671 5672
f 5666 5669 5673
f 5665 5672 5674
f 5674 5669 5670
f 5673 5672 5671
f 5676 5682 5681
f 5676 5677 5675
f 5678 5679 5677
f 5679 5683 5684
f 5678 5681 5685
f 5677 5684 5686
f 5686 5681 5682
f 5685 5684 5683
f 5688 5694 5693
f 5688 5689 5687
f 5690 5691 5689
f 5691 5695 5696
f 5690 5693 5697
f 5689 5696 5698
f 5698 5693 5694
f 5697 5696 5695
f 5700 5706 5705
f 5700 5701 5699
f 5702 5703 5701
f 5703 5707 5708
f 5702 5705 5709
f 5701 5708 5710
f 5710 5705 5706
f 5709 5708 5707
f 5712 5718 5717
f 5712 5713 5711
f 5714 5715 5713
f 5715 5719 5720
f 5714 5717 5721
f 5713 5720 5722
f 5722 5717 5718
f 5721 5720 5719
f 5724 5730 5729
f 5724 5725 5723
f 5726 5727 5725
f 5727 5731 5732
f 5726 5729 5733
f 5725 5732 5734
f 5734 5729 5730
f 5733 5732 5731
f 5736 5742 5741
f 5736 5737 5735
f 5738 5739 5737
f 5739 5743 5744
f 5738 5741 5745
f 5737 5744 5746
f 5746 5741 5742
f 5745 5744 5743
f 5748 5754 5753
f 5748 5749 5747
f 5750 5751 5749
f 5751 5755 5756
f 5750 5753 5757
f 5749 5756 5758
f 5758 5753 5754
f 5757 5756 5755
f 5760 5766 5765
f 5760 5761 5759
f 5762 5763 5761
f 5763 5767 5768
f 5762 5765 5769
f 5761 5768 5770
f 5770 5765 5766
f 5769 5768 5767
f 5772 5778 5777
f 5772 5773 5771
f 5774 5775 5773
f 5775 5779 5780
f 5774 5777 5781
f 5773 5780 5782
f 5782 5777 5778
f 5781 5780 5779
f 5784 5790 5789
f 5784 5785 5783
f 5786 5787 5785
f 5787 5791 5792
f 5786 5789 5793
f 5785 5792 5794
f 5794 5789 5790
f 5793 5792 5791
f 5796 5802 5801
f 5796 5797 5795
f 5798 5799 5797
f 5799 5803 5804
f 5798 5801 5805
f 5797 5804 5806
f 5806 5801 5802
f 5805 5804 5803
f 5808 5814 5813
f 5808 5809 5807
f 5810 5811 5809
f 5811 5815 5816
f 5810 5813 5817
f 5809 5816 5818
f 5818 5813 5814
f 5817 5816 5815
f 5820 5826 5825
f 5820 5821 5819
f 5822 5823 5821
f 5823 5827 5828
f 5822 5825 5829
f 5821 5828 5830
f 5830 5825 5826
f 5829 5828 5827
f 5832 5838 5837
f 5832 5833 5831
f 5834 5835 5833
f 5835 5839 5840
f 5834 5837 5841
f 5833 5840 5842
f 5842 5837 5838
f 5841 5840 5839
f 5844 5850 5849
f 5844 5845 5843
f 5846 5847 5845
f 5847 5851 5852
f 5846 5849 5853
f 5845 5852 5854
f 5854 5849 5850
f 5853 5852 5851
f 5856 5862 5861
f 5856 5857 5855
f 5858 5859 5857
f 5859 5863 5864
f 5858 5861 5865
f 5857 5864 5866
f 5866 5861 5862
f 5865 5864 5863
f 5868 5874 5873
f 5868 5869 5867
f 5870 5871 5869
f 5871 5875 5876
f 5870 5873 5877
f 5869 5876 5878
f 5878 5873 5874
f 5877 5876 5875
f 5880 5886 5885
f 5880 5881 5879
f 5882 5883 5881
f 5883 5887 5888
f 5882 5885 5889
f 5881 5888 5890
f 5890 5885 5886
f 5889 5888 5887
f 5892 5898 5897
f 5892 5893 5891
f 5894 5895 5893
f 5895 5899 5900
f 5894 5897 5901
f 5893 5900 5902
f 5902 5897 5898
f 5901 5900 5899
f 5904 5910 5909
f 5904 5905 5903
f 5906 5907 5905
f 5907 5911 5912
f 5906 5909 5913
f 5905 5912 5914
f 5914 5909 5910
f 5913 5912 5911
f 5916 5922 5921
f 5916 5917 5915
f 5918 5919 5917
f 5919 5923 5924
f 5918 5921 5925
f 5917 5924 5926
f 5926 5921 5922
f 5925 5924 5923
f 5928 5934 5933
f 5928 5929 5927
f 5930 5931 5929
f 5931 5935 5936
f 5930 5933 5937
f 5929 5936 5938
f 5938 5933 5934
f 5937 5936 5935
f 5940 5946 5945
f 5940 5941 5939
f 5942 5943 5941
f 5943 5947 5948
f 5942 5945 5949
f 5941 5948 5950
f 5950 5945 5946
f 5949 5948 5947
f 5952 5958 5957
f 5952 5953 5951
f 5954 5955 5953
f 5955 5959 5960
f 5954 5957 5961
f 5953 5960 5962
f 5962 5957 5958
f 5961 5960 5959
f 5964 5970 5969
f 5964 5965 5963
f 5966 5967 5965
f 5967 5971 5972
f 5966 5969 5973
f 5965 5972 5974
f 5974 5969 5970
f 5973 5972 5971
f 5976 5982 5981
f 5976 5977 5975
f 5978 5979 5977
f 5979 5983 5984
f 5978 5981 5985
f 5977 5984 5986
f 5986 5981 5982
f 5985 5984 5983
f 5988 5994 5993
f 5988 5989 5987
f 5990 5991 5989
f 5991 5995 5996
f 5990 5993 5997
f 5989 5996 5998
f 5998 5993 5994
f 5997 5996 5995
f 6000 6006 6005
f 6000 6001 5999
f 6002 6003 6001
f 6003 6007 6008
f 6002 6005 6009
f 6001 6008 6010
f 6010 6005 6006
f 6009 6008 6007
f 6012 6018 6017
f 6012 6013 6011
f 6014 6015 6013
f 6015 6019 6020
f 6014 6017 6021
f 6013 6020 6022
f 6022 6017 6018
f 6021 6020 6019
f 6024 6030 6029
f 6024 6025 6023
f 6026 6027 6025
f 6027 6031 6032
f 6026 6029 6033
f 6025 6032 6034
f 6034 6029 6030
f 6033 6032 6031
f 6036 6042 6041
f 6036 6037 6035
f 6038 6039 6037
f 6039 6043 6044
f 6038 6041 6045
f 6037 6044 6046
f 6046 6041 6042
f 6045 6044 6043
f 6048 6054 6053
f 6048 6049 6047
f 6050 6051 6049
f 6051 6055 6056
f 6050 6053 6057
f 6049 6056 6058
f 6058 6053 6054
f 6057 6056 6055
f 6060 6066 6065
f 6060 6061 6059
f 6062 6063 6061
f 6063 6067 6068
f 6062 6065 6069
f 6061 6068 6070
f 6070 6065 6066
f 6069 6068 6067
f 6072 6078 6077
f 6072 6073 6071
f 6074 6075 6073
f 6075 6079 6080
f 6074 6077 6081
f 6073 6080 6082
f 6082 6077 6078
f 6081 6080 6079
f 6084 6090 6089
f 6084 6085 6083
f 6086 6087 6085
f 6087 6091 6092
f 6086 6089 6093
f 6085 6092 6094
f 6094 6089 6090
f 6093 6092 6091
f 6096 6102 6101
f 6096 6097 6095
f 6098 6099 6097
f 6099 6103 6104
f 6098 6101 6105
f 6097 6104 6106
f 6106 6101 6102
f 6105 6104 6103
f 6108 6114 6113
f 6108 6109 6107
f 6110 6111 6109
f 6111 6115 6116
f 6110 6113 6117
f 6109 6116 6118
f 6118 6113 6114
f 6117 6116 6115
f 6120 6126 6125
f 6120 6121 6119
f 6122 6123 6121
f 6123 6127 6128
f 6122 6125 6129
f 6121 6128 6130
f 6130 6125 6126
f 6129 6128 6127
f 6132 6138 6137
f 6132 6133 6131
f 6134 6135 6133
f 6135 6139 6140
f 6134 6137 6141
f 6133 6140 6142
f 6142 6137 6138
f 6141 6140 6139
f 6144 6150 6149
f 6144 6145 6143
f 6146 6147 6145
f 6147 6151 6152
f 6146 6149 6153
f 6145 6152 6154
f 6154 6149 6150
f 6153 6152 6151
f 6156 6162 6161
f 6156 6157 6155
f 6158 6159 6157
f 6159 6163 6164
f 6158 6161 6165
f 6157 6164 6166
f 6166 6161 6162
f 6165 6164 6163
f 6168 6174 6173
f 6168 6169 6167
f 6170 6171 6169
f 6171 6175 6176
f 6170 6173 6177
f 6169 6176 6178
f 6178 6173 6174
f 6177 6176 6175
f 6180 6186 6185
f 6180 6181 6179
f 6182 6183 6181
f 6183 6187 6188
f 6182 6185 6189
f 6181 6188 6190
f 6190 6185 6186
f 6189 6188 6187
f 6192 6198 6197
f 6192 6193 6191
f 6194 6195 6193
f 6195 6199 6200
f 6194 6197 6201
f 6193 6200 6202
f 6202 6197 6198
f 6201 6200 6199
f 6204 6210 6209
f 6204 6205 6203
f 6206 6207 6205
f 6207 6211 6212
f 6206 6209 6213
f 6205 6212 6214
f 6214 6209 6210
f 6213 6212 6211
f 6216 6222 6221
f 6216 6217 6215
f 6218 6219 6217
f 6219 6223 6224
f 6218 6221 6225
f 6217 6224 6226
f 6226 6221 6222
f 6225 6224 6223
f 6228 6234 6233
f 6228 6229 6227
f 6230 6231 6229
f 6231 6235 6236
f 6230 6233 6237
f 6229 6236 6238
f 6238 6233 6234
f 6237 6236 6235
f 6240 6246 6245
f 6240 6241 6239
f 6242 6243 6241
f 6243 6247 6248
f 6242 6245 6249
f 6241 6248 6250
f 6250 6245 6246
f 6249 6248 6247
f 6252 6258 6257
f 6252 6253 6251
f 6254 6255 6253
f 6255 6259 6260
f 6254 6257 6261
f 6253 6260 6262
f 6262 6257 6258
f 6261 6260 6259
f 6264 6270 6269
f 6264 6265 6263
f 6266 6267 6265
f 6267 6271 6272
f 6266 6269 6273
f 6265 6272 6274
f 6274 6269 6270
f 6273 6272 6271
f 6276 6282 6281
f 6276 6277 6275
f 6278 6279 6277
f 6279 6283 6284
f 6278 6281 6285
f 6277 6284 6286
f 6286 6281 6282
f 6285 6284 6283
f 6288 6294 6293
f 6288 6289 6287
f 6290 6291 6289
f 6291 6295 6296
f 6290 6293 6297
f 6289 6296 6298
f 6298 6293 6294
f 6297 6296 6295
f 6300 6306 6305
f 6300 6301 6299
f 6302 6303 6301
f 6303 6307 6308
f 6302 6305 6309
f 6301 6308 6310
f 6310 6305 6306
f 6309 6308 6307
f 6312 6318 6317
f 6312 6313 6311
f 6314 6315 6313
f 6315 6319 6320
f 6314 6317 6321
f 6313 6320 6322
f 6322 6317 6318
f 6321 6320 6319
f 6324 6330 6329
f 6324 6325 6323
f 6326 6327 6325
f 6327 6331 6332
f 6326 6329 6333
f 6325 6332 6334
f 6334 6329 6330
f 6333 6332 6331
f 6336 6342 6341
f 6336 6337 6335
f 6338 6339 6337
f 6339 6343 6344
f 6338 6341 6345
f 6337 6344 6346
f 6346 6341 6342
f 6345 6344 6343
f 6348 6354 6353
f 6348 6349 6347
f 6350 6351 6349
f 6351 6355 6356
f 6350 6353 6357
f 6349 6356 6358
f 6358 6353 6354
f 6357 6356 6355
f 6360 6366 6365
f 6360 6361 6359
f 6362 6363 6361
f 6363 6367 6368
f 6362 6365 6369
f 6361 6368 6370
f 6370 6365 6366
f 6369 6368 6367
f 6372 6378 6377
f 6372 6373 6371
f 6374 6375 6373
f 6375 6379 6380
f 6374 6377 6381
f 6373 6380 6382
f 6382 6377 6378
f 6381 6380 6379
f 6384 6390 6389
f 6384 6385 6383
f 6386 6387 6385
f 6387 6391 6392
f 6386 6389 6393
f 6385 6392 6394
f 6394 6389 6390
f 6393 6392 6391
f 6396 6402 6401
f 6396 6397 6395
f 6398 6399 6397
f 6399 6403 6404
f 6398 6401 6405
f 6397 6404 6406
f 6406 6401 6402
f 6405 6404 6403
f 6408 6414 6413
f 6408 6409 6407
f 6410 6411 6409
f 6411 6415 6416
f 6410 6413 6417
f 6409 6416 6418
f 6418 6413 6414
f 6417 6416 6415
f 6420 6426 6425
f 6420 6421 6419
f 6422 6423 6421
f 6423 6427 6428
f 6422 6425 6429
f 6421 6428 6430
f 6430 6425 6426
f 6429 6428 6427
f 6432 6438 6437
f 6432 6433 6431
f 6434 6435 6433
f 6435 6439 6440
f 6434 6437 6441
f 6433 6440 6442
f 6442 6437 6438
f 6441 6440 6439
f 6444 6450 6449
f 6444 6445 6443
f 6446 6447 6445
f 6447 6451 6452
f 6446 6449 6453
f 6445 6452 6454
f 6454 6449 6450
f 6453 6452 6451
f 6456 6462 6461
f 6456 6457 6455
f 6458 6459 6457
f 6459 6463 6464
f 6458 6461 6465
f 6457 6464 6466
f 6466 6461 6462
f 6465 6464 6463
f 6468 6474 6473
f 6468 6469 6467
f 6470 6471 6469
f 6471 6475 6476
f 6470 6473 6477
f 6469 6476 6478
f 6478 6473 6474
f 6477 6476 6475
f 6480 6486 6485
f 6480 6481 6479
f 6482 6483 6481
f 6483 6487 6488
f 6482 6485 6489
f 6481 6488 6490
f 6490 6485 6486
f 6489 6488 6487
f 6492 6498 6497
f 6492 6493 6491
f 6494 6495 6493
f 6495 6499 6500
f 6494 6497 6501
f 6493 6500 6502
f 6502 6497 6498
f 6501 6500 6499
f 6504 6510 6509
f 6504 6505 6503
f 6506 6507 6505
f 6507 6511 6512
f 6506 6509 6513
f 6505 6512 6514
f 6514 6509 6510
f 6513 6512 6511
f 6516 6522 6521
f 6516 6517 6515
f 6518 6519 6517
f 6519 6523 6524
f 6518 6521 6525
f 6517 6524 6526
f 6526 6521 6522
f 6525 6524 6523
f 6528 6534 6533
f 6528 6529 6527
f 6530 6531 6529
f 6531 6535 6536
f 6530 6533 6537
f 6529 6536 6538
f 6538 6533 6534
f 6537 6536 6535
f 6540 6546 6545
f 6540 6541 6539
f 6542 6543 6541
f 6543 6547 6548
f 6542 6545 6549
f 6541 6548 6550
f 6550 6545 6546
f 6549 6548 6547
f 6552 6558 6557
f 6552 6553 6551
f 6554 6555 6553
f 6555 6559 6560
f 6554 6557 6561
f 6553 6560 6562
f 6562 6557 6558
f 6561 6560 6559
f 6564 6570 6569
f 6564 6565 6563
f 6566 6567 6565
f 6567 6571 6572
f 6566 6569 6573
f 6565 6572 6574
f 6574 6569 6570
f 6573 6572 6571
f 6576 6582 6581
f 6576 6577 6575
f 6578 6579 6577
f 6579 6583 6584
f 6578 6581 6585
f 6577 6584 6586
f 6586 6581 6582
f 6585 6584 6583
f 6588 6594 6593
f 6588 6589 6587
f 6590 6591 6589
f 6591 6595 6596
f 6590 6593 6597
f 6589 6596 6598
f 6598 6593 6594
f 6597 6596 6595
f 6600 6606 6605
f 6600 6601 6599
f 6602 6603 6601
f 6603 6607 6608
f 6602 6605 6609
f 6601 6608 6610
f 6610 6605 6606
f 6609 6608 6607
f 6612 6618 6617
f 6612 6613 6611
f 6614 6615 6613
f 6615 6619 6620
f 6614 6617 6621
f 6613 6620 6622
f 6622 6617 6618
f 6621 6620 6619
f 6624 6630 6629
f 6624 6625 6623
f 6626 6627 6625
f 6627 6631 6632
f 6626 6629 6633
f 6625 6632 6634
f 6634 6629 6630
f 6633 6632 6631
f 6636 6642 6641
f 6636 6637 6635
f 6638 6639 6637
f 6639 6643 6644
f 6638 6641 6645
f 6637 6644 6646
f 6646 6641 6642
f 6645 6644 6643
f 6648 6654 6653
f 6648 6649 6647
f 6650 6651 6649
f 6651 6655 6656
f 6650 6653 6657
f 6649 6656 6658
f 6658 6653 6654
f 6657 6656 6655
f 6660 6666 6665
f 6660 6661 6659
f 6662 6663 6661
f 6663 6667 6668
f 6662 6665 6669
f 6661 6668 6670
f 6670 6665 6666
f 6669 6668 6667
f 6672 6678 6677
f 6672 6673 6671
f 6674 6675 6673
f 6675 6679 6680
f 6674 6677 6681
f 6673 6680 6682
f 6682 6677 6678
f 6681 6680 6679
f 6684 6690 6689
f 6684 6685 6683
f 6686 6687 6685
f 6687 6691 6692
f 6686 6689 6693
f 6685 6692 6694
f 6694 6689 6690
f 6693 6692 6691
f 6696 6702 6701
f 6696 6697 6695
f 6698 6699 6697
f 6699 6703 6704
f 6698 6701 6705
f 6697 6704 6706
f 6706 6701 6702
f 6705 6704 6703
f 6708 6714 6713
f 6708 6709 6707
f 6710 6711 6709
f 6711 6715 6716
f 6710 6713 6717
f 6709 6716 6718
f 6718 6713 6714
f 6717 6716 6715
f 6720 6726 6725
f 6720 6721 6719
f 6722 6723 6721
f 6723 6727 6728
f 6722 6725 6729
f 6721 6728 6730
f 6730 6725 6726
f 6729 6728 6727
f 6732 6738 6737
f 6732 6733 6731
f 6734 6735 6733
f 6735 6739 6740
f 6734 6737 6741
f 6733 6740 6742
f 6742 6737 6738
f 6741 6740 6739
f 6744 6750 6749
f 6744 6745 6743
f 6746 6747 6745
f 6747 6751 6752
f 6746 6749 6753
f 6745 6752 6754
f 6754 6749 6750
f 6753 6752 6751
f 6756 6762 6761
f 6756 6757 6755
f 6758 6759 6757
f 6759 6763 6764
f 6758 6761 6765
f 6757 6764 6766
f 6766 6761 6762
f 6765 6764 6763
f 6768 6774 6773
f 6768 6769 6767
f 6770 6771 6769
f 6771 6775 6776
f 6770 6773 6777
f 6769 6776 6778
f 6778 6773 6774
f 6777 6776 6775
f 6780 6786 6785
f 6780 6781 6779
f 6782 6783 6781
f 6783 6787 6788
f 6782 6785 6789
f 6781 6788 6790
f 6790 6785 6786
f 6789 6788 6787
f 6792 6798 6797
f 6792 6793 6791
f 6794 6795 6793
f 6795 6799 6800
f 6794 6797 6801
f 6793 6800 6802
f 6802 6797 6798
f 6801 6800 6799
f 6804 6810 6809
f 6804 6805 6803
f 6806 6807 6805
f 6807 6811 6812
f 6806 6809 6813
f 6805 6812 6814
f 6814 6809 6810
f 6813 6812 6811
f 6816 6822 6821
f 6816 6817 6815
f 6818 6819 6817
f 6819 6823 6824
f 6818 6821 6825
f 6817 6824 6826
f 6826 6821 6822
f 6825 6824 6823
f 6828 6834 6833
f 6828 6829 6827
f 6830 6831 6829
f 6831 6835 6836
f 6830 6833 6837
f 6829 6836 6838
f 6838 6833 6834
f 6837 6836 6835
f 6840 6846 6845
f 6840 6841 6839
f 6842 6843 6841
f 6843 6847 6848
f 6842 6845 6849
f 6841 6848 6850
f 6850 6845 6846
f 6849 6848 6847
f 6852 6858 6857
f 6852 6853 6851
f 6854 6855 6853
f 6855 6859 6860
f 6854 6857 6861
f 6853 6860 6862
f 6862 6857 6858
f 6861 6860 6859
f 6864 6870 6869
f 6864 6865 6863
f 6866 6867 6865
f 6867 6871 6872
f 6866 6869 6873
f 6865 6872 6874
f 6874 6869 6870
f 6873 6872 6871
f 6876 6882 6881
f 6876 6877 6875
f 6878 6879 6877
f 6879 6883 6884
f 6878 6881 6885
f 6877 6884 6886
f 6886 6881 6882
f 6885 6884 6883
f 6888 6894 6893
f 6888 6889 6887
f 6890 6891 6889
f 6891 6895 6896
f 6890 6893 6897
f 6889 6896 6898
f 6898 6893 6894
f 6897 6896 6895
f 6900 6906 6905
f 6900 6901 6899
f 6902 6903 6901
f 6903 6907 6908
f 6902 6905 6909
f 6901 6908 6910
f 6910 6905 6906
f 6909 6908 6907
f 6912 6918 6917
f 6912 6913 6911
f 6914 6915 6913
f 6915 6919 6920
f 6914 6917 6921
f 6913 6920 6922
f 6922 6917 6918
f 6921 6920 6919
f 6924 6930 6929
f 6924 6925 6923
f 6926 6927 6925
f 6927 6931 6932
f 6926 6929 6933
f 6925 6932 6934
f 6934 6929 6930
f 6933 6932 6931
f 6936 6942 6941
f 6936 6937 6935
f 6938 6939 6937
f 6939 6943 6944
f 6938 6941 6945
f 6937 6944 6946
f 6946 6941 6942
f 6945 6944 6943
f 6948 6954 6953
f 6948 6949 6947
f 6950 6951 6949
f 6951 6955 6956
f 6950 6953 6957
f 6949 6956 6958
f 6958 6953 6954
f 6957 6956 6955
f 6960 6966 6965
f 6960 6961 6959
f 6962 6963 6961
f 6963 6967 6968
f 6962 6965 6969
f 6961 6968 6970
f 6970 6965 6966
f 6969 6968 6967
f 6972 6978 6977
f 6972 6973 6971
f 6974 6975 6973
f 6975 6979 6980
f 6974 6977 6981
f 6973 6980 6982
f 6982 6977 6978
f 6981 6980 6979
f 6984 6990 6989
f 6984 6985 6983
f 6986 6987 6985
f 6987 6991 6992
f 6986 6989 6993
f 6985 6992 6994
f 6994 6989 6990
f 6993 6992 6991
f 6996 7002 7001
f 6996 6997 6995
f 6998 6999 6997
f 6999 7003 7004
f 6998 7001 7005
f 6997 7004 7006
f 7006 7001 7002
f 7005 7004 7003
f 7008 7014 7013
f 7008 7009 7007
f 7010 7011 7009
f 7011 7015 7016
f 7010 7013 7017
f 7009 7016 7018
f 7018 7013 7014
f 7017 7016 7015
f 7020 7026 7025
f 7020 7021 7019
f 7022 7023 7021
f 7023 7027 7028
f 7022 7025 7029
f 7021 7028 7030
f 7030 7025 7026
f 7029 7028 7027
f 7032 7038 7037
f 7032 7033 7031
f 7034 7035 7033
f 7035 7039 7040
f 7034 7037 7041
f 7033 7040 7042
f 7042 7037 7038
f 7041 7040 7039
f 7044 7050 7049
f 7044 7045 7043
f 7046 7047 7045
f 7047 7051 7052
f 7046 7049 7053
f 7045 7052 7054
f 7054 7049 7050
f 7053 7052 7051
f 7056 7062 7061
f 7056 7057 7055
f 7058 7059 7057
f 7059 7063 7064
f 7058 7061 7065
f 7057 7064 7066
f 7066 7061 7062
f 7065 7064 7063
f 7068 7074 7073
f 7068 7069 7067
f 7070 7071 7069
f 7071 7075 7076
f 7070 7073 7077
f 7069 7076 7078
f 7078 7073 7074
f 7077 7076 7075
f 7080 7086 7085
f 7080 7081 7079
f 7082 7083 7081
f 7083 7087 7088
f 7082 7085 7089
f 7081 7088 7090
f 7090 7085 7086
f 7089 7088 7087
f 7092 7098 7097
f 7092 7093 7091
f 7094 7095 7093
f 7095 7099 7100
f 7094 7097 7101
f 7093 7100 7102
f 7102 7097 7098
f 7101 7100 7099
f 7104 7110 7109
f 7104 7105 7103
f 7106 7107 7105
f 7107 7111 7112
f 7106 7109 7113
f 7105 7112 7114
f 7114 7109 7110
f 7113 7112 7111
f 7116 7122 7121
f 7116 7117 7115
f 7118 7119 7117
f 7119 7123 7124
f 7118 7121 7125
f 7117 7124 7126
f 7126 7121 7122
f 7125 7124 7123
f 7128 7134 7133
f 7128 7129 7127
f 7130 7131 7129
f 7131 7135 7136
f 7130 7133 7137
f 7129 7136 7138
f 7138 7133 7134
f 7137 7136 7135
f 7140 7146 7145
f 7140 7141 7139
f 7142 7143 7141
f 7143 7147 7148
f 7142 7145 7149
f 7141 7148 7150
f 7150 7145 7146
f 7149 7148 7147
f 7152 7158 7157
f 7152 7153 7151
f 7154 7155 7153
f 7155 7159 7160
f 7154 7157 7161
f 7153 7160 7162
f 7162 7157 7158
f 7161 7160 7159
f 7164 7170 7169
f 7164 7165 7163
f 7166 7167 7165
f 7167 7171 7172
f 7166 7169 7173
f 7165 7172 7174
f 7174 7169 7170
f 7173 7172 7171
f 7176 7182 7181
f 7176 7177 7175
f 7178 7179 7177
f 7179 7183 7184
f 7178 7181 7185
f 7177 7184 7186
f 7186 7181 7182
f 7185 7184 7183
f 7188 7194 7193
f 7188 7189 7187
f 7190 7191 7189
f 7191 7195 7196
f 7190 7193 7197
f 7189 7196 7198
f 7198 7193 7194
f 7197 7196 7195
f 7200 7206 7205
f 7200 7201 7199
f 7202 7203 7201
f 7203 7207 7208
f 7202 7205 7209
f 7201 7208 7210
f 7210 7205 7206
f 7209 7208 7207
f 7212 7218 7217
f 7212 7213 7211
f 7214 7215 7213
f 7215 7219 7220
f 7214 7217 7221
f 7213 7220 7222
f 7222 7217 7218
f 7221 7220 7219
f 7224 7230 7229
f 7224 7225 7223
f 7226 7227 7225
f 7227 7231 7232
f 7226 7229 7233
f 7225 7232 7234
f 7234 7229 7230
f 7233 7232 7231
f 7236 7242 7241
f 7236 7237 7235
f 7238 7239 7237
f 7239 7243 7244
f 7238 7241 7245
f 7237 7244 7246
f 7246 7241 7242
f 7245 7244 7243
f 7248 7254 7253
f 7248 7249 7247
f 7250 7251 7249
f 7251 7255 7256
f 7250 7253 7257
f 7249 7256 7258
f 7258 7253 7254
f 7257 7256 7255
f 7260 7266 7265
f 7260 7261 7259
f 7262 7263 7261
f 7263 7267 7268
f 7262 7265 7269
f 7261 7268 7270
f 7270 7265 7266
f 7269 7268 7267
f 7272 7278 7277
f 7272 7273 7271
f 7274 7275 7273
f 7275 7279 7280
f 7274 7277 7281
f 7273 7280 7282
f 7282 7277 7278
f 7281 7280 7279
f 7284 7290 7289
f 7284 7285 7283
f 7286 7287 7285
f 7287 7291 7292
f 7286 7289 7293
f 7285 7292 7294
f 7294 7289 7290
f 7293 7292 7291
f 7296 7302 7301
f 7296 7297 7295
f 7298 7299 7297
f 7299 7303 7304
f 7298 7301 7305
f 7297 7304 7306
f 7306 7301 7302
f 7305 7304 7303
f 7308 7314 7313
f 7308 7309 7307
f 7310 7311 7309
f 7311 7315 7316
f 7310 7313 7317
f 7309 7316 7318
f 7318 7313 7314
f 7317 7316 7315
f 7320 7326 7325
f 7320 7321 7319
f 7322 7323 7321
f 7323 7327 7328
f 7322 7325 7329
f 7321 7328 7330
f 7330 7325 7326
f 7329 7328 7327
f 7332 7338 7337
f 7332 7333 7331
f 7334 7335 7333
f 7335 7339 7340
f 7334 7337 7341
f 7333 7340 7342
f 7342 7337 7338
f 7341 7340 7339
f 7344 7350 7349
f 7344 7345 7343
f 7346 7347 7345
f 7347 7351 7352
f 7346 7349 7353
f 7345 7352 7354
f 7354 7349 7350
f 7353 7352 7351
f 7356 7362 7361
f 7356 7357 7355
f 7358 7359 7357
f 7359 7363 7364
f 7358 7361 7365
f 7357 7364 7366
f 7366 7361 7362
f 7365 7364 7363
f 7368 7374 7373
f 7368 7369 7367
f 7370 7371 7369
f 7371 7375 7376
f 7370 7373 7377
f 7369 7376 7378
f 7378 7373 7374
f 7377 7376 7375
f 7380 7386 7385
f 7380 7381 7379
f 7382 7383 7381
f 7383 7387 7388
f 7382 7385 7389
f 7381 7388 7390
f 7390 7385 7386
f 7389 7388 7387
f 7392 7398 7397
f 7392 7393 7391
f 7394 7395 7393
f 7395 7399 7400
f 7394 7397 7401
f 7393 7400 7402
f 7402 7397 7398
f 7401 7400 7399
f 7404 7410 7409
f 7404 7405 7403
f 7406 7407 7405
f 7407 7411 7412
f 7406 7409 7413
f 7405 7412 7414
f 7414 7409 7410
f 7413 7412 7411
f 7416 7422 7421
f 7416 7417 7415
f 7418 7419 7417
f 7419 7423 7424
f 7418 7421 7425
f 7417 7424 7426
f 7426 7421 7422
f 7425 7424 7423
f 7428 7434 7433
f 7428 7429 7427
f 7430 7431 7429
f 7431 7435 7436
f 7430 7433 7437
f 7429 7436 7438
f 7438 7433 7434
f 7437 7436 7435
f 7440 7446 7445
f 7440 7441 7439
f 7442 7443 7441
f 7443 7447 7448
f 7442 7445 7449
f 7441 7448 7450
f 7450 7445 7446
f 7449 7448 7447
f 7452 7458 7457
f 7452 7453 7451
f 7454 7455 7453
f 7455 7459 7460
f 7454 7457 7461
f 7453 7460 7462
f 7462 7457 7458
f 7461 7460 7459
f 7464 7470 7469
f 7464 7465 7463
f 7466 7467 7465
f 7467 7471 7472
f 7466 7469 7473
f 7465 7472 7474
f 7474 7469 7470
f 7473 7472 7471
f 7476 7482 7481
f 7476 7477 7475
f 7478 7479 7477
f 7479 7483 7484
f 7478 7481 7485
f 7477 7484 7486
f 7486 7481 7482
f 7485 7484 7483
f 7488 7494 7493
f 7488 7489 7487
f 7490 7491 7489
f 7491 7495 7496
f 7490 7493 7497
f 7489 7496 7498
f 7498 7493 7494
f 7497 7496 7495
f 7500 7506 7505
f 7500 7501 7499
f 7502 7503 7501
f 7503 7507 7508
f 7502 7505 7509
f 7501 7508 7510
f 7510 7505 7506
f 7509 7508 7507
f 7512 7518 7517
f 7512 7513 7511
f 7514 7515 7513
f 7515 7519 7520
f 7514 7517 7521
f 7513 7520 7522
f 7522 7517 7518
f 7521 7520 7519
f 7524 7530 7529
f 7524 7525 7523
f 7526 7527 7525
f 7527 7531 7532
f 7526 7529 7533
f 7525 7532 7534
f 7534 7529 7530
f 7533 7532 7531
f 7536 7542 7541
f 7536 7537 7535
f 7538 7539 7537
f 7539 7543 7544
f 7538 7541 7545
f 7537 7544 7546
f 7546 7541 7542
f 7545 7544 7543
f 7548 7554 7553
f 7548 7549 7547
f 7550 7551 7549
f 7551 7555 7556
f 7550 7553 7557
f 7549 7556 7558
f 7558 7553 7554
f 7557 7556 7555
f 7560 7566 7565
f 7560 7561 7559
f 7562 7563 7561
f 7563 7567 7568
f 7562 7565 7569
f 7561 7568 7570
f 7570 7565 7566
f 7569 7568 7567
f 7572 7578 7577
f 7572 7573 7571
f 7574 7575 7573
f 7575 7579 7580
f 7574 7577 7581
f 7573 7580 7582
f 7582 7577 7578
f 7581 7580 7579
f 7584 7590 7589
f 7584 7585 7583
f 7586 7587 7585
f 7587 7591 7592
f 7586 7589 7593
f 7585 7592 7594
f 7594 7589 7590
f 7593 7592 7591
f 7596 7602 7601
f 7596 7597 7595
f 7598 7599 7597
f 7599 7603 7604
f 7598 7601 7605
f 7597 7604 7606
f 7606 7601 7602
f 7605 7604 7603
f 7608 7614 7613
f 7608 7609 7607
f 7610 7611 7609
f 7611 7615 7616
f 7610 7613 7617
f 7609 7616 7618
f 7618 7613 7614
f 7617 7616 7615
f 7620 7626 7625
f 7620 7621 7619
f 7622 7623 7621
f 7623 7627 7628
f 7622 7625 7629
f 7621 7628 7630
f 7630 7625 7626
f 7629 7628 7627
f 7632 7638 7637
f 7632 7633 7631
f 7634 7635 7633
f 7635 7639 7640
f 7634 7637 7641
f 7633 7640 7642
f 7642 7637 7638
f 7641 7640 7639
f 7644 7650 7649
f 7644 7645 7643
f 7646 7647 7645
f 7647 7651 7652
f 7646 7649 7653
f 7645 7652 7654
f 7654 7649 7650
f 7653 7652 7651
f 7656 7662 7661
f 7656 7657 7655
f 7658 7659 7657
f 7659 7663 7664
f 7658 7661 7665
f 7657 7664 7666
f 7666 7661 7662
f 7665 7664 7663
f 7668 7674 7673
f 7668 7669 7667
f 7670 7671 7669
f 7671 7675 7676
f 7670 7673 7677
f 7669 7676 7678
f 7678 7673 7674
f 7677 7676 7675
f 7680 7686 7685
f 7680 7681 7679
f 7682 7683 7681
f 7683 7687 7688
f 7682 7685 7689
f 7681 7688 7690
f 7690 7685 7686
f 7689 7688 7687
f 7692 7698 7697
f 7692 7693 7691
f 7694 7695 7693
f 7695 7699 7700
f 7694 7697 7701
f 7693 7700 7702
f 7702 7697 7698
f 7701 7700 7699
f 7704 7710 7709
f 7704 7705 7703
f 7706 7707 7705
f 7707 7711 7712
f 7706 7709 7713
f 7705 7712 7714
f 7714 7709 7710
f 7713 7712 7711
f 7716 7722 7721
f 7716 7717 7715
f 7718 7719 7717
f 7719 7723 7724
f 7718 7721 7725
f 7717 7724 7726
f 7726 7721 7722
f 7725 7724 7723
f 7728 7734 7733
f 7728 7729 7727
f 7730 7731 7729
f 7731 7735 7736
f 7730 7733 7737
f 7729 7736 7738
f 7738 7733 7734
f 7737 7736 7735
f 7740 7746 7745
f 7740 7741 7739
f 7742 7743 7741
f 7743 7747 7748
f 7742 7745 7749
f 7741 7748 7750
f 7750 7745 7746
f 7749 7748 7747
f 7752 7758 7757
f 7752 7753 7751
f 7754 7755 7753
f 7755 7759 7760
f 7754 7757 7761
f 7753 7760 7762
f 7762 7757 7758
f 7761 7760 7759
f 7764 7770 7769
f 7764 7765 7763
f 7766 7767 7765
f 7767 7771 7772
f 7766 7769 7773
f 7765 7772 7774
f 7774 7769 7770
f 7773 7772 7771
f 7776 7782 7781
f 7776 7777 7775
f 7778 7779 7777
f 7779 7783 7784
f 7778 7781 7785
f 7777 7784 7786
f 7786 7781 7782
f 7785 7784 7783
f 7788 7794 7793
f 7788 7789 7787
f 7790 7791 7789
f 7791 7795 7796
f 7790 7793 7797
f 7789 7796 7798
f 7798 7793 7794
f 7797 7796 7795
f 7800 7806 7805
f 7800 7801 7799
f 7802 7803 7801
f 7803 7807 7808
f 7802 7805 7809
f 7801 7808 7810
f 7810 7805 7806
f 7809 7808 7807
f 7812 7818 7817
f 7812 7813 7811
f 7814 7815 7813
f 7815 7819 7820
f 7814 7817 7821
f 7813 7820 7822
f 7822 7817 7818
f 7821 7820 7819
f 7824 7830 7829
f 7824 7825 7823
f 7826 7827 7825
f 7827 7831 7832
f 7826 7829 7833
f 7825 7832 7834
f 7834 7829 7830
f 7833 7832 7831
f 7836 7842 7841
f 7836 7837 7835
f 7838 7839 7837
f 7839 7843 7844
f 7838 7841 7845
f 7837 7844 7846
f 7846 7841 7842
f 7845 7844 7843
f 7848 7854 7853
f 7848 7849 7847
f 7850 7851 7849
f 7851 7855 7856
f 7850 7853 7857
f 7849 7856 7858
f 7858 7853 7854
f 7857 7856 7855
f 7860 7866 7865
f 7860 7861 7859
f 7862 7863 7861
f 7863 7867 7868
f 7862 7865 7869
f 7861 7868 7870
f 7870 7865 7866
f 7869 7868 7867
f 7872 7878 7877
f 7872 7873 7871
f 7874 7875 7873
f 7875 7879 7880
f 7874 7877 7881
f 7873 7880 7882
f 7882 7877 7878
f 7881 7880 7879
f 7884 7890 7889
f 7884 7885 7883
f 7886 7887 7885
f 7887 7891 7892
f 7886 7889 7893
f 7885 7892 7894
f 7894 7889 7890
f 7893 7892 7891
f 7896 7902 7901
f 7896 7897 7895
f 7898 7899 7897
f 7899 7903 7904
f 7898 7901 7905
f 7897 7904 7906
f 7906 7901 7902
f 7905 7904 7903
f 7908 7914 7913
f 7908 7909 7907
f 7910 7911 7909
f 7911 7915 7916
f 7910 7913 7917
f 7909 7916 7918
f 7918 7913 7914
f 7917 7916 7915
f 7920 7926 7925
f 7920 7921 7919
f 7922 7923 7921
f 7923 7927 7928
f 7922 7925 7929
f 7921 7928 7930
f 7930 7925 7926
f 7929 7928 7927
f 7932 7938 7937
f 7932 7933 7931
f 7934 7935 7933
f 7935 7939 7940
f 7934 7937 7941
f 7933 7940 7942
f 7942 7937 7938
f 7941 7940 7939
f 7944 7950 7949
f 7944 7945 7943
f 7946 7947 7945
f 7947 7951 7952
f 7946 7949 7953
f 7945 7952 7954
f 7954 7949 7950
f 7953 7952 7951
f 7956 7962 7961
f 7956 7957 7955
f 7958 7959 7957
f 7959 7963 7964
f 7958 7961 7965
f 7957 7964 7966
f 7966 7961 7962
f 7965 7964 7963
f 7968 7974 7973
f 7968 7969 7967
f 7970 7971 7969
f 7971 7975 7976
f 7970 7973 7977
f 7969 7976 7978
f 7978 7973 7974
f 7977 7976 7975
f 7980 7986 7985
f 7980 7981 7979
f 7982 7983 7981
f 7983 7987 7988
f 7982 7985 7989
f 7981 7988 7990
f 7990 7985 7986
f 7989 7988 7987
f 7992 7998 7997
f 7992 7993 7991
f 7994 7995 7993
f 7995 7999 8000
f 7994 7997 8001
f 7993 8000 8002
f 8002 7997 7998
f 8001 8000 7999
f 8004 8010 8009
f 8004 8005 8003
f 8006 8007 8005
f 8007 8011 8012
f 8006 8009 8013
f 8005 8012 8014
f 8014 8009 8010
f 8013 8012 8011
f 8016 8022 8021
f 8016 8017 8015
f 8018 8019 8017
f 8019 8023 8024
f 8018 8021 8025
f 8017 8024 8026
f 8026 8021 8022
f 8025 8024 8023
f 8028 8034 8033
f 8028 8029 8027
f 8030 8031 8029
f 8031 8035 8036
f 8030 8033 8037
f 8029 8036 8038
f 8038 8033 8034
f 8037 8036 8035
f 8040 8046 8045
f 8040 8041 8039
f 8042 8043 8041
f 8043 8047 8048
f 8042 8045 8049
f 8041 8048 8050
f 8050 8045 8046
f 8049 8048 8047
f 8052 8058 8057
f 8052 8053 8051
f 8054 8055 8053
f 8055 8059 8060
f 8054 8057 8061
f 8053 8060 8062
f 8062 8057 8058
f 8061 8060 8059
f 8064 8070 8069
f 8064 8065 8063
f 8066 8067 8065
f 8067 8071 8072
f 8066 8069 8073
f 8065 8072 8074
f 8074 8069 8070
f 8073 8072 8071
f 8076 8082 8081
f 8076 8077 8075
f 8078 8079 8077
f 8079 8083 8084
f 8078 8081 8085
f 8077 8084 8086
f 8086 8081 8082
f 8085 8084 8083
f 8088 8094 8093
f 8088 8089 8087
f 8090 8091 8089
f 8091 8095 8096
f 8090 8093 8097
f 8089 8096 8098
f 8098 8093 8094
f 8097 8096 8095
f 8100 8106 8105
f 8100 8101 8099
f 8102 8103 8101
f 8103 8107 8108
f 8102 8105 8109
f 8101 8108 8110
f 8110 8105 8106
f 8109 8108 8107
f 8112 8118 8117
f 8112 8113 8111
f 8114 8115 8113
f 8115 8119 8120
f 8114 8117 8121
f 8113 8120 8122
f 8122 8117 8118
f 8121 8120 8119
f 8124 8130 8129
f 8124 8125 8123
f 8126 8127 8125
f 8127 8131 8132
f 8126 8129 8133
f 8125 8132 8134
f 8134 8129 8130
f 8133 8132 8131
f 8136 8142 8141
f 8136 8137 8135
f 8138 8139 8137
f 8139 8143 8144
f 8138 8141 8145
f 8137 8144 8146
f 8146 8141 8142
f 8145 8144 8143
f 8148 8154 8153
f 8148 8149 8147
f 8150 8151 8149
f 8151 8155 8156
f 8150 8153 8157
f 8149 8156 8158
f 8158 8153 8154
f 8157 8156 8155
f 8160 8166 8165
f 8160 8161 8159
f 8162 8163 8161
f 8163 8167 8168
f 8162 8165 8169
f 8161 8168 8170
f 8170 8165 8166
f 8169 8168 8167
f 8172 8178 8177
f 8172 8173 8171
f 8174 8175 8173
f 8175 8179 8180
f 8174 8177 8181
f 8173 8180 8182
f 8182 8177 8178
f 8181 8180 8179
f 8184 8190 8189
f 8184 8185 8183
f 8186 8187 8185
f 8187 8191 8192
f 8186 8189 8193
f 8185 8192 8194
f 8194 8189 8190
f 8193 8192 8191
f 8196 8202 8201
f 8196 8197 8195
f 8198 8199 8197
f 8199 8203 8204
f 8198 8201 8205
f 8197 8204 8206
f 8206 8201 8202
f 8205 8204 8203
f 8208 8214 8213
f 8208 8209 8207
f 8210 8211 8209
f 8211 8215 8216
f 8210 8213 8217
f 8209 8216 8218
f 8218 8213 8214
f 8217 8216 8215
f 8220 8226 8225
f 8220 8221 8219
f 8222 8223 8221
f 8223 8227 8228
f 8222 8225 8229
f 8221 8228 8230
f 8230 8225 8226
f 8229 8228 8227
f 8232 8238 8237
f 8232 8233 8231
f 8234 8235 8233
f 8235 8239 8240
f 8234 8237 8241
f 8233 8240 8242
f 8242 8237 8238
f 8241 8240 8239
f 8244 8250 8249
f 8244 8245 8243
f 8246 8247 8245
f 8247 8251 8252
f 8246 8249 8253
f 8245 8252 8254
f 8254 8249 8250
f 8253 8252 8251
f 8256 8262 8261
f 8256 8257 8255
f 8258 8259 8257
f 8259 8263 8264
f 8258 8261 8265
f 8257 8264 8266
f 8266 8261 8262
f 8265 8264 8263
f 8268 8274 8273
f 8268 8269 8267
f 8270 8271 8269
f 8271 8275 8276
f 8270 8273 8277
f 8269 8276 8278
f 8278 8273 8274
f 8277 8276 8275
f 8280 8286 8285
f 8280 8281 8279
f 8282 8283 8281
f 8283 8287 8288
f 8282 8285 8289
f 8281 8288 8290
f 8290 8285 8286
f 8289 8288 8287
f 8292 8298 8297
f 8292 8293 8291
f 8294 8295 8293
f 8295 8299 8300
f 8294 8297 8301
f 8293 8300 8302
f 8302 8297 8298
f 8301 8300 8299
f 8304 8310 8309
f 8304 8305 8303
f 8306 8307 8305
f 8307 8311 8312
f 8306 8309 8313
f 8305 8312 8314
f 8314 8309 8310
f 8313 8312 8311
f 8316 8322 8321
f 8316 8317 8315
f 8318 8319 8317
f 8319 8323 8324
f 8318 8321 8325
f 8317 8324 8326
f 8326 8321 8322
f 8325 8324 8323
f 8328 8334 8333
f 8328 8329 8327
f 8330 8331 8329
f 8331 8335 8336
f 8330 8333 8337
f 8329 8336 8338
f 8338 8333 8334
f 8337 8336 8335
f 8340 8346 8345
f 8340 8341 8339
f 8342 8343 8341
f 8343 8347 8348
f 8342 8345 8349
f 8341 8348 8350
f 8350 8345 8346
f 8349 8348 8347
f 8352 8358 8357
f 8352 8353 8351
f 8354 8355 8353
f 8355 8359 8360
f 8354 8357 8361
f 8353 8360 8362
f 8362 8357 8358
f 8361 8360 8359
f 8364 8370 8369
f 8364 8365 8363
f 8366 8367 8365
f 8367 8371 8372
f 8366 8369 8373
f 8365 8372 8374
f 8374 8369 8370
f 8373 8372 8371
f 8376 8382 8381
f 8376 8377 8375
f 8378 8379 8377
f 8379 8383 8384
f 8378 8381 8385
f 8377 8384 8386
f 8386 8381 8382
f 8385 8384 8383
f 8388 8394 8393
f 8388 8389 8387
f 8390 8391 8389
f 8391 8395 8396
f 8390 8393 8397
f 8389 8396 8398
f 8398 8393 8394
f 8397 8396 8395
f 8400 8406 8405
f 8400 8401 8399
f 8402 8403 8401
f 8403 8407 8408
f 8402 8405 8409
f 8401 8408 8410
f 8410 8405 8406
f 8409 8408 8407
f 8412 8418 8417
f 8412 8413 8411
f 8414 8415 8413
f 8415 8419 8420
f 8414 8417 8421
f 8413 8420 8422
f 8422 8417 8418
f 8421 8420 8419
f 8424 8430 8429
f 8424 8425 8423
f 8426 8427 8425
f 8427 8431 8432
f 8426 8429 8433
f 8425 8432 8434
f 8434 8429 8430
f 8433 8432 8431
f 8436 8442 8441
f 8436 8437 8435
f 8438 8439 8437
f 8439 8443 8444
f 8438 8441 8445
f 8437 8444 8446
f 8446 8441 8442
f 8445 8444 8443
f 8448 8454 8453
f 8448 8449 8447
f 8450 8451 8449
f 8451 8455 8456
f 8450 8453 8457
f 8449 8456 8458
f 8458 8453 8454
f 8457 8456 8455
f 8460 8466 8465
f 8460 8461 8459
f 8462 8463 8461
f 8463 8467 8468
f 8462 8465 8469
f 8461 8468 8470
f 8470 8465 8466
f 8469 8468 8467
f 8472 8478 8477
f 8472 8473 8471
f 8474 8475 8473
f 8475 8479 8480
f 8474 8477 8481
f 8473 8480 8482
f 8482 8477 8478
f 8481 8480 8479
f 8484 8490 8489
f 8484 8485 8483
f 8486 8487 8485
f 8487 8491 8492
f 8486 8489 8493
f 8485 8492 8494
f 8494 8489 8490
f 8493 8492 8491
f 8496 8502 8501
f 8496 8497 8495
f 8498 8499 8497
f 8499 8503 8504
f 8498 8501 8505
f 8497 8504 8506
f 8506 8501 8502
f 8505 8504 8503
f 8508 8514 8513
f 8508 8509 8507
f 8510 8511 8509
f 8511 8515 8516
f 8510 8513 8517
f 8509 8516 8518
f 8518 8513 8514
f 8517 8516 8515
f 8520 8526 8525
f 8520 8521 8519
f 8522 8523 8521
f 8523 8527 8528
f 8522 8525 8529
f 8521 8528 8530
f 8530 8525 8526
f 8529 8528 8527
f 8532 8538 8537
f 8532 8533 8531
f 8534 8535 8533
f 8535 8539 8540
f 8534 8537 8541
f 8533 8540 8542
f 8542 8537 8538
f 8541 8540 8539
f 8544 8550 8549
f 8544 8545 8543
f 8546 8547 8545
f 8547 8551 8552
f 8546 8549 8553
f 8545 8552 8554
f 8554 8549 8550
f 8553 8552 8551
f 8556 8562 8561
f 8556 8557 8555
f 8558 8559 8557
f 8559 8563 8564
f 8558 8561 8565
f 8557 8564 8566
f 8566 8561 8562
f 8565 8564 8563
f 8568 8574 8573
f 8568 8569 8567
f 8570 8571 8569
f 8571 8575 8576
f 8570 8573 8577
f 8569 8576 8578
f 8578 8573 8574
f 8577 8576 8575
f 8580 8586 8585
f 8580 8581 8579
f 8582 8583 8581
f 8583 8587 8588
f 8582 8585 8589
f 8581 8588 8590
f 8590 8585 8586
f 8589 8588 8587
f 8592 8598 8597
f 8592 8593 8591
f 8594 8595 8593
f 8595 8599 8600
f 8594 8597 8601
f 8593 8600 8602
f 8602 8597 8598
f 8601 8600 8599
f 8604 8610 8609
f 8604 8605 8603
f 8606 8607 8605
f 8607 8611 8612
f 8606 8609 8613
f 8605 8612 8614
f 8614 8609 8610
f 8613 8612 8611
f 8616 8622 8621
f 8616 8617 8615
f 8618 8619 8617
f 8619 8623 8624
f 8618 8621 8625
f 8617 8624 8626
f 8626 8621 8622
f 8625 8624 8623
f 8628 8634 8633
f 8628 8629 8627
f 8630 8631 8629
f 8631 8635 8636
f 8630 8633 8637
f 8629 8636 8638
f 8638 8633 8634
f 8637 8636 8635
f 8640 8646 8645
f 8640 8641 8639
f 8642 8643 8641
f 8643 8647 8648
f 8642 8645 8649
f 8641 8648 8650
f 8650 8645 8646
f 8649 8648 8647
f 8652 8658 8657
f 8652 8653 8651
f 8654 8655 8653
f 8655 8659 8660
f 8654 8657 8661
f 8653 8660 8662
f 8662 8657 8658
f 8661 8660 8659
f 8664 8670 8669
f 8664 8665 8663
f 8666 8667 8665
f 8667 8671 8672
f 8666 8669 8673
f 8665 8672 8674
f 8674 8669 8670
f 8673 8672 8671
f 8676 8682 8681
f 8676 8677 8675
f 8678 8679 8677
f 8679 8683 8684
f 8678 8681 8685
f 8677 8684 8686
f 8686 8681 8682
f 8685 8684 8683
f 8688 8694 8693
f 8688 8689 8687
f 8690 8691 8689
f 8691 8695 8696
f 8690 8693 8697
f 8689 8696 8698
f 8698 8693 8694
f 8697 8696 8695
f 8700 8706 8705
f 8700 8701 8699
f 8702 8703 8701
f 8703 8707 8708
f 8702 8705 8709
f 8701 8708 8710
f 8710 8705 8706
f 8709 8708 8707
f 8712 8718 8717
f 8712 8713 8711
f 8714 8715 8713
f 8715 8719 8720
f 8714 8717 8721
f 8713 8720 8722
f 8722 8717 8718
f 8721 8720 8719
f 8724 8730 8729
f 8724 8725 8723
f 8726 8727 8725
f 8727 8731 8732
f 8726 8729 8733
f 8725 8732 8734
f 8734 8729 8730
f 8733 8732 8731
f 8736 8742 8741
f 8736 8737 8735
f 8738 8739 8737
f 8739 8743 8744
f 8738 8741 8745
f 8737 8744 8746
f 8746 8741 8742
f 8745 8744 8743
f 8748 8754 8753
f 8748 8749 8747
f 8750 8751 8749
f 8751 8755 8756
f 8750 8753 8757
f 8749 8756 8758
f 8758 8753 8754
f 8757 8756 8755
f 8760 8766 8765
f 8760 8761 8759
f 8762 8763 8761
f 8763 8767 8768
f 8762 8765 8769
f 8761 8768 8770
f 8770 8765 8766
f 8769 8768 8767
f 8772 8778 8777
f 8772 8773 8771
f 8774 8775 8773
f 8775 8779 8780
f 8774 8777 8781
f 8773 8780 8782
f 8782 8777 8778
f 8781 8780 8779
f 8784 8790 8789
f 8784 8785 8783
f 8786 8787 8785
f 8787 8791 8792
f 8786 8789 8793
f 8785 8792 8794
f 8794 8789 8790
f 8793 8792 8791
f 8796 8802 8801
f 8796 8797 8795
f 8798 8799 8797
f 8799 8803 8804
f 8798 8801 8805
f 8797 8804 8806
f 8806 8801 8802
f 8805 8804 8803
f 8808 8814 8813
f 8808 8809 8807
f 8810 8811 8809
f 8811 8815 8816
f 8810 8813 8817
f 8809 8816 8818
f 8818 8813 8814
f 8817 8816 8815
f 8820 8826 8825
f 8820 8821 8819
f 8822 8823 8821
f 8823 8827 8828
f 8822 8825 8829
f 8821 8828 8830
f 8830 8825 8826
f 8829 8828 8827
f 8832 8838 8837
f 8832 8833 8831
f 8834 8835 8833
f 8835 8839 8840
f 8834 8837 8841
f 8833 8840 8842
f 8842 8837 8838
f 8841 8840 8839
f 8844 8850 8849
f 8844 8845 8843
f 8846 8847 8845
f 8847 8851 8852
f 8846 8849 8853
f 8845 8852 8854
f 8854 8849 8850
f 8853 8852 8851
f 8856 8862 8861
f 8856 8857 8855
f 8858 8859 8857
f 8859 8863 8864
f 8858 8861 8865
f 8857 8864 8866
f 8866 8861 8862
f 8865 8864 8863
f 8868 8874 8873
f 8868 8869 8867
f 8870 8871 8869
f 8871 8875 8876
f 8870 8873 8877
f 8869 8876 8878
f 8878 8873 8874
f 8877 8876 8875
f 8880 8886 8885
f 8880 8881 8879
f 8882 8883 8881
f 8883 8887 8888
f 8882 8885 8889
f 8881 8888 8890
f 8890 8885 8886
f 8889 8888 8887
f 8892 8898 8897
f 8892 8893 8891
f 8894 8895 8893
f 8895 8899 8900
f 8894 8897 8901
f 8893 8900 8902
f 8902 8897 8898
f 8901 8900 8899
f 8904 8910 8909
f 8904 8905 8903
f 8906 8907 8905
f 8907 8911 8912
f 8906 8909 8913
f 8905 8912 8914
f 8914 8909 8910
f 8913 8912 8911
f 8916 8922 8921
f 8916 8917 8915
f 8918 8919 8917
f 8919 8923 8924
f 8918 8921 8925
f 8917 8924 8926
f 8926 8921 8922
f 8925 8924 8923
f 8928 8934 8933
f 8928 8929 8927
f 8930 8931 8929
f 8931 8935 8936
f 8930 8933 8937
f 8929 8936 8938
f 8938 8933 8934
f 8937 8936 8935
f 8940 8946 8945
f 8940 8941 8939
f 8942 8943 8941
f 8943 8947 8948
f 8942 8945 8949
f 8941 8948 8950
f 8950 8945 8946
f 8949 8948 8947
f 8952 8958 8957
f 8952 8953 8951
f 8954 8955 8953
f 8955 8959 8960
f 8954 8957 8961
f 8953 8960 8962
f 8962 8957 8958
f 8961 8960 8959
f 8964 8970 8969
f 8964 8965 8963
f 8966 8967 8965
f 8967 8971 8972
f 8966 8969 8973
f 8965 8972 8974
f 8974 8969 8970
f 8973 8972 8971
f 8976 8982 8981
f 8976 8977 8975
f 8978 8979 8977
f 8979 8983 8984
f 8978 8981 8985
f 8977 8984 8986
f 8986 8981 8982
f 8985 8984 8983
f 8988 8994 8993
f 8988 8989 8987
f 8990 8991 8989
f 8991 8995 8996
f 8990 8993 8997
f 8989 8996 8998
f 8998 8993 8994
f 8997 8996 8995
f 9000 9006 9005
f 9000 9001 8999
f 9002 9003 9001
f 9003 9007 9008
f 9002 9005 9009
f 9001 9008 9010
f 9010 9005 9006
f 9009 9008 9007
f 9012 9018 9017
f 9012 9013 9011
f 9014 9015 9013
f 9015 9019 9020
f 9014 9017 9021
f 9013 9020 9022
f 9022 9017 9018
f 9021 9020 9019
f 9024 9030 9029
f 9024 9025 9023
f 9026 9027 9025
f 9027 9031 9032
f 9026 9029 9033
f 9025 9032 9034
f 9034 9029 9030
f 9033 9032 9031
f 9036 9042 9041
f 9036 9037 9035
f 9038 9039 9037
f 9039 9043 9044
f 9038 9041 9045
f 9037 9044 9046
f 9046 9041 9042
f 9045 9044 9043
f 9048 9054 9053
f 9048 9049 9047
f 9050 9051 9049
f 9051 9055 9056
f 9050 9053 9057
f 9049 9056 9058
f 9058 9053 9054
f 9057 9056 9055
f 9060 9066 9065
f 9060 9061 9059
f 9062 9063 9061
f 9063 9067 9068
f 9062 9065 9069
f 9061 9068 9070
f 9070 9065 9066
f 9069 9068 9067
f 9072 9078 9077
f 9072 9073 9071
f 9074 9075 9073
f 9075 9079 9080
f 9074 9077 9081
f 9073 9080 9082
f 9082 9077 9078
f 9081 9080 9079
f 9084 9090 9089
f 9084 9085 9083
f 9086 9087 9085
f 9087 9091 9092
f 9086 9089 9093
f 9085 9092 9094
f 9094 9089 9090
f 9093 9092 9091
f 9096 9102 9101
f 9096 9097 9095
f 9098 9099 9097
f 9099 9103 9104
f 9098 9101 9105
f 9097 9104 9106
f 9106 9101 9102
f 9105 9104 9103
f 9108 9114 9113
f 9108 9109 9107
f 9110 9111 9109
f 9111 9115 9116
f 9110 9113 9117
f 9109 9116 9118
f 9118 9113 9114
f 9117 9116 9115
f 9120 9126 9125
f 9120 9121 9119
f 9122 9123 9121
f 9123 9127 9128
f 9122 9125 9129
f 9121 9128 9130
f 9130 9125 9126
f 9129 9128 9127
f 9132 9138 9137
f 9132 9133 9131
f 9134 9135 9133
f 9135 9139 9140
f 9134 9137 9141
f 9133 9140 9142
f 9142 9137 9138
f 9141 9140 9139
f 9144 9150 9149
f 9144 9145 9143
f 9146 9147 9145
f 9147 9151 9152
f 9146 9149 9153
f 9145 9152 9154
f 9154 9149 9150
f 9153 9152 9151
f 9156 9162 9161
f 9156 9157 9155
f 9158 9159 9157
f 9159 9163 9164
f 9158 9161 9165
f 9157 9164 9166
f 9166 9161 9162
f 9165 9164 9163
f 9168 9174 9173
f 9168 9169 9167
f 9170 9171 9169
f 9171 9175 9176
f 9170 9173 9177
f 9169 9176 9178
f 9178 9173 9174
f 9177 9176 9175
f 9180 9186 9185
f 9180 9181 9179
f 9182 9183 9181
f 9183 9187 9188
f 9182 9185 9189
f 9181 9188 9190
f 9190 9185 9186
f 9189 9188 9187
f 9192 9198 9197
f 9192 9193 9191
f 9194 9195 9193
f 9195 9199 9200
f 9194 9197 9201
f 9193 9200 9202
f 9202 9197 9198
f 9201 9200 9199
f 9204 9210 9209
f 9204 9205 9203
f 9206 9207 9205
f 9207 9211 9212
f 9206 9209 9213
f 9205 9212 9214
f 9214 9209 9210
f 9213 9212 9211
f 9216 9222 9221
f 9216 9217 9215
f 9218 9219 9217
f 9219 9223 9224
f 9218 9221 9225
f 9217 9224 9226
f 9226 9221 9222
f 9225 9224 9223
f 9228 9234 9233
f 9228 9229 9227
f 9230 9231 9229
f 9231 9235 9236
f 9230 9233 9237
f 9229 9236 9238
f 9238 9233 9234
f 9237 9236 9235
f 9240 9246 9245
f 9240 9241 9239
f 9242 9243 9241
f 9243 9247 9248
f 9242 9245 9249
f 9241 9248 9250
f 9250 9245 9246
f 9249 9248 9247
f 9252 9258 9257
f 9252 9253 9251
f 9254 9255 9253
f 9255 9259 9260
f 9254 9257 9261
f 9253 9260 9262
f 9262 9257 9258
f 9261 9260 9259
f 9264 9270 9269
f 9264 9265 9263
f 9266 9267 9265
f 9267 9271 9272
f 9266 9269 9273
f 9265 9272 9274
f 9274 9269 9270
f 9273 9272 9271
f 9276 9282 9281
f 9276 9277 9275
f 9278 9279 9277
f 9279 9283 9284
f 9278 9281 9285
f 9277 9284 9286
f 9286 9281 9282
f 9285 9284 9283
f 9288 9294 9293
f 9288 9289 9287
f 9290 9291 9289
f 9291 9295 9296
f 9290 9293 9297
f 9289 9296 9298
f 9298 9293 9294
f 9297 9296 9295
f 9300 9306 9305
f 9300 9301 9299
f 9302 9303 9301
f 9303 9307 9308
f 9302 9305 9309
f 9301 9308 9310
f 9310 9305 9306
f 9309 9308 9307
f 9312 9318 9317
f 9312 9313 9311
f 9314 9315 9313
f 9315 9319 9320
f 9314 9317 9321
f 9313 9320 9322
f 9322 9317 9318
f 9321 9320 9319
f 9324 9330 9329
f 9324 9325 9323
f 9326 9327 9325
f 9327 9331 9332
f 9326 9329 9333
f 9325 9332 9334
f 9334 9329 9330
f 9333 9332 9331
f 9336 9342 9341
f 9336 9337 9335
f 9338 9339 9337
f 9339 9343 9344
f 9338 9341 9345
f 9337 9344 9346
f 9346 9341 9342
f 9345 9344 9343
f 9348 9354 9353
f 9348 9349 9347
f 9350 9351 9349
f 9351 9355 9356
f 9350 9353 9357
f 9349 9356 9358
f 9358 9353 9354
f 9357 9356 9355
f 9360 9366 9365
f 9360 9361 9359
f 9362 9363 9361
f 9363 9367 9368
f 9362 9365 9369
f 9361 9368 9370
f 9370 9365 9366
f 9369 9368 9367
f 9372 9378 9377
f 9372 9373 9371
f 9374 9375 9373
f 9375 9379 9380
f 9374 9377 9381
f 9373 9380 9382
f 9382 9377 9378
f 9381 9380 9379
f 9384 9390 9389
f 9384 9385 9383
f 9386 9387 9385
f 9387 9391 9392
f 9386 9389 9393
f 9385 9392 9394
f 9394 9389 9390
f 9393 9392 9391
f 9396 9402 9401
f 9396 9397 9395
f 9398 9399 9397
f 9399 9403 9404
f 9398 9401 9405
f 9397 9404 9406
f 9406 9401 9402
f 9405 9404 9403
f 9408 9414 9413
f 9408 9409 9407
f 9410 9411 9409
f 9411 9415 9416
f 9410 9413 9417
f 9409 9416 9418
f 9418 9413 9414
f 9417 9416 9415
f 9420 9426 9425
f 9420 9421 9419
f 9422 9423 9421
f 9423 9427 9428
f 9422 9425 9429
f 9421 9428 9430
f 9430 9425 9426
f 9429 9428 9427
f 9432 9438 9437
f 9432 9433 9431
f 9434 9435 9433
f 9435 9439 9440
f 9434 9437 9441
f 9433 9440 9442
f 9442 9437 9438
f 9441 9440 9439
f 9444 9450 9449
f 9444 9445 9443
f 9446 9447 9445
f 9447 9451 9452
f 9446 9449 9453
f 9445 9452 9454
f 9454 9449 9450
f 9453 9452 9451
f 9456 9462 9461
f 9456 9457 9455
f 9458 9459 9457
f 9459 9463 9464
f 9458 9461 9465
f 9457 9464 9466
f 9466 9461 9462
f 9465 9464 9463
f 9468 9474 9473
f 9468 9469 9467
f 9470 9471 9469
f 9471 9475 9476
f 9470 9473 9477
f 9469 9476 9478
f 9478 9473 9474
f 9477 9476 9475
f 9480 9486 9485
f 9480 9481 9479
f 9482 9483 9481
f 9483 9487 9488
f 9482 9485 9489
f 9481 9488 9490
f 9490 9485 9486
f 9489 9488 9487
f 9492 9498 9497
f 9492 9493 9491
f 9494 9495 9493
f 9495 9499 9500
f 9494 9497 9501
f 9493 9500 9502
f 9502 9497 9498
f 9501 9500 9499
f 9504 9510 9509
f 9504 9505 9503
f 9506 9507 9505
f 9507 9511 9512
f 9506 9509 9513
f 9505 9512 9514
f 9514 9509 9510
f 9513 9512 9511
f 9516 9522 9521
f 9516 9517 9515
f 9518 9519 9517
f 9519 9523 9524
f 9518 9521 9525
f 9517 9524 9526
f 9526 9521 9522
f 9525 9524 9523
f 9528 9534 9533
f 9528 9529 9527
f 9530 9531 9529
f 9531 9535 9536
f 9530 9533 9537
f 9529 9536 9538
f 9538 9533 9534
f 9537 9536 9535
f 9540 9546 9545
f 9540 9541 9539
f 9542 9543 9541
f 9543 9547 9548
f 9542 9545 9549
f 9541 9548 9550
f 9550 9545 9546
f 9549 9548 9547
f 9552 9558 9557
f 9552 9553 9551
f 9554 9555 9553
f 9555 9559 9560
f 9554 9557 9561
f 9553 9560 9562
f 9562 9557 9558
f 9561 9560 9559
f 9564 9570 9569
f 9564 9565 9563
f 9566 9567 9565
f 9567 9571 9572
f 9566 9569 9573
f 9565 9572 9574
f 9574 9569 9570
f 9573 9572 9571
f 9576 9582 9581
f 9576 9577 9575
f 9578 9579 9577
f 9579 9583 9584
f 9578 9581 9585
f 9577 9584 9586
f 9586 9581 9582
f 9585 9584 9583
f 9588 9594 9593
f 9588 9589 9587
f 9590 9591 9589
f 9591 9595 9596
f 9590 9593 9597
f 9589 9596 9598
f 9598 9593 9594
f 9597 9596 9595
f 9600 9606 9605
f 9600 9601 9599
f 9602 9603 9601
f 9603 9607 9608
f 9602 9605 9609
f 9601 9608 9610
f 9610 9605 9606
f 9609 9608 9607
f 9612 9618 9617
f 9612 9613 9611
f 9614 9615 9613
f 9615 9619 9620
f 9614 9617 9621
f 9613 9620 9622
f 9622 9617 9618
f 9621 9620 9619
f 9624 9630 9629
f 9624 9625 9623
f 9626 9627 9625
f 9627 9631 9632
f 9626 9629 9633
f 9625 9632 9634
f 9634 9629 9630
f 9633 9632 9631
f 9636 9642 9641
f 9636 9637 9635
f 9638 9639 9637
f 9639 9643 9644
f 9638 9641 9645
f 9637 9644 9646
f 9646 9641 9642
f 9645 9644 9643
f 9648 9654 9653
f 9648 9649 9647
f 9650 9651 9649
f 9651 9655 9656
f 9650 9653 9657
f 9649 9656 9658
f 9658 9653 9654
f 9657 9656 9655
f 9660 9666 9665
f 9660 9661 9659
f 9662 9663 9661
f 9663 9667 9668
f 9662 9665 9669
f 9661 9668 9670
f 9670 9665 9666
f 9669 9668 9667
f 9672 9678 9677
f 9672 9673 9671
f 9674 9675 9673
f 9675 9679 9680
f 9674 9677 9681
f 9673 9680 9682
f 9682 9677 9678
f 9681 9680 9679
f 9684 9690 9689
f 9684 9685 9683
f 9686 9687 9685
f 9687 9691 9692
f 9686 9689 9693
f 9685 9692 9694
f 9694 9689 9690
f 9693 9692 9691
f 9696 9702 9701
f 9696 9697 9695
f 9698 9699 9697
f 9699 9703 9704
f 9698 9701 9705
f 9697 9704 9706
f 9706 9701 9702
f 9705 9704 9703
f 9708 9714 9713
f 9708 9709 9707
f 9710 9711 9709
f 9711 9715 9716
f 9710 9713 9717
f 9709 9716 9718
f 9718 9713 9714
f 9717 9716 9715
f 9720 9726 9725
f 9720 9721 9719
f 9722 9723 9721
f 9723 9727 9728
f 9722 9725 9729
f 9721 9728 9730
f 9730 9725 9726
f 9729 9728 9727
f 9732 9738 9737
f 9732 9733 9731
f 9734 9735 9733
f 9735 9739 9740
f 9734 9737 9741
f 9733 9740 9742
f 9742 9737 9738
f 9741 9740 9739
f 9744 9750 9749
f 9744 9745 9743
f 9746 9747 9745
f 9747 9751 9752
f 9746 9749 9753
f 9745 9752 9754
f 9754 9749 9750
f 9753 9752 9751
f 9756 9762 9761
f 9756 9757 9755
f 9758 9759 9757
f 9759 9763 9764
f 9758 9761 9765
f 9757 9764 9766
f 9766 9761 9762
f 9765 9764 9763
f 9768 9774 9773
f 9768 9769 9767
f 9770 9771 9769
f 9771 9775 9776
f 9770 9773 9777
f 9769 9776 9778
f 9778 9773 9774
f 9777 9776 9775
f 9780 9786 9785
f 9780 9781 9779
f 9782 9783 9781
f 9783 9787 9788
f 9782 9785 9789
f 9781 9788 9790
f 9790 9785 9786
f 9789 9788 9787
f 9792 9798 9797
f 9792 9793 9791
f 9794 9795 9793
f 9795 9799 9800
f 9794 9797 9801
f 9793 9800 9802
f 9802 9797 9798
f 9801 9800 9799
f 9804 9810 9809
f 9804 9805 9803
f 9806 9807 9805
f 9807 9811 9812
f 9806 9809 9813
f 9805 9812 9814
f 9814 9809 9810
f 9813 9812 9811
f 9816 9822 9821
f 9816 9817 9815
f 9818 9819 9817
f 9819 9823 9824
f 9818 9821 9825
f 9817 9824 9826
f 9826 9821 9822
f 9825 9824 9823
f 9828 9834 9833
f 9828 9829 9827
f 9830 9831 9829
f 9831 9835 9836
f 9830 9833 9837
f 9829 9836 9838
f 9838 9833 9834
f 9837 9836 9835
f 9840 9846 9845
f 9840 9841 9839
f 9842 9843 9841
f 9843 9847 9848
f 9842 9845 9849
f 9841 9848 9850
f 9850 9845 9846
f 9849 9848 9847
f 9852 9858 9857
f 9852 9853 9851
f 9854 9855 9853
f 9855 9859 9860
f 9854 9857 9861
f 9853 9860 9862
f 9862 9857 9858
f 9861 9860 9859
f 9864 9870 9869
f 9864 9865 9863
f 9866 9867 9865
f 9867 9871 9872
f 9866 9869 9873
f 9865 9872 9874
f 9874 9869 9870
f 9873 9872 9871
f 9876 9882 9881
f 9876 9877 9875
f 9878 9879 9877
f 9879 9883 9884
f 9878 9881 9885
f 9877 9884 9886
f 9886 9881 9882
f 9885 9884 9883
f 9888 9894 9893
f 9888 9889 9887
f 9890 9891 9889
f 9891 9895 9896
f 9890 9893 9897
f 9889 9896 9898
f 9898 9893 9894
f 9897 9896 9895
f 9900 9906 9905
f 9900 9901 9899
f 9902 9903 9901
f 9903 9907 9908
f 9902 9905 9909
f 9901 9908 9910
f 9910 9905 9906
f 9909 9908 9907
f 9912 9918 9917
f 9912 9913 9911
f 9914 9915 9913
f 9915 9919 9920
f 9914 9917 9921
f 9913 9920 9922
f 9922 9917 9918
f 9921 9920 9919
f 9924 9930 9929
f 9924 9925 9923
f 9926 9927 9925
f 9927 9931 9932
f 9926 9929 9933
f 9925 9932 9934
f 9934 9929 9930
f 9933 9932 9931
f 9936 9942 9941
f 9936 9937 9935
f 9938 9939 9937
f 9939 9943 9944
f 9938 9941 9945
f 9937 9944 9946
f 9946 9941 9942
f 9945 9944 9943
f 9948 9954 9953
f 9948 9949 9947
f 9950 9951 9949
f 9951 9955 9956
f 9950 9953 9957
f 9949 9956 9958
f 9958 9953 9954
f 9957 9956 9955
f 9960 9966 9965
f 9960 9961 9959
f 9962 9963 9961
f 9963 9967 9968
f 9962 9965 9969
f 9961 9968 9970
f 9970 9965 9966
f 9969 9968 9967
f 9972 9978 9977
f 9972 9973 9971
f 9974 9975 9973
f 9975 9979 9980
f 9974 9977 9981
f 9973 9980 9982
f 9982 9977 9978
f 9981 9980 9979
f 9984 9990 9989
f 9984 9985 9983
f 9986 9987 9985
f 9987 9991 9992
f 9986 9989 9993
f 9985 9992 9994
f 9994 9989 9990
f 9993 9992 9991
f 9996 10002 10001
f 9996 9997 9995
f 9998 9999 9997
f 9999 10003 10004
f 9998 10001 10005
f 9997 10004 10006
f 10006 10001 10002
f 10005 10004 10003
f 10008 10014 10013
f 10008 10009 10007
f 10010 10011 10009
f 10011 10015 10016
f 10010 10013 10017
f 10009 10016 10018
f 10018 10013 10014
f 10017 10016 10015
f 10020 10026 10025
f 10020 10021 10019
f 10022 10023 10021
f 10023 10027 10028
f 10022 10025 10029
f 10021 10028 10030
f 10030 10025 10026
f 10029 10028 10027
f 10032 10038 10037
f 10032 10033 10031
f 10034 10035 10033
f 10035 10039 10040
f 10034 10037 10041
f 10033 10040 10042
f 10042 10037 10038
f 10041 10040 10039
f 10044 10050 10049
f 10044 10045 10043
f 10046 10047 10045
f 10047 10051 10052
f 10046 10049 10053
f 10045 10052 10054
f 10054 10049 10050
f 10053 10052 10051
f 10056 10062 10061
f 10056 10057 10055
f 10058 10059 10057
f 10059 10063 10064
f 10058 10061 10065
f 10057 10064 10066
f 10066 10061 10062
f 10065 10064 10063
f 10068 10074 10073
f 10068 10069 10067
f 10070 10071 10069
f 10071 10075 10076
f 10070 10073 10077
f 10069 10076 10078
f 10078 10073 10074
f 10077 10076 10075
f 10080 10086 10085
f 10080 10081 10079
f 10082 10083 10081
f 10083 10087 10088
f 10082 10085 10089
f 10081 10088 10090
f 10090 10085 10086
f 10089 10088 10087
f 10092 10098 10097
f 10092 10093 10091
f 10094 10095 10093
f 10095 10099 10100
f 10094 10097 10101
f 10093 10100 10102
f 10102 10097 10098
f 10101 10100 10099
f 10104 10110 10109
f 10104 10105 10103
f 10106 10107 10105
f 10107 10111 10112
f 10106 10109 10113
f 10105 10112 10114
f 10114 10109 10110
f 10113 10112 10111
f 10116 10122 10121
f 10116 10117 10115
f 10118 10119 10117
f 10119 10123 10124
f 10118 10121 10125
f 10117 10124 10126
f 10126 10121 10122
f 10125 10124 10123
f 10128 10134 10133
f 10128 10129 10127
f 10130 10131 10129
f 10131 10135 10136
f 10130 10133 10137
f 10129 10136 10138
f 10138 10133 10134
f 10137 10136 10135
f 10140 10146 10145
f 10140 10141 10139
f 10142 10143 10141
f 10143 10147 10148
f 10142 10145 10149
f 10141 10148 10150
f 10150 10145 10146
f 10149 10148 10147
f 10152 10158 10157
f 10152 10153 10151
f 10154 10155 10153
f 10155 10159 10160
f 10154 10157 10161
f 10153 10160 10162
f 10162 10157 10158
f 10161 10160 10159
f 5124 5123 5130
f 5124 5126 5125
f 5126 5128 5127
f 5127 5128 5131
f 5133 5131 5128
f 5126 5124 5129
f 5133 5128 5126
f 5134 5130 5123
f 5125 5127 5132
f 5134 5123 5125
f 5134 5133 5129
f 5133 5134 5132
f 5136 5135 5142
f 5136 5138 5137
f 5138 5140 5139
f 5139 5140 5143
f 5145 5143 5140
f 5138 5136 5141
f 5145 5140 5138
f 5146 5142 5135
f 5137 5139 5144
f 5146 5135 5137
f 5146 5145 5141
f 5145 5146 5144
f 5148 5147 5154
f 5148 5150 5149
f 5150 5152 5151
f 5151 5152 5155
f 5157 5155 5152
f 5150 5148 5153
f 5157 5152 5150
f 5158 5154 5147
f 5149 5151 5156
f 5158 5147 5149
f 5158 5157 5153
f 5157 5158 5156
f 5160 5159 5166
f 5160 5162 5161
f 5162 5164 5163
f 5163 5164 5167
f 5169 5167 5164
f 5162 5160 5165
f 5169 5164 5162
f 5170 5166 5159
f 5161 5163 5168
f 5170 5159 5161
f 5170 5169 5165
f 5169 5170 5168
f 5172 5171 5178
f 5172 5174 5173
f 5174 5176 5175
f 5175 5176 5179
f 5181 5179 5176
f 5174 5172 5177
f 5181 5176 5174
f 5182 5178 5171
f 5173 5175 5180
f 5182 5171 5173
f 5182 5181 5177
f 5181 5182 5180
f 5184 5183 5190
f 5184 5186 5185
f 5186 5188 5187
f 5187 5188 5191
f 5193 5191 5188
f 5186 5184 5189
f 5193 5188 5186
f 5194 5190 5183
f 5185 5187 5192
f 5194 5183 5185
f 5194 5193 5189
f 5193 5194 5192
f 5196 5195 5202
f 5196 5198 5197
f 5198 5200 5199
f 5199 5200 5203
f 5205 5203 5200
f 5198 5196 5201
f 5205 5200 5198
f 5206 5202 5195
f 5197 5199 5204
f 5206 5195 5197
f 5206 5205 5201
f 5205 5206 5204
f 5208 5207 5214
f 5208 5210 5209
f 5210 5212 5211
f 5211 5212 5215
f 5217 5215 5212
f 5210 5208 5213
f 5217 5212 5210
f 5218 5214 5207
f 5209 5211 5216
f 5218 5207 5209
f 5218 5217 5213
f 5217 5218 5216
f 5220 5219 5226
f 5220 5222 5221
f 5222 5224 5223
f 5223 5224 5227
f 5229 5227 5224
f 5222 5220 5225
f 5229 5224 5222
f 5230 5226 5219
f 5221 5223 5228
f 5230 5219 5221
f 5230 5229 5225
f 5229 5230 5228
f 5232 5231 5238
f 5232 5234 5233
f 5234 5236 5235
f 5235 5236 5239
f 5241 5239 5236
f 5234 5232 5237
f 5241 5236 5234
f 5242 5238 5231
f 5233 5235 5240
f 5242 5231 5233
f 5242 5241 5237
f 5241 5242 5240
f 5244 5243 5250
f 5244 5246 5245
f 5246 5248 5247
f 5247 5248 5251
f 5253 5251 5248
f 5246 5244 5249
f 5253 5248 5246
f 5254 5250 5243
f 5245 5247 5252
f 5254 5243 5245
f 5254 5253 5249
f 5253 5254 5252
f 5256 5255 5262
f 5256 5258 5257
f 5258 5260 5259
f 5259 5260 5263
f 5265 5263 5260
f 5258 5256 5261
f 5265 5260 5258
f 5266 5262 5255
f 5257 5259 5264
f 5266 5255 5257
f 5266 5265 5261
f 5265 5266 5264
f 5268 5267 5274
f 5268 5270 5269
f 5270 5272 5271
f 5271 5272 5275
f 5277 5275 5272
f 5270 5268 5273
f 5277 5272 5270
f 5278 5274 5267
f 5269 5271 5276
f 5278 5267 5269
f 5278 5277 5273
f 5277 5278 5276
f 5280 5279 5286
f 5280 5282 5281
f 5282 5284 5283
f 5283 5284 5287
f 5289 5287 5284
f 5282 5280 5285
f 5289 5284 5282
f 5290 5286 5279
f 5281 5283 5288
f 5290 5279 5281
f 5290 5289 5285
f 5289 5290 5288
f 5292 5291 5298
f 5292 5294 5293
f 5294 5296 5295
f 5295 5296 5299
f 5301 5299 5296
f 5294 5292 5297
f 5301 5296 5294
f 5302 5298 5291
f 5293 5295 5300
f 5302 5291 5293
f 5302 5301 5297
f 5301 5302 5300
f 5304 5303 5310
f 5304 5306 5305
f 5306 5308 5307
f 5307 5308 5311
f 5313 5311 5308
f 5306 5304 5309
f 5313 5308 5306
f 5314 5310 5303
f 5305 5307 5312
f 5314 5303 5305
f 5314 5313 5309
f 5313 5314 5312
f 5316 5315 5322
f 5316 5318 5317
f 5318 5320 5319
f 5319 5320 5323
f 5325 5323 5320
f 5318 5316 5321
f 5325 5320 5318
f 5326 5322 5315
f 5317 5319 5324
f 5326 5315 5317
f 5326 5325 5321
f 5325 5326 5324
f 5328 5327 5334
f 5328 5330 5329
f 5330 5332 5331
f 5331 5332 5335
f 5337 5335 5332
f 5330 5328 5333
f 5337 5332 5330
f 5338 5334 5327
f 5329 5331 5336
f 5338 5327 5329
f 5338 5337 5333
f 5337 5338 5336
f 5340 5339 5346
f 5340 5342 5341
f 5342 5344 5343
f 5343 5344 5347
f 5349 5347 5344
f 5342 5340 5345
f 5349 5344 5342
f 5350 5346 5339
f 5341 5343 5348
f 5350 5339 5341
f 5350 5349 5345
f 5349 5350 5348
f 5352 5351 5358
f 5352 5354 5353
f 5354 5356 5355
f 5355 5356 5359
f 5361 5359 5356
f 5354 5352 5357
f 5361 5356 5354
f 5362 5358 5351
f 5353 5355 5360
f 5362 5351 5353
f 5362 5361 5357
f 5361 5362 5360
f 5364 5363 5370
f 5364 5366 5365
f 5366 5368 5367
f 5367 5368 5371
f 5373 5371 5368
f 5366 5364 5369
f 5373 5368 5366
f 5374 5370 5363
f 5365 5367 5372
f 5374 5363 5365
f 5374 5373 5369
f 5373 5374 5372
f 5376 5375 5382
f 5376 5378 5377
f 5378 5380 5379
f 5379 5380 5383
f 5385 5383 5380
f 5378 5376 5381
f 5385 5380 5378
f 5386 5382 5375
f 5377 5379 5384
f 5386 5375 5377
f 5386 5385 5381
f 5385 5386 5384
f 5388 5387 5394
f 5388 5390 5389
f 5390 5392 5391
f 5391 5392 5395
f 5397 5395 5392
f 5390 5388 5393
f 5397 5392 5390
f 5398 5394 5387
f 5389 5391 5396
f 5398 5387 5389
f 5398 5397 5393
f 5397 5398 5396
f 5400 5399 5406
f 5400 5402 5401
f 5402 5404 5403
f 5403 5404 5407
f 5409 5407 5404
f 5402 5400 5405
f 5409 5404 5402
f 5410 5406 5399
f 5401 5403 5408
f 5410 5399 5401
f 5410 5409 5405
f 5409 5410 5408
f 5412 5411 5418
f 5412 5414 5413
f 5414 5416 5415
f 5415 5416 5419
f 5421 5419 5416
f 5414 5412 5417
f 5421 5416 5414
f 5422 5418 5411
f 5413 5415 5420
f 5422 5411 5413
f 5422 5421 5417
f 5421 5422 5420
f 5424 5423 5430
f 5424 5426 5425
f 5426 5428 5427
f 5427 5428 5431
f 5433 5431 5428
f 5426 5424 5429
f 5433 5428 5426
f 5434 5430 5423
f 5425 5427 5432
f 5434 5423 5425
f 5434 5433 5429
f 5433 5434 5432
f 5436 5435 5442
f 5436 5438 5437
f 5438 5440 5439
f 5439 5440 5443
f 5445 5443 5440
f 5438 5436 5441
f 5445 5440 5438
f 5446 5442 5435
f 5437 5439 5444
f 5446 5435 5437
f 5446 5445 5441
f 5445 5446 5444
f 5448 5447 5454
f 5448 5450 5449
f 5450 5452 5451
f 5451 5452 5455
f 5457 5455 5452
f 5450 5448 5453
f 5457 5452 5450
f 5458 5454 5447
f 5449 5451 5456
f 5458 5447 5449
f 5458 5457 5453
f 5457 5458 5456
f 5460 5459 5466
f 5460 5462 5461
f 5462 5464 5463
f 5463 5464 5467
f 5469 5467 5464
f 5462 5460 5465
f 5469 5464 5462
f 5470 5466 5459
f 5461 5463 5468
f 5470 5459 5461
f 5470 5469 5465
f 5469 5470 5468
f 5472 5471 5478
f 5472 5474 5473
f 5474 5476 5475
f 5475 5476 5479
f 5481 5479 5476
f 5474 5472 5477
f 5481 5476 5474
f 5482 5478 5471
f 5473 5475 5480
f 5482 5471 5473
f 5482 5481 5477
f 5481 5482 5480
f 5484 5483 5490
f 5484 5486 5485
f 5486 5488 5487
f 5487 5488 5491
f 5493 5491 5488
f 5486 5484 5489
f 5493 5488 5486
f 5494 5490 5483
f 5485 5487 5492
f 5494 5483 5485
f 5494 5493 5489
f 5493 5494 5492
f 5496 5495 5502
f 5496 5498 5497
f 5498 5500 5499
f 5499 5500 5503
f 5505 5503 5500
f 5498 5496 5501
f 5505 5500 5498
f 5506 5502 5495
f 5497 5499 5504
f 5506 5495 5497
f 5506 5505 5501
f 5505 5506 5504
f 5508 5507 5514
f 5508 5510 5509
f 5510 5512 5511
f 5511 5512 5515
f 5517 5515 5512
f 5510 5508 5513
f 5517 5512 5510
f 5518 5514 5507
f 5509 5511 5516
f 5518 5507 5509
f 5518 5517 5513
f 5517 5518 5516
f 5520 5519 5526
f 5520 5522 5521
f 5522 5524 5523
f 5523 5524 5527
f 5529 5527 5524
f 5522 5520 5525
f 5529 5524 5522
f 5530 5526 5519
f 5521 5523 5528
f 5530 5519 5521
f 5530 5529 5525
f 5529 5530 5528
f 5532 5531 5538
f 5532 5534 5533
f 5534 5536 5535
f 5535 5536 5539
f 5541 5539 5536
f 5534 5532 5537
f 5541 5536 5534
f 5542 5538 5531
f 5533 5535 5540
f 5542 5531 5533
f 5542 5541 5537
f 5541 5542 5540
f 5544 5543 5550
f 5544 5546 5545
f 5546 5548 5547
f 5547 5548 5551
f 5553 5551 5548
f 5546 5544 5549
f 5553 5548 5546
f 5554 5550 5543
f 5545 5547 5552
f 5554 5543 5545
f 5554 5553 5549
f 5553 5554 5552
f 5556 5555 5562
f 5556 5558 5557
f 5558 5560 5559
f 5559 5560 5563
f 5565 5563 5560
f 5558 5556 5561
f 5565 5560 5558
f 5566 5562 5555
f 5557 5559 5564
f 5566 5555 5557
f 5566 5565 5561
f 5565 5566 5564
f 5568 5567 5574
f 5568 5570 5569
f 5570 5572 5571
f 5571 5572 5575
f 5577 5575 5572
f 5570 5568 5573
f 5577 5572 5570
f 5578 5574 5567
f 5569 5571 5576
f 5578 5567 5569
f 5578 5577 5573
f 5577 5578 5576
f 5580 5579 5586
f 5580 5582 5581
f 5582 5584 5583
f 5583 5584 5587
f 5589 5587 5584
f 5582 5580 5585
f 5589 5584 5582
f 5590 5586 5579
f 5581 5583 5588
f 5590 5579 5581
f 5590 5589 5585
f 5589 5590 5588
f 5592 5591 5598
f 5592 5594 5593
f 5594 5596 5595
f 5595 5596 5599
f 5601 5599 5596
f 5594 5592 5597
f 5601 5596 5594
f 5602 5598 5591
f 5593 5595 5600
f 5602 5591 5593
f 5602 5601 5597
f 5601 5602 5600
f 5604 5603 5610
f 5604 5606 5605
f 5606 5608 5607
f 5607 5608 5611
f 5613 5611 5608
f 5606 5604 5609
f 5613 5608 5606
f 5614 5610 5603
f 5605 5607 5612
f 5614 5603 5605
f 5614 5613 5609
f 5613 5614 5612
f 5616 5615 5622
f 5616 5618 5617
f 5618 5620 5619
f 5619 5620 5623
f 5625 5623 5620
f 5618 5616 5621
f 5625 5620 5618
f 5626 5622 5615
f 5617 5619 5624
f 5626 5615 5617
f 5626 5625 5621
f 5625 5626 5624
f 5628 5627 5634
f 5628 5630 5629
f 5630 5632 5631
f 5631 5632 5635
f 5637 5635 5632
f 5630 5628 5633
f 5637 5632 5630
f 5638 5634 5627
f 5629 5631 5636
f 5638 5627 5629
f 5638 5637 5633
f 5637 5638 5636
f 5640 5639 5646
f 5640 5642 5641
f 5642 5644 5643
f 5643 5644 5647
f 5649 5647 5644
f 5642 5640 5645
f 5649 5644 5642
f 5650 5646 5639
f 5641 5643 5648
f 5650 5639 5641
f 5650 5649 5645
f 5649 5650 5648
f 5652 5651 5658
f 5652 5654 5653
f 5654 5656 5655
f 5655 5656 5659
f 5661 5659 5656
f 5654 5652 5657
f 5661 5656 5654
f 5662 5658 5651
f 5653 5655 5660
f 5662 5651 5653
f 5662 5661 5657
f 5661 5662 5660
f 5664 5663 5670
f 5664 5666 5665
f 5666 5668 5667
f 5667 5668 5671
f 5673 5671 5668
f 5666 5664 5669
f 5673 5668 5666
f 5674 5670 5663
f 5665 5667 5672
f 5674 5663 5665
f 5674 5673 5669
f 5673 5674 5672
f 5676 5675 5682
f 5676 5678 5677
f 5678 5680 5679
f 5679 5680 5683
f 5685 5683 5680
f 5678 5676 5681
f 5685 5680 5678
f 5686 5682 5675
f 5677 5679 5684
f 5686 5675 5677
f 5686 5685 5681
f 5685 5686 5684
f 5688 5687 5694
f 5688 5690 5689
f 5690 5692 5691
f 5691 5692 5695
f 5697 5695 5692
f 5690 5688 5693
f 5697 5692 5690
f 5698 5694 5687
f 5689 5691 5696
f 5698 5687 5689
f 5698 5697 5693
f 5697 5698 5696
f 5700 5699 5706
f 5700 5702 5701
f 5702 5704 5703
f 5703 5704 5707
f 5709 5707 5704
f 5702 5700 5705
f 5709 5704 5702
f 5710 5706 5699
f 5701 5703 5708
f 5710 5699 5701
f 5710 5709 5705
f 5709 5710 5708
f 5712 5711 5718
f 5712 5714 5713
f 5714 5716 5715
f 5715 5716 5719
f 5721 5719 5716
f 5714 5712 5717
f 5721 5716 5714
f 5722 5718 5711
f 5713 5715 5720
f 5722 5711 5713
f 5722 5721 5717
f 5721 5722 5720
f 5724 5723 5730
f 5724 5726 5725
f 5726 5728 5727
f 5727 5728 5731
f 5733 5731 5728
f 5726 5724 5729
f 5733 5728 5726
f 5734 5730 5723
f 5725 5727 5732
f 5734 5723 5725
f 5734 5733 5729
f 5733 5734 5732
f 5736 5735 5742
f 5736 5738 5737
f 5738 5740 5739
f 5739 5740 5743
f 5745 5743 5740
f 5738 5736 5741
f 5745 5740 5738
f 5746 5742 5735
f 5737 5739 5744
f 5746 5735 5737
f 5746 5745 5741
f 5745 5746 5744
f 5748 5747 5754
f 5748 5750 5749
f 5750 5752 5751
f 5751 5752 5755
f 5757 5755 5752
f 5750 5748 5753
f 5757 5752 5750
f 5758 5754 5747
f 5749 5751 5756
f 5758 5747 5749
f 5758 5757 5753
f 5757 5758 5756
f 5760 5759 5766
f 5760 5762 5761
f 5762 5764 5763
f 5763 5764 5767
f 5769 5767 5764
f 5762 5760 5765
f 5769 5764 5762
f 5770 5766 5759
f 5761 5763 5768
f 5770 5759 5761
f 5770 5769 5765
f 5769 5770 5768
f 5772 5771 5778
f 5772 5774 5773
f 5774 5776 5775
f 5775 5776 5779
f 5781 5779 5776
f 5774 5772 5777
f 5781 5776 5774
f 5782 5778 5771
f 5773 5775 5780
f 5782 5771 5773
f 5782 5781 5777
f 5781 5782 5780
f 5784 5783 5790
f 5784 5786 5785
f 5786 5788 5787
f 5787 5788 5791
f 5793 5791 5788
f 5786 5784 5789
f 5793 5788 5786
f 5794 5790 5783
f 5785 5787 5792
f 5794 5783 5785
f 5794 5793 5789
f 5793 5794 5792
f 5796 5795 5802
f 5796 5798 5797
f 5798 5800 5799
f 5799 5800 5803
f 5805 5803 5800
f 5798 5796 5801
f 5805 5800 5798
f 5806 5802 5795
f 5797 5799 5804
f 5806 5795 5797
f 5806 5805 5801
f 5805 5806 5804
f 5808 5807 5814
f 5808 5810 5809
f 5810 5812 5811
f 5811 5812 5815
f 5817 5815 5812
f 5810 5808 5813
f 5817 5812 5810
f 5818 5814 5807
f 5809 5811 5816
f 5818 5807 5809
f 5818 5817 5813
f 5817 5818 5816
f 5820 5819 5826
f 5820 5822 5821
f 5822 5824 5823
f 5823 5824 5827
f 5829 5827 5824
f 5822 5820 5825
f 5829 5824 5822
f 5830 5826 5819
f 5821 5823 5828
f 5830 5819 5821
f 5830 5829 5825
f 5829 5830 5828
f 5832 5831 5838
f 5832 5834 5833
f 5834 5836 5835
f 5835 5836 5839
f 5841 5839 5836
f 5834 5832 5837
f 5841 5836 5834
f 5842 5838 5831
f 5833 5835 5840
f 5842 5831 5833
f 5842 5841 5837
f 5841 5842 5840
f 5844 5843 5850
f 5844 5846 5845
f 5846 5848 5847
f 5847 5848 5851
f 5853 5851 5848
f 5846 5844 5849
f 5853 5848 5846
f 5854 5850 5843
f 5845 5847 5852
f 5854 5843 5845
f 5854 5853 5849
f 5853 5854 5852
f 5856 5855 5862
f 5856 5858 5857
f 5858 5860 5859
f 5859 5860 5863
f 5865 5863 5860
f 5858 5856 5861
f 5865 5860 5858
f 5866 5862 5855
f 5857 5859 5864
f 5866 5855 5857
f 5866 5865 5861
f 5865 5866 5864
f 5868 5867 5874
f 5868 5870 5869
f 5870 5872 5871
f 5871 5872 5875
f 5877 5875 5872
f 5870 5868 5873
f 5877 5872 5870
f 5878 5874 5867
f 5869 5871 5876
f 5878 5867 5869
f 5878 5877 5873
f 5877 5878 5876
f 5880 5879 5886
f 5880 5882 5881
f 5882 5884 5883
f 5883 5884 5887
f 5889 5887 5884
f 5882 5880 5885
f 5889 5884 5882
f 5890 5886 5879
f 5881 5883 5888
f 5890 5879 5881
f 5890 5889 5885
f 5889 5890 5888
f 5892 5891 5898
f 5892 5894 5893
f 5894 5896 5895
f 5895 5896 5899
f 5901 5899 5896
f 5894 5892 5897
f 5901 5896 5894
f 5902 5898 5891
f 5893 5895 5900
f 5902 5891 5893
f 5902 5901 5897
f 5901 5902 5900
f 5904 5903 5910
f 5904 5906 5905
f 5906 5908 5907
f 5907 5908 5911
f 5913 5911 5908
f 5906 5904 5909
f 5913 5908 5906
f 5914 5910 5903
f 5905 5907 5912
f 5914 5903 5905
f 5914 5913 5909
f 5913 5914 5912
f 5916 5915 5922
f 5916 5918 5917
f 5918 5920 5919
f 5919 5920 5923
f 5925 5923 5920
f 5918 5916 5921
f 5925 5920 5918
f 5926 5922 5915
f 5917 5919 5924
f 5926 5915 5917
f 5926 5925 5921
f 5925 5926 5924
f 5928 5927 5934
f 5928 5930 5929
f 5930 5932 5931
f 5931 5932 5935
f 5937 5935 5932
f 5930 5928 5933
f 5937 5932 5930
f 5938 5934 5927
f 5929 5931 5936
f 5938 5927 5929
f 5938 5937 5933
f 5937 5938 5936
f 5940 5939 5946
f 5940 5942 5941
f 5942 5944 5943
f 5943 5944 5947
f 5949 5947 5944
f 5942 5940 5945
f 5949 5944 5942
f 5950 5946 5939
f 5941 5943 5948
f 5950 5939 5941
f 5950 5949 5945
f 5949 5950 5948
f 5952 5951 5958
f 5952 5954 5953
f 5954 5956 5955
f 5955 5956 5959
f 5961 5959 5956
f 5954 5952 5957
f 5961 5956 5954
f 5962 5958 5951
f 5953 5955 5960
f 5962 5951 5953
f 5962 5961 5957
f 5961 5962 5960
f 5964 5963 5970
f 5964 5966 5965
f 5966 5968 5967
f 5967 5968 5971
f 5973 5971 5968
f 5966 5964 5969
f 5973 5968 5966
f 5974 5970 5963
f 5965 5967 5972
f 5974 5963 5965
f 5974 5973 5969
f 5973 5974 5972
f 5976 5975 5982
f 5976 5978 5977
f 5978 5980 5979
f 5979 5980 5983
f 5985 5983 5980
f 5978 5976 5981
f 5985 5980 5978
f 5986 5982 5975
f 5977 5979 5984
f 5986 5975 5977
f 5986 5985 5981
f 5985 5986 5984
f 5988 5987 5994
f 5988 5990 5989
f 5990 5992 5991
f 5991 5992 5995
f 5997 5995 5992
f 5990 5988 5993
f 5997 5992 5990
f 5998 5994 5987
f 5989 5991 5996
f 5998 5987 5989
f 5998 5997 5993
f 5997 5998 5996
f 6000 5999 6006
f 6000 6002 6001
f 6002 6004 6003
f 6003 6004 6007
f 6009 6007 6004
f 6002 6000 6005
f 6009 6004 6002
f 6010 6006 5999
f 6001 6003 6008
f 6010 5999 6001
f 6010 6009 6005
f 6009 6010 6008
f 6012 6011 6018
f 6012 6014 6013
f 6014 6016 6015
f 6015 6016 6019
f 6021 6019 6016
f 6014 6012 6017
f 6021 6016 6014
f 6022 6018 6011
f 6013 6015 6020
f 6022 6011 6013
f 6022 6021 6017
f 6021 6022 6020
f 6024 6023 6030
f 6024 6026 6025
f 6026 6028 6027
f 6027 6028 6031
f 6033 6031 6028
f 6026 6024 6029
f 6033 6028 6026
f 6034 6030 6023
f 6025 6027 6032
f 6034 6023 6025
f 6034 6033 6029
f 6033 6034 6032
f 6036 6035 6042
f 6036 6038 6037
f 6038 6040 6039
f 6039 6040 6043
f 6045 6043 6040
f 6038 6036 6041
f 6045 6040 6038
f 6046 6042 6035
f 6037 6039 6044
f 6046 6035 6037
f 6046 6045 6041
f 6045 6046 6044
f 6048 6047 6054
f 6048 6050 6049
f 6050 6052 6051
f 6051 6052 6055
f 6057 6055 6052
f 6050 6048 6053
f 6057 6052 6050
f 6058 6054 6047
f 6049 6051 6056
f 6058 6047 6049
f 6058 6057 6053
f 6057 6058 6056
f 6060 6059 6066
f 6060 6062 6061
f 6062 6064 6063
f 6063 6064 6067
f 6069 6067 6064
f 6062 6060 6065
f 6069 6064 6062
f 6070 6066 6059
f 6061 6063 6068
f 6070 6059 6061
f 6070 6069 6065
f 6069 6070 6068
f 6072 6071 6078
f 6072 6074 6073
f 6074 6076 6075
f 6075 6076 6079
f 6081 6079 6076
f 6074 6072 6077
f 6081 6076 6074
f 6082 6078 6071
f 6073 6075 6080
f 6082 6071 6073
f 6082 6081 6077
f 6081 6082 6080
f 6084 6083 6090
f 6084 6086 6085
f 6086 6088 6087
f 6087 6088 6091
f 6093 6091 6088
f 6086 6084 6089
f 6093 6088 6086
f 6094 6090 6083
f 6085 6087 6092
f 6094 6083 6085
f 6094 6093 6089
f 6093 6094 6092
f 6096 6095 6102
f 6096 6098 6097
f 6098 6100 6099
f 6099 6100 6103
f 6105 6103 6100
f 6098 6096 6101
f 6105 6100 6098
f 6106 6102 6095
f 6097 6099 6104
f 6106 6095 6097
f 6106 6105 6101
f 6105 6106 6104
f 6108 6107 6114
f 6108 6110 6109
f 6110 6112 6111
f 6111 6112 6115
f 6117 6115 6112
f 6110 6108 6113
f 6117 6112 6110
f 6118 6114 6107
f 6109 6111 6116
f 6118 6107 6109
f 6118 6117 6113
f 6117 6118 6116
f 6120 6119 6126
f 6120 6122 6121
f 6122 6124 6123
f 6123 6124 6127
f 6129 6127 6124
f 6122 6120 6125
f 6129 6124 6122
f 6130 6126 6119
f 6121 6123 6128
f 6130 6119 6121
f 6130 6129 6125
f 6129 6130 6128
f 6132 6131 6138
f 6132 6134 6133
f 6134 6136 6135
f 6135 6136 6139
f 6141 6139 6136
f 6134 6132 6137
f 6141 6136 6134
f 6142 6138 6131
f 6133 6135 6140
f 6142 6131 6133
f 6142 6141 6137
f 6141 6142 6140
f 6144 6143 6150
f 6144 6146 6145
f 6146 6148 6147
f 6147 6148 6151
f 6153 6151 6148
f 6146 6144 6149
f 6153 6148 6146
f 6154 6150 6143
f 6145 6147 6152
f 6154 6143 6145
f 6154 6153 6149
f 6153 6154 6152
f 6156 6155 6162
f 6156 6158 6157
f 6158 6160 6159
f 6159 6160 6163
f 6165 6163 6160
f 6158 6156 6161
f 6165 6160 6158
f 6166 6162 6155
f 6157 6159 6164
f 6166 6155 6157
f 6166 6165 6161
f 6165 6166 6164
f 6168 6167 6174
f 6168 6170 6169
f 6170 6172 6171
f 6171 6172 6175
f 6177 6175 6172
f 6170 6168 6173
f 6177 6172 6170
f 6178 6174 6167
f 6169 6171 6176
f 6178 6167 6169
f 6178 6177 6173
f 6177 6178 6176
f 6180 6179 6186
f 6180 6182 6181
f 6182 6184 6183
f 6183 6184 6187
f 6189 6187 6184
f 6182 6180 6185
f 6189 6184 6182
f 6190 6186 6179
f 6181 6183 6188
f 6190 6179 6181
f 6190 6189 6185
f 6189 6190 6188
f 6192 6191 6198
f 6192 6194 6193
f 6194 6196 6195
f 6195 6196 6199
f 6201 6199 6196
f 6194 6192 6197
f 6201 6196 6194
f 6202 6198 6191
f 6193 6195 6200
f 6202 6191 6193
f 6202 6201 6197
f 6201 6202 6200
f 6204 6203 6210
f 6204 6206 6205
f 6206 6208 6207
f 6207 6208 6211
f 6213 6211 6208
f 6206 6204 6209
f 6213 6208 6206
f 6214 6210 6203
f 6205 6207 6212
f 6214 6203 6205
f 6214 6213 6209
f 6213 6214 6212
f 6216 6215 6222
f 6216 6218 6217
f 6218 6220 6219
f 6219 6220 6223
f 6225 6223 6220
f 6218 6216 6221
f 6225 6220 6218
f 6226 6222 6215
f 6217 6219 6224
f 6226 6215 6217
f 6226 6225 6221
f 6225 6226 6224
f 6228 6227 6234
f 6228 6230 6229
f 6230 6232 6231
f 6231 6232 6235
f 6237 6235 6232
f 6230 6228 6233
f 6237 6232 6230
f 6238 6234 6227
f 6229 6231 6236
f 6238 6227 6229
f 6238 6237 6233
f 6237 6238 6236
f 6240 6239 6246
f 6240 6242 6241
f 6242 6244 6243
f 6243 6244 6247
f 6249 6247 6244
f 6242 6240 6245
f 6249 6244 6242
f 6250 6246 6239
f 6241 6243 6248
f 6250 6239 6241
f 6250 6249 6245
f 6249 6250 6248
f 6252 6251 6258
f 6252 6254 6253
f 6254 6256 6255
f 6255 6256 6259
f 6261 6259 6256
f 6254 6252 6257
f 6261 6256 6254
f 6262 6258 6251
f 6253 6255 6260
f 6262 6251 6253
f 6262 6261 6257
f 6261 6262 6260
f 6264 6263 6270
f 6264 6266 6265
f 6266 6268 6267
f 6267 6268 6271
f 6273 6271 6268
f 6266 6264 6269
f 6273 6268 6266
f 6274 6270 6263
f 6265 6267 6272
f 6274 6263 6265
f 6274 6273 6269
f 6273 6274 6272
f 6276 6275 6282
f 6276 6278 6277
f 6278 6280 6279
f 6279 6280 6283
f 6285 6283 6280
f 6278 6276 6281
f 6285 6280 6278
f 6286 6282 6275
f 6277 6279 6284
f 6286 6275 6277
f 6286 6285 6281
f 6285 6286 6284
f 6288 6287 6294
f 6288 6290 6289
f 6290 6292 6291
f 6291 6292 6295
f 6297 6295 6292
f 6290 6288 6293
f 6297 6292 6290
f 6298 6294 6287
f 6289 6291 6296
f 6298 6287 6289
f 6298 6297 6293
f 6297 6298 6296
f 6300 6299 6306
f 6300 6302 6301
f 6302 6304 6303
f 6303 6304 6307
f 6309 6307 6304
f 6302 6300 6305
f 6309 6304 6302
f 6310 6306 6299
f 6301 6303 6308
f 6310 6299 6301
f 6310 6309 6305
f 6309 6310 6308
f 6312 6311 6318
f 6312 6314 6313
f 6314 6316 6315
f 6315 6316 6319
f 6321 6319 6316
f 6314 6312 6317
f 6321 6316 6314
f 6322 6318 6311
f 6313 6315 6320
f 6322 6311 6313
f 6322 6321 6317
f 6321 6322 6320
f 6324 6323 6330
f 6324 6326 6325
f 6326 6328 6327
f 6327 6328 6331
f 6333 6331 6328
f 6326 6324 6329
f 6333 6328 6326
f 6334 6330 6323
f 6325 6327 6332
f 6334 6323 6325
f 6334 6333 6329
f 6333 6334 6332
f 6336 6335 6342
f 6336 6338 6337
f 6338 6340 6339
f 6339 6340 6343
f 6345 6343 6340
f 6338 6336 6341
f 6345 6340 6338
f 6346 6342 6335
f 6337 6339 6344
f 6346 6335 6337
f 6346 6345 6341
f 6345 6346 6344
f 6348 6347 6354
f 6348 6350 6349
f 6350 6352 6351
f 6351 6352 6355
f 6357 6355 6352
f 6350 6348 6353
f 6357 6352 6350
f 6358 6354 6347
f 6349 6351 6356
f 6358 6347 6349
f 6358 6357 6353
f 6357 6358 6356
f 6360 6359 6366
f 6360 6362 6361
f 6362 6364 6363
f 6363 6364 6367
f 6369 6367 6364
f 6362 6360 6365
f 6369 6364 6362
f 6370 6366 6359
f 6361 6363 6368
f 6370 6359 6361
f 6370 6369 6365
f 6369 6370 6368
f 6372 6371 6378
f 6372 6374 6373
f 6374 6376 6375
f 6375 6376 6379
f 6381 6379 6376
f 6374 6372 6377
f 6381 6376 6374
f 6382 6378 6371
f 6373 6375 6380
f 6382 6371 6373
f 6382 6381 6377
f 6381 6382 6380
f 6384 6383 6390
f 6384 6386 6385
f 6386 6388 6387
f 6387 6388 6391
f 6393 6391 6388
f 6386 6384 6389
f 6393 6388 6386
f 6394 6390 6383
f 6385 6387 6392
f 6394 6383 6385
f 6394 6393 6389
f 6393 6394 6392
f 6396 6395 6402
f 6396 6398 6397
f 6398 6400 6399
f 6399 6400 6403
f 6405 6403 6400
f 6398 6396 6401
f 6405 6400 6398
f 6406 6402 6395
f 6397 6399 6404
f 6406 6395 6397
f 6406 6405 6401
f 6405 6406 6404
f 6408 6407 6414
f 6408 6410 6409
f 6410 6412 6411
f 6411 6412 6415
f 6417 6415 6412
f 6410 6408 6413
f 6417 6412 6410
f 6418 6414 6407
f 6409 6411 6416
f 6418 6407 6409
f 6418 6417 6413
f 6417 6418 6416
f 6420 6419 6426
f 6420 6422 6421
f 6422 6424 6423
f 6423 6424 6427
f 6429 6427 6424
f 6422 6420 6425
f 6429 6424 6422
f 6430 6426 6419
f 6421 6423 6428
f 6430 6419 6421
f 6430 6429 6425
f 6429 6430 6428
f 6432 6431 6438
f 6432 6434 6433
f 6434 6436 6435
f 6435 6436 6439
f 6441 6439 6436
f 6434 6432 6437
f 6441 6436 6434
f 6442 6438 6431
f 6433 6435 6440
f 6442 6431 6433
f 6442 6441 6437
f 6441 6442 6440
f 6444 6443 6450
f 6444 6446 6445
f 6446 6448 6447
f 6447 6448 6451
f 6453 6451 6448
f 6446 6444 6449
f 6453 6448 6446
f 6454 6450 6443
f 6445 6447 6452
f 6454 6443 6445
f 6454 6453 6449
f 6453 6454 6452
f 6456 6455 6462
f 6456 6458 6457
f 6458 6460 6459
f 6459 6460 6463
f 6465 6463 6460
f 6458 6456 6461
f 6465 6460 6458
f 6466 6462 6455
f 6457 6459 6464
f 6466 6455 6457
f 6466 6465 6461
f 6465 6466 6464
f 6468 6467 6474
f 6468 6470 6469
f 6470 6472 6471
f 6471 6472 6475
f 6477 6475 6472
f 6470 6468 6473
f 6477 6472 6470
f 6478 6474 6467
f 6469 6471 6476
f 6478 6467 6469
f 6478 6477 6473
f 6477 6478 6476
f 6480 6479 6486
f 6480 6482 6481
f 6482 6484 6483
f 6483 6484 6487
f 6489 6487 6484
f 6482 6480 6485
f 6489 6484 6482
f 6490 6486 6479
f 6481 6483 6488
f 6490 6479 6481
f 6490 6489 6485
f 6489 6490 6488
f 6492 6491 6498
f 6492 6494 6493
f 6494 6496 6495
f 6495 6496 6499
f 6501 6499 6496
f 6494 6492 6497
f 6501 6496 6494
f 6502 6498 6491
f 6493 6495 6500
f 6502 6491 6493
f 6502 6501 6497
f 6501 6502 6500
f 6504 6503 6510
f 6504 6506 6505
f 6506 6508 6507
f 6507 6508 6511
f 6513 6511 6508
f 6506 6504 6509
f 6513 6508 6506
f 6514 6510 6503
f 6505 6507 6512
f 6514 6503 6505
f 6514 6513 6509
f 6513 6514 6512
f 6516 6515 6522
f 6516 6518 6517
f 6518 6520 6519
f 6519 6520 6523
f 6525 6523 6520
f 6518 6516 6521
f 6525 6520 6518
f 6526 6522 6515
f 6517 6519 6524
f 6526 6515 6517
f 6526 6525 6521
f 6525 6526 6524
f 6528 6527 6534
f 6528 6530 6529
f 6530 6532 6531
f 6531 6532 6535
f 6537 6535 6532
f 6530 6528 6533
f 6537 6532 6530
f 6538 6534 6527
f 6529 6531 6536
f 6538 6527 6529
f 6538 6537 6533
f 6537 6538 6536
f 6540 6539 6546
f 6540 6542 6541
f 6542 6544 6543
f 6543 6544 6547
f 6549 6547 6544
f 6542 6540 6545
f 6549 6544 6542
f 6550 6546 6539
f 6541 6543 6548
f 6550 6539 6541
f 6550 6549 6545
f 6549 6550 6548
f 6552 6551 6558
f 6552 6554 6553
f 6554 6556 6555
f 6555 6556 6559
f 6561 6559 6556
f 6554 6552 6557
f 6561 6556 6554
f 6562 6558 6551
f 6553 6555 6560
f 6562 6551 6553
f 6562 6561 6557
f 6561 6562 6560
f 6564 6563 6570
f 6564 6566 6565
f 6566 6568 6567
f 6567 6568 6571
f 6573 6571 6568
f 6566 6564 6569
f 6573 6568 6566
f 6574 6570 6563
f 6565 6567 6572
f 6574 6563 6565
f 6574 6573 6569
f 6573 6574 6572
f 6576 6575 6582
f 6576 6578 6577
f 6578 6580 6579
f 6579 6580 6583
f 6585 6583 6580
f 6578 6576 6581
f 6585 6580 6578
f 6586 6582 6575
f 6577 6579 6584
f 6586 6575 6577
f 6586 6585 6581
f 6585 6586 6584
f 6588 6587 6594
f 6588 6590 6589
f 6590 6592 6591
f 6591 6592 6595
f 6597 6595 6592
f 6590 6588 6593
f 6597 6592 6590
f 6598 6594 6587
f 6589 6591 6596
f 6598 6587 6589
f 6598 6597 6593
f 6597 6598 6596
f 6600 6599 6606
f 6600 6602 6601
f 6602 6604 6603
f 6603 6604 6607
f 6609 6607 6604
f 6602 6600 6605
f 6609 6604 6602
f 6610 6606 6599
f 6601 6603 6608
f 6610 6599 6601
f 6610 6609 6605
f 6609 6610 6608
f 6612 6611 6618
f 6612 6614 6613
f 6614 6616 6615
f 6615 6616 6619
f 6621 6619 6616
f 6614 6612 6617
f 6621 6616 6614
f 6622 6618 6611
f 6613 6615 6620
f 6622 6611 6613
f 6622 6621 6617
f 6621 6622 6620
f 6624 6623 6630
f 6624 6626 6625
f 6626 6628 6627
f 6627 6628 6631
f 6633 6631 6628
f 6626 6624 6629
f 6633 6628 6626
f 6634 6630 6623
f 6625 6627 6632
f 6634 6623 6625
f 6634 6633 6629
f 6633 6634 6632
f 6636 6635 6642
f 6636 6638 6637
f 6638 6640 6639
f 6639 6640 6643
f 6645 6643 6640
f 6638 6636 6641
f 6645 6640 6638
f 6646 6642 6635
f 6637 6639 6644
f 6646 6635 6637
f 6646 6645 6641
f 6645 6646 6644
f 6648 6647 6654
f 6648 6650 6649
f 6650 6652 6651
f 6651 6652 6655
f 6657 6655 6652
f 6650 6648 6653
f 6657 6652 6650
f 6658 6654 6647
f 6649 6651 6656
f 6658 6647 6649
f 6658 6657 6653
f 6657 6658 6656
f 6660 6659 6666
f 6660 6662 6661
f 6662 6664 6663
f 6663 6664 6667
f 6669 6667 6664
f 6662 6660 6665
f 6669 6664 6662
f 6670 6666 6659
f 6661 6663 6668
f 6670 6659 6661
f 6670 6669 6665
f 6669 6670 6668
f 6672 6671 6678
f 6672 6674 6673
f 6674 6676 6675
f 6675 6676 6679
f 6681 6679 6676
f 6674 6672 6677
f 6681 6676 6674
f 6682 6678 6671
f 6673 6675 6680
f 6682 6671 6673
f 6682 6681 6677
f 6681 6682 6680
f 6684 6683 6690
f 6684 6686 6685
f 6686 6688 6687
f 6687 6688 6691
f 6693 6691 6688
f 6686 6684 6689
f 6693 6688 6686
f 6694 6690 6683
f 6685 6687 6692
f 6694 6683 6685
f 6694 6693 6689
f 6693 6694 6692
f 6696 6695 6702
f 6696 6698 6697
f 6698 6700 6699
f 6699 6700 6703
f 6705 6703 6700
f 6698 6696 6701
f 6705 6700 6698
f 6706 6702 6695
f 6697 6699 6704
f 6706 6695 6697
f 6706 6705 6701
f 6705 6706 6704
f 6708 6707 6714
f 6708 6710 6709
f 6710 6712 6711
f 6711 6712 6715
f 6717 6715 6712
f 6710 6708 6713
f 6717 6712 6710
f 6718 6714 6707
f 6709 6711 6716
f 6718 6707 6709
f 6718 6717 6713
f 6717 6718 6716
f 6720 6719 6726
f 6720 6722 6721
f 6722 6724 6723
f 6723 6724 6727
f 6729 6727 6724
f 6722 6720 6725
f 6729 6724 6722
f 6730 6726 6719
f 6721 6723 6728
f 6730 6719 6721
f 6730 6729 6725
f 6729 6730 6728
f 6732 6731 6738
f 6732 6734 6733
f 6734 6736 6735
f 6735 6736 6739
f 6741 6739 6736
f 6734 6732 6737
f 6741 6736 6734
f 6742 6738 6731
f 6733 6735 6740
f 6742 6731 6733
f 6742 6741 6737
f 6741 6742 6740
f 6744 6743 6750
f 6744 6746 6745
f 6746 6748 6747
f 6747 6748 6751
f 6753 6751 6748
f 6746 6744 6749
f 6753 6748 6746
f 6754 6750 6743
f 6745 6747 6752
f 6754 6743 6745
f 6754 6753 6749
f 6753 6754 6752
f 6756 6755 6762
f 6756 6758 6757
f 6758 6760 6759
f 6759 6760 6763
f 6765 6763 6760
f 6758 6756 6761
f 6765 6760 6758
f 6766 6762 6755
f 6757 6759 6764
f 6766 6755 6757
f 6766 6765 6761
f 6765 6766 6764
f 6768 6767 6774
f 6768 6770 6769
f 6770 6772 6771
f 6771 6772 6775
f 6777 6775 6772
f 6770 6768 6773
f 6777 6772 6770
f 6778 6774 6767
f 6769 6771 6776
f 6778 6767 6769
f 6778 6777 6773
f 6777 6778 6776
f 6780 6779 6786
f 6780 6782 6781
f 6782 6784 6783
f 6783 6784 6787
f 6789 6787 6784
f 6782 6780 6785
f 6789 6784 6782
f 6790 6786 6779
f 6781 6783 6788
f 6790 6779 6781
f 6790 6789 6785
f 6789 6790 6788
f 6792 6791 6798
f 6792 6794 6793
f 6794 6796 6795
f 6795 6796 6799
f 6801 6799 6796
f 6794 6792 6797
f 6801 6796 6794
f 6802 6798 6791
f 6793 6795 6800
f 6802 6791 6793
f 6802 6801 6797
f 6801 6802 6800
f 6804 6803 6810
f 6804 6806 6805
f 6806 6808 6807
f 6807 6808 6811
f 6813 6811 6808
f 6806 6804 6809
f 6813 6808 6806
f 6814 6810 6803
f 6805 6807 6812
f 6814 6803 6805
f 6814 6813 6809
f 6813 6814 6812
f 6816 6815 6822
f 6816 6818 6817
f 6818 6820 6819
f 6819 6820 6823
f 6825 6823 6820
f 6818 6816 6821
f 6825 6820 6818
f 6826 6822 6815
f 6817 6819 6824
f 6826 6815 6817
f 6826 6825 6821
f 6825 6826 6824
f 6828 6827 6834
f 6828 6830 6829
f 6830 6832 6831
f 6831 6832 6835
f 6837 6835 6832
f 6830 6828 6833
f 6837 6832 6830
f 6838 6834 6827
f 6829 6831 6836
f 6838 6827 6829
f 6838 6837 6833
f 6837 6838 6836
f 6840 6839 6846
f 6840 6842 6841
f 6842 6844 6843
f 6843 6844 6847
f 6849 6847 6844
f 6842 6840 6845
f 6849 6844 6842
f 6850 6846 6839
f 6841 6843 6848
f 6850 6839 6841
f 6850 6849 6845
f 6849 6850 6848
f 6852 6851 6858
f 6852 6854 6853
f 6854 6856 6855
f 6855 6856 6859
f 6861 6859 6856
f 6854 6852 6857
f 6861 6856 6854
f 6862 6858 6851
f 6853 6855 6860
f 6862 6851 6853
f 6862 6861 6857
f 6861 6862 6860
f 6864 6863 6870
f 6864 6866 6865
f 6866 6868 6867
f 6867 6868 6871
f 6873 6871 6868
f 6866 6864 6869
f 6873 6868 6866
f 6874 6870 6863
f 6865 6867 6872
f 6874 6863 6865
f 6874 6873 6869
f 6873 6874 6872
f 6876 6875 6882
f 6876 6878 6877
f 6878 6880 6879
f 6879 6880 6883
f 6885 6883 6880
f 6878 6876 6881
f 6885 6880 6878
f 6886 6882 6875
f 6877 6879 6884
f 6886 6875 6877
f 6886 6885 6881
f 6885 6886 6884
f 6888 6887 6894
f 6888 6890 6889
f 6890 6892 6891
f 6891 6892 6895
f 6897 6895 6892
f 6890 6888 6893
f 6897 6892 6890
f 6898 6894 6887
f 6889 6891 6896
f 6898 6887 6889
f 6898 6897 6893
f 6897 6898 6896
f 6900 6899 6906
f 6900 6902 6901
f 6902 6904 6903
f 6903 6904 6907
f 6909 6907 6904
f 6902 6900 6905
f 6909 6904 6902
f 6910 6906 6899
f 6901 6903 6908
f 6910 6899 6901
f 6910 6909 6905
f 6909 6910 6908
f 6912 6911 6918
f 6912 6914 6913
f 6914 6916 6915
f 6915 6916 6919
f 6921 6919 6916
f 6914 6912 6917
f 6921 6916 6914
f 6922 6918 6911
f 6913 6915 6920
f 6922 6911 6913
f 6922 6921 6917
f 6921 6922 6920
f 6924 6923 6930
f 6924 6926 6925
f 6926 6928 6927
f 6927 6928 6931
f 6933 6931 6928
f 6926 6924 6929
f 6933 6928 6926
f 6934 6930 6923
f 6925 6927 6932
f 6934 6923 6925
f 6934 6933 6929
f 6933 6934 6932
f 6936 6935 6942
f 6936 6938 6937
f 6938 6940 6939
f 6939 6940 6943
f 6945 6943 6940
f 6938 6936 6941
f 6945 6940 6938
f 6946 6942 6935
f 6937 6939 6944
f 6946 6935 6937
f 6946 6945 6941
f 6945 6946 6944
f 6948 6947 6954
f 6948 6950 6949
f 6950 6952 6951
f 6951 6952 6955
f 6957 6955 6952
f 6950 6948 6953
f 6957 6952 6950
f 6958 6954 6947
f 6949 6951 6956
f 6958 6947 6949
f 6958 6957 6953
f 6957 6958 6956
f 6960 6959 6966
f 6960 6962 6961
f 6962 6964 6963
f 6963 6964 6967
f 6969 6967 6964
f 6962 6960 6965
f 6969 6964 6962
f 6970 6966 6959
f 6961 6963 6968
f 6970 6959 6961
f 6970 6969 6965
f 6969 6970 6968
f 6972 6971 6978
f 6972 6974 6973
f 6974 6976 6975
f 6975 6976 6979
f 6981 6979 6976
f 6974 6972 6977
f 6981 6976 6974
f 6982 6978 6971
f 6973 6975 6980
f 6982 6971 6973
f 6982 6981 6977
f 6981 6982 6980
f 6984 6983 6990
f 6984 6986 6985
f 6986 6988 6987
f 6987 6988 6991
f 6993 6991 6988
f 6986 6984 6989
f 6993 6988 6986
f 6994 6990 6983
f 6985 6987 6992
f 6994 6983 6985
f 6994 6993 6989
f 6993 6994 6992
f 6996 6995 7002
f 6996 6998 6997
f 6998 7000 6999
f 6999 7000 7003
f 7005 7003 7000
f 6998 6996 7001
f 7005 7000 6998
f 7006 7002 6995
f 6997 6999 7004
f 7006 6995 6997
f 7006 7005 7001
f 7005 7006 7004
f 7008 7007 7014
f 7008 7010 7009
f 7010 7012 7011
f 7011 7012 7015
f 7017 7015 7012
f 7010 7008 7013
f 7017 7012 7010
f 7018 7014 7007
f 7009 7011 7016
f 7018 7007 7009
f 7018 7017 7013
f 7017 7018 7016
f 7020 7019 7026
f 7020 7022 7021
f 7022 7024 7023
f 7023 7024 7027
f 7029 7027 7024
f 7022 7020 7025
f 7029 7024 7022
f 7030 7026 7019
f 7021 7023 7028
f 7030 7019 7021
f 7030 7029 7025
f 7029 7030 7028
f 7032 7031 7038
f 7032 7034 7033
f 7034 7036 7035
f 7035 7036 7039
f 7041 7039 7036
f 7034 7032 7037
f 7041 7036 7034
f 7042 7038 7031
f 7033 7035 7040
f 7042 7031 7033
f 7042 7041 7037
f 7041 7042 7040
f 7044 7043 7050
f 7044 7046 7045
f 7046 7048 7047
f 7047 7048 7051
f 7053 7051 7048
f 7046 7044 7049
f 7053 7048 7046
f 7054 7050 7043
f 7045 7047 7052
f 7054 7043 7045
f 7054 7053 7049
f 7053 7054 7052
f 7056 7055 7062
f 7056 7058 7057
f 7058 7060 7059
f 7059 7060 7063
f 7065 7063 7060
f 7058 7056 7061
f 7065 7060 7058
f 7066 7062 7055
f 7057 7059 7064
f 7066 7055 7057
f 7066 7065 7061
f 7065 7066 7064
f 7068 7067 7074
f 7068 7070 7069
f 7070 7072 7071
f 7071 7072 7075
f 7077 7075 7072
f 7070 7068 7073
f 7077 7072 7070
f 7078 7074 7067
f 7069 7071 7076
f 7078 7067 7069
f 7078 7077 7073
f 7077 7078 7076
f 7080 7079 7086
f 7080 7082 7081
f 7082 7084 7083
f 7083 7084 7087
f 7089 7087 7084
f 7082 7080 7085
f 7089 7084 7082
f 7090 7086 7079
f 7081 7083 7088
f 7090 7079 7081
f 7090 7089 7085
f 7089 7090 7088
f 7092 7091 7098
f 7092 7094 7093
f 7094 7096 7095
f 7095 7096 7099
f 7101 7099 7096
f 7094 7092 7097
f 7101 7096 7094
f 7102 7098 7091
f 7093 7095 7100
f 7102 7091 7093
f 7102 7101 7097
f 7101 7102 7100
f 7104 7103 7110
f 7104 7106 7105
f 7106 7108 7107
f 7107 7108 7111
f 7113 7111 7108
f 7106 7104 7109
f 7113 7108 7106
f 7114 7110 7103
f 7105 7107 7112
f 7114 7103 7105
f 7114 7113 7109
f 7113 7114 7112
f 7116 7115 7122
f 7116 7118 7117
f 7118 7120 7119
f 7119 7120 7123
f 7125 7123 7120
f 7118 7116 7121
f 7125 7120 7118
f 7126 7122 7115
f 7117 7119 7124
f 7126 7115 7117
f 7126 7125 7121
f 7125 7126 7124
f 7128 7127 7134
f 7128 7130 7129
f 7130 7132 7131
f 7131 7132 7135
f 7137 7135 7132
f 7130 7128 7133
f 7137 7132 7130
f 7138 7134 7127
f 7129 7131 7136
f 7138 7127 7129
f 7138 7137 7133
f 7137 7138 7136
f 7140 7139 7146
f 7140 7142 7141
f 7142 7144 7143
f 7143 7144 7147
f 7149 7147 7144
f 7142 7140 7145
f 7149 7144 7142
f 7150 7146 7139
f 7141 7143 7148
f 7150 7139 7141
f 7150 7149 7145
f 7149 7150 7148
f 7152 7151 7158
f 7152 7154 7153
f 7154 7156 7155
f 7155 7156 7159
f 7161 7159 7156
f 7154 7152 7157
f 7161 7156 7154
f 7162 7158 7151
f 7153 7155 7160
f 7162 7151 7153
f 7162 7161 7157
f 7161 7162 7160
f 7164 7163 7170
f 7164 7166 7165
f 7166 7168 7167
f 7167 7168 7171
f 7173 7171 7168
f 7166 7164 7169
f 7173 7168 7166
f 7174 7170 7163
f 7165 7167 7172
f 7174 7163 7165
f 7174 7173 7169
f 7173 7174 7172
f 7176 7175 7182
f 7176 7178 7177
f 7178 7180 7179
f 7179 7180 7183
f 7185 7183 7180
f 7178 7176 7181
f 7185 7180 7178
f 7186 7182 7175
f 7177 7179 7184
f 7186 7175 7177
f 7186 7185 7181
f 7185 7186 7184
f 7188 7187 7194
f 7188 7190 7189
f 7190 7192 7191
f 7191 7192 7195
f 7197 7195 7192
f 7190 7188 7193
f 7197 7192 7190
f 7198 7194 7187
f 7189 7191 7196
f 7198 7187 7189
f 7198 7197 7193
f 7197 7198 7196
f 7200 7199 7206
f 7200 7202 7201
f 7202 7204 7203
f 7203 7204 7207
f 7209 7207 7204
f 7202 7200 7205
f 7209 7204 7202
f 7210 7206 7199
f 7201 7203 7208
f 7210 7199 7201
f 7210 7209 7205
f 7209 7210 7208
f 7212 7211 7218
f 7212 7214 7213
f 7214 7216 7215
f 7215 7216 7219
f 7221 7219 7216
f 7214 7212 7217
f 7221 7216 7214
f 7222 7218 7211
f 7213 7215 7220
f 7222 7211 7213
f 7222 7221 7217
f 7221 7222 7220
f 7224 7223 7230
f 7224 7226 7225
f 7226 7228 7227
f 7227 7228 7231
f 7233 7231 7228
f 7226 7224 7229
f 7233 7228 7226
f 7234 7230 7223
f 7225 7227 7232
f 7234 7223 7225
f 7234 7233 7229
f 7233 7234 7232
f 7236 7235 7242
f 7236 7238 7237
f 7238 7240 7239
f 7239 7240 7243
f 7245 7243 7240
f 7238 7236 7241
f 7245 7240 7238
f 7246 7242 7235
f 7237 7239 7244
f 7246 7235 7237
f 7246 7245 7241
f 7245 7246 7244
f 7248 7247 7254
f 7248 7250 7249
f 7250 7252 7251
f 7251 7252 7255
f 7257 7255 7252
f 7250 7248 7253
f 7257 7252 7250
f 7258 7254 7247
f 7249 7251 7256
f 7258 7247 7249
f 7258 7257 7253
f 7257 7258 7256
f 7260 7259 7266
f 7260 7262 7261
f 7262 7264 7263
f 7263 7264 7267
f 7269 7267 7264
f 7262 7260 7265
f 7269 7264 7262
f 7270 7266 7259
f 7261 7263 7268
f 7270 7259 7261
f 7270 7269 7265
f 7269 7270 7268
f 7272 7271 7278
f 7272 7274 7273
f 7274 7276 7275
f 7275 7276 7279
f 7281 7279 7276
f 7274 7272 7277
f 7281 7276 7274
f 7282 7278 7271
f 7273 7275 7280
f 7282 7271 7273
f 7282 7281 7277
f 7281 7282 7280
f 7284 7283 7290
f 7284 7286 7285
f 7286 7288 7287
f 7287 7288 7291
f 7293 7291 7288
f 7286 7284 7289
f 7293 7288 7286
f 7294 7290 7283
f 7285 7287 7292
f 7294 7283 7285
f 7294 7293 7289
f 7293 7294 7292
f 7296 7295 7302
f 7296 7298 7297
f 7298 7300 7299
f 7299 7300 7303
f 7305 7303 7300
f 7298 7296 7301
f 7305 7300 7298
f 7306 7302 7295
f 7297 7299 7304
f 7306 7295 7297
f 7306 7305 7301
f 7305 7306 7304
f 7308 7307 7314
f 7308 7310 7309
f 7310 7312 7311
f 7311 7312 7315
f 7317 7315 7312
f 7310 7308 7313
f 7317 7312 7310
f 7318 7314 7307
f 7309 7311 7316
f 7318 7307 7309
f 7318 7317 7313
f 7317 7318 7316
f 7320 7319 7326
f 7320 7322 7321
f 7322 7324 7323
f 7323 7324 7327
f 7329 7327 7324
f 7322 7320 7325
f 7329 7324 7322
f 7330 7326 7319
f 7321 7323 7328
f 7330 7319 7321
f 7330 7329 7325
f 7329 7330 7328
f 7332 7331 7338
f 7332 7334 7333
f 7334 7336 7335
f 7335 7336 7339
f 7341 7339 7336
f 7334 7332 7337
f 7341 7336 7334
f 7342 7338 7331
f 7333 7335 7340
f 7342 7331 7333
f 7342 7341 7337
f 7341 7342 7340
f 7344 7343 7350
f 7344 7346 7345
f 7346 7348 7347
f 7347 7348 7351
f 7353 7351 7348
f 7346 7344 7349
f 7353 7348 7346
f 7354 7350 7343
f 7345 7347 7352
f 7354 7343 7345
f 7354 7353 7349
f 7353 7354 7352
f 7356 7355 7362
f 7356 7358 7357
f 7358 7360 7359
f 7359 7360 7363
f 7365 7363 7360
f 7358 7356 7361
f 7365 7360 7358
f 7366 7362 7355
f 7357 7359 7364
f 7366 7355 7357
f 7366 7365 7361
f 7365 7366 7364
f 7368 7367 7374
f 7368 7370 7369
f 7370 7372 7371
f 7371 7372 7375
f 7377 7375 7372
f 7370 7368 7373
f 7377 7372 7370
f 7378 7374 7367
f 7369 7371 7376
f 7378 7367 7369
f 7378 7377 7373
f 7377 7378 7376
f 7380 7379 7386
f 7380 7382 7381
f 7382 7384 7383
f 7383 7384 7387
f 7389 7387 7384
f 7382 7380 7385
f 7389 7384 7382
f 7390 7386 7379
f 7381 7383 7388
f 7390 7379 7381
f 7390 7389 7385
f 7389 7390 7388
f 7392 7391 7398
f 7392 7394 7393
f 7394 7396 7395
f 7395 7396 7399
f 7401 7399 7396
f 7394 7392 7397
f 7401 7396 7394
f 7402 7398 7391
f 7393 7395 7400
f 7402 7391 7393
f 7402 7401 7397
f 7401 7402 7400
f 7404 7403 7410
f 7404 7406 7405
f 7406 7408 7407
f 7407 7408 7411
f 7413 7411 7408
f 7406 7404 7409
f 7413 7408 7406
f 7414 7410 7403
f 7405 7407 7412
f 7414 7403 7405
f 7414 7413 7409
f 7413 7414 7412
f 7416 7415 7422
f 7416 7418 7417
f 7418 7420 7419
f 7419 7420 7423
f 7425 7423 7420
f 7418 7416 7421
f 7425 7420 7418
f 7426 7422 7415
f 7417 7419 7424
f 7426 7415 7417
f 7426 7425 7421
f 7425 7426 7424
f 7428 7427 7434
f 7428 7430 7429
f 7430 7432 7431
f 7431 7432 7435
f 7437 7435 7432
f 7430 7428 7433
f 7437 7432 7430
f 7438 7434 7427
f 7429 7431 7436
f 7438 7427 7429
f 7438 7437 7433
f 7437 7438 7436
f 7440 7439 7446
f 7440 7442 7441
f 7442 7444 7443
f 7443 7444 7447
f 7449 7447 7444
f 7442 7440 7445
f 7449 7444 7442
f 7450 7446 7439
f 7441 7443 7448
f 7450 7439 7441
f 7450 7449 7445
f 7449 7450 7448
f 7452 7451 7458
f 7452 7454 7453
f 7454 7456 7455
f 7455 7456 7459
f 7461 7459 7456
f 7454 7452 7457
f 7461 7456 7454
f 7462 7458 7451
f 7453 7455 7460
f 7462 7451 7453
f 7462 7461 7457
f 7461 7462 7460
f 7464 7463 7470
f 7464 7466 7465
f 7466 7468 7467
f 7467 7468 7471
f 7473 7471 7468
f 7466 7464 7469
f 7473 7468 7466
f 7474 7470 7463
f 7465 7467 7472
f 7474 7463 7465
f 7474 7473 7469
f 7473 7474 7472
f 7476 7475 7482
f 7476 7478 7477
f 7478 7480 7479
f 7479 7480 7483
f 7485 7483 7480
f 7478 7476 7481
f 7485 7480 7478
f 7486 7482 7475
f 7477 7479 7484
f 7486 7475 7477
f 7486 7485 7481
f 7485 7486 7484
f 7488 7487 7494
f 7488 7490 7489
f 7490 7492 7491
f 7491 7492 7495
f 7497 7495 7492
f 7490 7488 7493
f 7497 7492 7490
f 7498 7494 7487
f 7489 7491 7496
f 7498 7487 7489
f 7498 7497 7493
f 7497 7498 7496
f 7500 7499 7506
f 7500 7502 7501
f 7502 7504 7503
f 7503 7504 7507
f 7509 7507 7504
f 7502 7500 7505
f 7509 7504 7502
f 7510 7506 7499
f 7501 7503 7508
f 7510 7499 7501
f 7510 7509 7505
f 7509 7510 7508
f 7512 7511 7518
f 7512 7514 7513
f 7514 7516 7515
f 7515 7516 7519
f 7521 7519 7516
f 7514 7512 7517
f 7521 7516 7514
f 7522 7518 7511
f 7513 7515 7520
f 7522 7511 7513
f 7522 7521 7517
f 7521 7522 7520
f 7524 7523 7530
f 7524 7526 7525
f 7526 7528 7527
f 7527 7528 7531
f 7533 7531 7528
f 7526 7524 7529
f 7533 7528 7526
f 7534 7530 7523
f 7525 7527 7532
f 7534 7523 7525
f 7534 7533 7529
f 7533 7534 7532
f 7536 7535 7542
f 7536 7538 7537
f 7538 7540 7539
f 7539 7540 7543
f 7545 7543 7540
f 7538 7536 7541
f 7545 7540 7538
f 7546 7542 7535
f 7537 7539 7544
f 7546 7535 7537
f 7546 7545 7541
f 7545 7546 7544
f 7548 7547 7554
f 7548 7550 7549
f 7550 7552 7551
f 7551 7552 7555
f 7557 7555 7552
f 7550 7548 7553
f 7557 7552 7550
f 7558 7554 7547
f 7549 7551 7556
f 7558 7547 7549
f 7558 7557 7553
f 7557 7558 7556
f 7560 7559 7566
f 7560 7562 7561
f 7562 7564 7563
f 7563 7564 7567
f 7569 7567 7564
f 7562 7560 7565
f 7569 7564 7562
f 7570 7566 7559
f 7561 7563 7568
f 7570 7559 7561
f 7570 7569 7565
f 7569 7570 7568
f 7572 7571 7578
f 7572 7574 7573
f 7574 7576 7575
f 7575 7576 7579
f 7581 7579 7576
f 7574 7572 7577
f 7581 7576 7574
f 7582 7578 7571
f 7573 7575 7580
f 7582 7571 7573
f 7582 7581 7577
f 7581 7582 7580
f 7584 7583 7590
f 7584 7586 7585
f 7586 7588 7587
f 7587 7588 7591
f 7593 7591 7588
f 7586 7584 7589
f 7593 7588 7586
f 7594 7590 7583
f 7585 7587 7592
f 7594 7583 7585
f 7594 7593 7589
f 7593 7594 7592
f 7596 7595 7602
f 7596 7598 7597
f 7598 7600 7599
f 7599 7600 7603
f 7605 7603 7600
f 7598 7596 7601
f 7605 7600 7598
f 7606 7602 7595
f 7597 7599 7604
f 7606 7595 7597
f 7606 7605 7601
f 7605 7606 7604
f 7608 7607 7614
f 7608 7610 7609
f 7610 7612 7611
f 7611 7612 7615
f 7617 7615 7612
f 7610 7608 7613
f 7617 7612 7610
f 7618 7614 7607
f 7609 7611 7616
f 7618 7607 7609
f 7618 7617 7613
f 7617 7618 7616
f 7620 7619 7626
f 7620 7622 7621
f 7622 7624 7623
f 7623 7624 7627
f 7629 7627 7624
f 7622 7620 7625
f 7629 7624 7622
f 7630 7626 7619
f 7621 7623 7628
f 7630 7619 7621
f 7630 7629 7625
f 7629 7630 7628
f 7632 7631 7638
f 7632 7634 7633
f 7634 7636 7635
f 7635 7636 7639
f 7641 7639 7636
f 7634 7632 7637
f 7641 7636 7634
f 7642 7638 7631
f 7633 7635 7640
f 7642 7631 7633
f 7642 7641 7637
f 7641 7642 7640
f 7644 7643 7650
f 7644 7646 7645
f 7646 7648 7647
f 7647 7648 7651
f 7653 7651 7648
f 7646 7644 7649
f 7653 7648 7646
f 7654 7650 7643
f 7645 7647 7652
f 7654 7643 7645
f 7654 7653 7649
f 7653 7654 7652
f 7656 7655 7662
f 7656 7658 7657
f 7658 7660 7659
f 7659 7660 7663
f 7665 7663 7660
f 7658 7656 7661
f 7665 7660 7658
f 7666 7662 7655
f 7657 7659 7664
f 7666 7655 7657
f 7666 7665 7661
f 7665 7666 7664
f 7668 7667 7674
f 7668 7670 7669
f 7670 7672 7671
f 7671 7672 7675
f 7677 7675 7672
f 7670 7668 7673
f 7677 7672 7670
f 7678 7674 7667
f 7669 7671 7676
f 7678 7667 7669
f 7678 7677 7673
f 7677 7678 7676
f 7680 7679 7686
f 7680 7682 7681
f 7682 7684 7683
f 7683 7684 7687
f 7689 7687 7684
f 7682 7680 7685
f 7689 7684 7682
f 7690 7686 7679
f 7681 7683 7688
f 7690 7679 7681
f 7690 7689 7685
f 7689 7690 7688
f 7692 7691 7698
f 7692 7694 7693
f 7694 7696 7695
f 7695 7696 7699
f 7701 7699 7696
f 7694 7692 7697
f 7701 7696 7694
f 7702 7698 7691
f 7693 7695 7700
f 7702 7691 7693
f 7702 7701 7697
f 7701 7702 7700
f 7704 7703 7710
f 7704 7706 7705
f 7706 7708 7707
f 7707 7708 7711
f 7713 7711 7708
f 7706 7704 7709
f 7713 7708 7706
f 7714 7710 7703
f 7705 7707 7712
f 7714 7703 7705
f 7714 7713 7709
f 7713 7714 7712
f 7716 7715 7722
f 7716 7718 7717
f 7718 7720 7719
f 7719 7720 7723
f 7725 7723 7720
f 7718 7716 7721
f 7725 7720 7718
f 7726 7722 7715
f 7717 7719 7724
f 7726 7715 7717
f 7726 7725 7721
f 7725 7726 7724
f 7728 7727 7734
f 7728 7730 7729
f 7730 7732 7731
f 7731 7732 7735
f 7737 7735 7732
f 7730 7728 7733
f 7737 7732 7730
f 7738 7734 7727
f 7729 7731 7736
f 7738 7727 7729
f 7738 7737 7733
f 7737 7738 7736
f 7740 7739 7746
f 7740 7742 7741
f 7742 7744 7743
f 7743 7744 7747
f 7749 7747 7744
f 7742 7740 7745
f 7749 7744 7742
f 7750 7746 7739
f 7741 7743 7748
f 7750 7739 7741
f 7750 7749 7745
f 7749 7750 7748
f 7752 7751 7758
f 7752 7754 7753
f 7754 7756 7755
f 7755 7756 7759
f 7761 7759 7756
f 7754 7752 7757
f 7761 7756 7754
f 7762 7758 7751
f 7753 7755 7760
f 7762 7751 7753
f 7762 7761 7757
f 7761 7762 7760
f 7764 7763 7770
f 7764 7766 7765
f 7766 7768 7767
f 7767 7768 7771
f 7773 7771 7768
f 7766 7764 7769
f 7773 7768 7766
f 7774 7770 7763
f 7765 7767 7772
f 7774 7763 7765
f 7774 7773 7769
f 7773 7774 7772
f 7776 7775 7782
f 7776 7778 7777
f 7778 7780 7779
f 7779 7780 7783
f 7785 7783 7780
f 7778 7776 7781
f 7785 7780 7778
f 7786 7782 7775
f 7777 7779 7784
f 7786 7775 7777
f 7786 7785 7781
f 7785 7786 7784
f 7788 7787 7794
f 7788 7790 7789
f 7790 7792 7791
f 7791 7792 7795
f 7797 7795 7792
f 7790 7788 7793
f 7797 7792 7790
f 7798 7794 7787
f 7789 7791 7796
f 7798 7787 7789
f 7798 7797 7793
f 7797 7798 7796
f 7800 7799 7806
f 7800 7802 7801
f 7802 7804 7803
f 7803 7804 7807
f 7809 7807 7804
f 7802 7800 7805
f 7809 7804 7802
f 7810 7806 7799
f 7801 7803 7808
f 7810 7799 7801
f 7810 7809 7805
f 7809 7810 7808
f 7812 7811 7818
f 7812 7814 7813
f 7814 7816 7815
f 7815 7816 7819
f 7821 7819 7816
f 7814 7812 7817
f 7821 7816 7814
f 7822 7818 7811
f 7813 7815 7820
f 7822 7811 7813
f 7822 7821 7817
f 7821 7822 7820
f 7824 7823 7830
f 7824 7826 7825
f 7826 7828 7827
f 7827 7828 7831
f 7833 7831 7828
f 7826 7824 7829
f 7833 7828 7826
f 7834 7830 7823
f 7825 7827 7832
f 7834 7823 7825
f 7834 7833 7829
f 7833 7834 7832
f 7836 7835 7842
f 7836 7838 7837
f 7838 7840 7839
f 7839 7840 7843
f 7845 7843 7840
f 7838 7836 7841
f 7845 7840 7838
f 7846 7842 7835
f 7837 7839 7844
f 7846 7835 7837
f 7846 7845 7841
f 7845 7846 7844
f 7848 7847 7854
f 7848 7850 7849
f 7850 7852 7851
f 7851 7852 7855
f 7857 7855 7852
f 7850 7848 7853
f 7857 7852 7850
f 7858 7854 7847
f 7849 7851 7856
f 7858 7847 7849
f 7858 7857 7853
f 7857 7858 7856
f 7860 7859 7866
f 7860 7862 7861
f 7862 7864 7863
f 7863 7864 7867
f 7869 7867 7864
f 7862 7860 7865
f 7869 7864 7862
f 7870 7866 7859
f 7861 7863 7868
f 7870 7859 7861
f 7870 7869 7865
f 7869 7870 7868
f 7872 7871 7878
f 7872 7874 7873
f 7874 7876 7875
f 7875 7876 7879
f 7881 7879 7876
f 7874 7872 7877
f 7881 7876 7874
f 7882 7878 7871
f 7873 7875 7880
f 7882 7871 7873
f 7882 7881 7877
f 7881 7882 7880
f 7884 7883 7890
f 7884 7886 7885
f 7886 7888 7887
f 7887 7888 7891
f 7893 7891 7888
f 7886 7884 7889
f 7893 7888 7886
f 7894 7890 7883
f 7885 7887 7892
f 7894 7883 7885
f 7894 7893 7889
f 7893 7894 7892
f 7896 7895 7902
f 7896 7898 7897
f 7898 7900 7899
f 7899 7900 7903
f 7905 7903 7900
f 7898 7896 7901
f 7905 7900 7898
f 7906 7902 7895
f 7897 7899 7904
f 7906 7895 7897
f 7906 7905 7901
f 7905 7906 7904
f 7908 7907 7914
f 7908 7910 7909
f 7910 7912 7911
f 7911 7912 7915
f 7917 7915 7912
f 7910 7908 7913
f 7917 7912 7910
f 7918 7914 7907
f 7909 7911 7916
f 7918 7907 7909
f 7918 7917 7913
f 7917 7918 7916
f 7920 7919 7926
f 7920 7922 7921
f 7922 7924 7923
f 7923 7924 7927
f 7929 7927 7924
f 7922 7920 7925
f 7929 7924 7922
f 7930 7926 7919
f 7921 7923 7928
f 7930 7919 7921
f 7930 7929 7925
f 7929 7930 7928
f 7932 7931 7938
f 7932 7934 7933
f 7934 7936 7935
f 7935 7936 7939
f 7941 7939 7936
f 7934 7932 7937
f 7941 7936 7934
f 7942 7938 7931
f 7933 7935 7940
f 7942 7931 7933
f 7942 7941 7937
f 7941 7942 7940
f 7944 7943 7950
f 7944 7946 7945
f 7946 7948 7947
f 7947 7948 7951
f 7953 7951 7948
f 7946 7944 7949
f 7953 7948 7946
f 7954 7950 7943
f 7945 7947 7952
f 7954 7943 7945
f 7954 7953 7949
f 7953 7954 7952
f 7956 7955 7962
f 7956 7958 7957
f 7958 7960 7959
f 7959 7960 7963
f 7965 7963 7960
f 7958 7956 7961
f 7965 7960 7958
f 7966 7962 7955
f 7957 7959 7964
f 7966 7955 7957
f 7966 7965 7961
f 7965 7966 7964
f 7968 7967 7974
f 7968 7970 7969
f 7970 7972 7971
f 7971 7972 7975
f 7977 7975 7972
f 7970 7968 7973
f 7977 7972 7970
f 7978 7974 7967
f 7969 7971 7976
f 7978 7967 7969
f 7978 7977 7973
f 7977 7978 7976
f 7980 7979 7986
f 7980 7982 7981
f 7982 7984 7983
f 7983 7984 7987
f 7989 7987 7984
f 7982 7980 7985
f 7989 7984 7982
f 7990 7986 7979
f 7981 7983 7988
f 7990 7979 7981
f 7990 7989 7985
f 7989 7990 7988
f 7992 7991 7998
f 7992 7994 7993
f 7994 7996 7995
f 7995 7996 7999
f 8001 7999 7996
f 7994 7992 7997
f 8001 7996 7994
f 8002 7998 7991
f 7993 7995 8000
f 8002 7991 7993
f 8002 8001 7997
f 8001 8002 8000
f 8004 8003 8010
f 8004 8006 8005
f 8006 8008 8007
f 8007 8008 8011
f 8013 8011 8008
f 8006 8004 8009
f 8013 8008 8006
f 8014 8010 8003
f 8005 8007 8012
f 8014 8003 8005
f 8014 8013 8009
f 8013 8014 8012
f 8016 8015 8022
f 8016 8018 8017
f 8018 8020 8019
f 8019 8020 8023
f 8025 8023 8020
f 8018 8016 8021
f 8025 8020 8018
f 8026 8022 8015
f 8017 8019 8024
f 8026 8015 8017
f 8026 8025 8021
f 8025 8026 8024
f 8028 8027 8034
f 8028 8030 8029
f 8030 8032 8031
f 8031 8032 8035
f 8037 8035 8032
f 8030 8028 8033
f 8037 8032 8030
f 8038 8034 8027
f 8029 8031 8036
f 8038 8027 8029
f 8038 8037 8033
f 8037 8038 8036
f 8040 8039 8046
f 8040 8042 8041
f 8042 8044 8043
f 8043 8044 8047
f 8049 8047 8044
f 8042 8040 8045
f 8049 8044 8042
f 8050 8046 8039
f 8041 8043 8048
f 8050 8039 8041
f 8050 8049 8045
f 8049 8050 8048
f 8052 8051 8058
f 8052 8054 8053
f 8054 8056 8055
f 8055 8056 8059
f 8061 8059 8056
f 8054 8052 8057
f 8061 8056 8054
f 8062 8058 8051
f 8053 8055 8060
f 8062 8051 8053
f 8062 8061 8057
f 8061 8062 8060
f 8064 8063 8070
f 8064 8066 8065
f 8066 8068 8067
f 8067 8068 8071
f 8073 8071 8068
f 8066 8064 8069
f 8073 8068 8066
f 8074 8070 8063
f 8065 8067 8072
f 8074 8063 8065
f 8074 8073 8069
f 8073 8074 8072
f 8076 8075 8082
f 8076 8078 8077
f 8078 8080 8079
f 8079 8080 8083
f 8085 8083 8080
f 8078 8076 8081
f 8085 8080 8078
f 8086 8082 8075
f 8077 8079 8084
f 8086 8075 8077
f 8086 8085 8081
f 8085 8086 8084
f 8088 8087 8094
f 8088 8090 8089
f 8090 8092 8091
f 8091 8092 8095
f 8097 8095 8092
f 8090 8088 8093
f 8097 8092 8090
f 8098 8094 8087
f 8089 8091 8096
f 8098 8087 8089
f 8098 8097 8093
f 8097 8098 8096
f 8100 8099 8106
f 8100 8102 8101
f 8102 8104 8103
f 8103 8104 8107
f 8109 8107 8104
f 8102 8100 8105
f 8109 8104 8102
f 8110 8106 8099
f 8101 8103 8108
f 8110 8099 8101
f 8110 8109 8105
f 8109 8110 8108
f 8112 8111 8118
f 8112 8114 8113
f 8114 8116 8115
f 8115 8116 8119
f 8121 8119 8116
f 8114 8112 8117
f 8121 8116 8114
f 8122 8118 8111
f 8113 8115 8120
f 8122 8111 8113
f 8122 8121 8117
f 8121 8122 8120
f 8124 8123 8130
f 8124 8126 8125
f 8126 8128 8127
f 8127 8128 8131
f 8133 8131 8128
f 8126 8124 8129
f 8133 8128 8126
f 8134 8130 8123
f 8125 8127 8132
f 8134 8123 8125
f 8134 8133 8129
f 8133 8134 8132
f 8136 8135 8142
f 8136 8138 8137
f 8138 8140 8139
f 8139 8140 8143
f 8145 8143 8140
f 8138 8136 8141
f 8145 8140 8138
f 8146 8142 8135
f 8137 8139 8144
f 8146 8135 8137
f 8146 8145 8141
f 8145 8146 8144
f 8148 8147 8154
f 8148 8150 8149
f 8150 8152 8151
f 8151 8152 8155
f 8157 8155 8152
f 8150 8148 8153
f 8157 8152 8150
f 8158 8154 8147
f 8149 8151 8156
f 8158 8147 8149
f 8158 8157 8153
f 8157 8158 8156
f 8160 8159 8166
f 8160 8162 8161
f 8162 8164 8163
f 8163 8164 8167
f 8169 8167 8164
f 8162 8160 8165
f 8169 8164 8162
f 8170 8166 8159
f 8161 8163 8168
f 8170 8159 8161
f 8170 8169 8165
f 8169 8170 8168
f 8172 8171 8178
f 8172 8174 8173
f 8174 8176 8175
f 8175 8176 8179
f 8181 8179 8176
f 8174 8172 8177
f 8181 8176 8174
f 8182 8178 8171
f 8173 8175 8180
f 8182 8171 8173
f 8182 8181 8177
f 8181 8182 8180
f 8184 8183 8190
f 8184 8186 8185
f 8186 8188 8187
f 8187 8188 8191
f 8193 8191 8188
f 8186 8184 8189
f 8193 8188 8186
f 8194 8190 8183
f 8185 8187 8192
f 8194 8183 8185
f 8194 8193 8189
f 8193 8194 8192
f 8196 8195 8202
f 8196 8198 8197
f 8198 8200 8199
f 8199 8200 8203
f 8205 8203 8200
f 8198 8196 8201
f 8205 8200 8198
f 8206 8202 8195
f 8197 8199 8204
f 8206 8195 8197
f 8206 8205 8201
f 8205 8206 8204
f 8208 8207 8214
f 8208 8210 8209
f 8210 8212 8211
f 8211 8212 8215
f 8217 8215 8212
f 8210 8208 8213
f 8217 8212 8210
f 8218 8214 8207
f 8209 8211 8216
f 8218 8207 8209
f 8218 8217 8213
f 8217 8218 8216
f 8220 8219 8226
f 8220 8222 8221
f 8222 8224 8223
f 8223 8224 8227
f 8229 8227 8224
f 8222 8220 8225
f 8229 8224 8222
f 8230 8226 8219
f 8221 8223 8228
f 8230 8219 8221
f 8230 8229 8225
f 8229 8230 8228
f 8232 8231 8238
f 8232 8234 8233
f 8234 8236 8235
f 8235 8236 8239
f 8241 8239 8236
f 8234 8232 8237
f 8241 8236 8234
f 8242 8238 8231
f 8233 8235 8240
f 8242 8231 8233
f 8242 8241 8237
f 8241 8242 8240
f 8244 8243 8250
f 8244 8246 8245
f 8246 8248 8247
f 8247 8248 8251
f 8253 8251 8248
f 8246 8244 8249
f 8253 8248 8246
f 8254 8250 8243
f 8245 8247 8252
f 8254 8243 8245
f 8254 8253 8249
f 8253 8254 8252
f 8256 8255 8262
f 8256 8258 8257
f 8258 8260 8259
f 8259 8260 8263
f 8265 8263 8260
f 8258 8256 8261
f 8265 8260 8258
f 8266 8262 8255
f 8257 8259 8264
f 8266 8255 8257
f 8266 8265 8261
f 8265 8266 8264
f 8268 8267 8274
f 8268 8270 8269
f 8270 8272 8271
f 8271 8272 8275
f 8277 8275 8272
f 8270 8268 8273
f 8277 8272 8270
f 8278 8274 8267
f 8269 8271 8276
f 8278 8267 8269
f 8278 8277 8273
f 8277 8278 8276
f 8280 8279 8286
f 8280 8282 8281
f 8282 8284 8283
f 8283 8284 8287
f 8289 8287 8284
f 8282 8280 8285
f 8289 8284 8282
f 8290 8286 8279
f 8281 8283 8288
f 8290 8279 8281
f 8290 8289 8285
f 8289 8290 8288
f 8292 8291 8298
f 8292 8294 8293
f 8294 8296 8295
f 8295 8296 8299
f 8301 8299 8296
f 8294 8292 8297
f 8301 8296 8294
f 8302 8298 8291
f 8293 8295 8300
f 8302 8291 8293
f 8302 8301 8297
f 8301 8302 8300
f 8304 8303 8310
f 8304 8306 8305
f 8306 8308 8307
f 8307 8308 8311
f 8313 8311 8308
f 8306 8304 8309
f 8313 8308 8306
f 8314 8310 8303
f 8305 8307 8312
f 8314 8303 8305
f 8314 8313 8309
f 8313 8314 8312
f 8316 8315 8322
f 8316 8318 8317
f 8318 8320 8319
f 8319 8320 8323
f 8325 8323 8320
f 8318 8316 8321
f 8325 8320 8318
f 8326 8322 8315
f 8317 8319 8324
f 8326 8315 8317
f 8326 8325 8321
f 8325 8326 8324
f 8328 8327 8334
f 8328 8330 8329
f 8330 8332 8331
f 8331 8332 8335
f 8337 8335 8332
f 8330 8328 8333
f 8337 8332 8330
f 8338 8334 8327
f 8329 8331 8336
f 8338 8327 8329
f 8338 8337 8333
f 8337 8338 8336
f 8340 8339 8346
f 8340 8342 8341
f 8342 8344 8343
f 8343 8344 8347
f 8349 8347 8344
f 8342 8340 8345
f 8349 8344 8342
f 8350 8346 8339
f 8341 8343 8348
f 8350 8339 8341
f 8350 8349 8345
f 8349 8350 8348
f 8352 8351 8358
f 8352 8354 8353
f 8354 8356 8355
f 8355 8356 8359
f 8361 8359 8356
f 8354 8352 8357
f 8361 8356 8354
f 8362 8358 8351
f 8353 8355 8360
f 8362 8351 8353
f 8362 8361 8357
f 8361 8362 8360
f 8364 8363 8370
f 8364 8366 8365
f 8366 8368 8367
f 8367 8368 8371
f 8373 8371 8368
f 8366 8364 8369
f 8373 8368 8366
f 8374 8370 8363
f 8365 8367 8372
f 8374 8363 8365
f 8374 8373 8369
f 8373 8374 8372
f 8376 8375 8382
f 8376 8378 8377
f 8378 8380 8379
f 8379 8380 8383
f 8385 8383 8380
f 8378 8376 8381
f 8385 8380 8378
f 8386 8382 8375
f 8377 8379 8384
f 8386 8375 8377
f 8386 8385 8381
f 8385 8386 8384
f 8388 8387 8394
f 8388 8390 8389
f 8390 8392 8391
f 8391 8392 8395
f 8397 8395 8392
f 8390 8388 8393
f 8397 8392 8390
f 8398 8394 8387
f 8389 8391 8396
f 8398 8387 8389
f 8398 8397 8393
f 8397 8398 8396
f 8400 8399 8406
f 8400 8402 8401
f 8402 8404 8403
f 8403 8404 8407
f 8409 8407 8404
f 8402 8400 8405
f 8409 8404 8402
f 8410 8406 8399
f 8401 8403 8408
f 8410 8399 8401
f 8410 8409 8405
f 8409 8410 8408
f 8412 8411 8418
f 8412 8414 8413
f 8414 8416 8415
f 8415 8416 8419
f 8421 8419 8416
f 8414 8412 8417
f 8421 8416 8414
f 8422 8418 8411
f 8413 8415 8420
f 8422 8411 8413
f 8422 8421 8417
f 8421 8422 8420
f 8424 8423 8430
f 8424 8426 8425
f 8426 8428 8427
f 8427 8428 8431
f 8433 8431 8428
f 8426 8424 8429
f 8433 8428 8426
f 8434 8430 8423
f 8425 8427 8432
f 8434 8423 8425
f 8434 8433 8429
f 8433 8434 8432
f 8436 8435 8442
f 8436 8438 8437
f 8438 8440 8439
f 8439 8440 8443
f 8445 8443 8440
f 8438 8436 8441
f 8445 8440 8438
f 8446 8442 8435
f 8437 8439 8444
f 8446 8435 8437
f 8446 8445 8441
f 8445 8446 8444
f 8448 8447 8454
f 8448 8450 8449
f 8450 8452 8451
f 8451 8452 8455
f 8457 8455 8452
f 8450 8448 8453
f 8457 8452 8450
f 8458 8454 8447
f 8449 8451 8456
f 8458 8447 8449
f 8458 8457 8453
f 8457 8458 8456
f 8460 8459 8466
f 8460 8462 8461
f 8462 8464 8463
f 8463 8464 8467
f 8469 8467 8464
f 8462 8460 8465
f 8469 8464 8462
f 8470 8466 8459
f 8461 8463 8468
f 8470 8459 8461
f 8470 8469 8465
f 8469 8470 8468
f 8472 8471 8478
f 8472 8474 8473
f 8474 8476 8475
f 8475 8476 8479
f 8481 8479 8476
f 8474 8472 8477
f 8481 8476 8474
f 8482 8478 8471
f 8473 8475 8480
f 8482 8471 8473
f 8482 8481 8477
f 8481 8482 8480
f 8484 8483 8490
f 8484 8486 8485
f 8486 8488 8487
f 8487 8488 8491
f 8493 8491 8488
f 8486 8484 8489
f 8493 8488 8486
f 8494 8490 8483
f 8485 8487 8492
f 8494 8483 8485
f 8494 8493 8489
f 8493 8494 8492
f 8496 8495 8502
f 8496 8498 8497
f 8498 8500 8499
f 8499 8500 8503
f 8505 8503 8500
f 8498 8496 8501
f 8505 8500 8498
f 8506 8502 8495
f 8497 8499 8504
f 8506 8495 8497
f 8506 8505 8501
f 8505 8506 8504
f 8508 8507 8514
f 8508 8510 8509
f 8510 8512 8511
f 8511 8512 8515
f 8517 8515 8512
f 8510 8508 8513
f 8517 8512 8510
f 8518 8514 8507
f 8509 8511 8516
f 8518 8507 8509
f 8518 8517 8513
f 8517 8518 8516
f 8520 8519 8526
f 8520 8522 8521
f 8522 8524 8523
f 8523 8524 8527
f 8529 8527 8524
f 8522 8520 8525
f 8529 8524 8522
f 8530 8526 8519
f 8521 8523 8528
f 8530 8519 8521
f 8530 8529 8525
f 8529 8530 8528
f 8532 8531 8538
f 8532 8534 8533
f 8534 8536 8535
f 8535 8536 8539
f 8541 8539 8536
f 8534 8532 8537
f 8541 8536 8534
f 8542 8538 8531
f 8533 8535 8540
f 8542 8531 8533
f 8542 8541 8537
f 8541 8542 8540
f 8544 8543 8550
f 8544 8546 8545
f 8546 8548 8547
f 8547 8548 8551
f 8553 8551 8548
f 8546 8544 8549
f 8553 8548 8546
f 8554 8550 8543
f 8545 8547 8552
f 8554 8543 8545
f 8554 8553 8549
f 8553 8554 8552
f 8556 8555 8562
f 8556 8558 8557
f 8558 8560 8559
f 8559 8560 8563
f 8565 8563 8560
f 8558 8556 8561
f 8565 8560 8558
f 8566 8562 8555
f 8557 8559 8564
f 8566 8555 8557
f 8566 8565 8561
f 8565 8566 8564
f 8568 8567 8574
f 8568 8570 8569
f 8570 8572 8571
f 8571 8572 8575
f 8577 8575 8572
f 8570 8568 8573
f 8577 8572 8570
f 8578 8574 8567
f 8569 8571 8576
f 8578 8567 8569
f 8578 8577 8573
f 8577 8578 8576
f 8580 8579 8586
f 8580 8582 8581
f 8582 8584 8583
f 8583 8584 8587
f 8589 8587 8584
f 8582 8580 8585
f 8589 8584 8582
f 8590 8586 8579
f 8581 8583 8588
f 8590 8579 8581
f 8590 8589 8585
f 8589 8590 8588
f 8592 8591 8598
f 8592 8594 8593
f 8594 8596 8595
f 8595 8596 8599
f 8601 8599 8596
f 8594 8592 8597
f 8601 8596 8594
f 8602 8598 8591
f 8593 8595 8600
f 8602 8591 8593
f 8602 8601 8597
f 8601 8602 8600
f 8604 8603 8610
f 8604 8606 8605
f 8606 8608 8607
f 8607 8608 8611
f 8613 8611 8608
f 8606 8604 8609
f 8613 8608 8606
f 8614 8610 8603
f 8605 8607 8612
f 8614 8603 8605
f 8614 8613 8609
f 8613 8614 8612
f 8616 8615 8622
f 8616 8618 8617
f 8618 8620 8619
f 8619 8620 8623
f 8625 8623 8620
f 8618 8616 8621
f 8625 8620 8618
f 8626 8622 8615
f 8617 8619 8624
f 8626 8615 8617
f 8626 8625 8621
f 8625 8626 8624
f 8628 8627 8634
f 8628 8630 8629
f 8630 8632 8631
f 8631 8632 8635
f 8637 8635 8632
f 8630 8628 8633
f 8637 8632 8630
f 8638 8634 8627
f 8629 8631 8636
f 8638 8627 8629
f 8638 8637 8633
f 8637 8638 8636
f 8640 8639 8646
f 8640 8642 8641
f 8642 8644 8643
f 8643 8644 8647
f 8649 8647 8644
f 8642 8640 8645
f 8649 8644 8642
f 8650 8646 8639
f 8641 8643 8648
f 8650 8639 8641
f 8650 8649 8645
f 8649 8650 8648
f 8652 8651 8658
f 8652 8654 8653
f 8654 8656 8655
f 8655 8656 8659
f 8661 8659 8656
f 8654 8652 8657
f 8661 8656 8654
f 8662 8658 8651
f 8653 8655 8660
f 8662 8651 8653
f 8662 8661 8657
f 8661 8662 8660
f 8664 8663 8670
f 8664 8666 8665
f 8666 8668 8667
f 8667 8668 8671
f 8673 8671 8668
f 8666 8664 8669
f 8673 8668 8666
f 8674 8670 8663
f 8665 8667 8672
f 8674 8663 8665
f 8674 8673 8669
f 8673 8674 8672
f 8676 8675 8682
f 8676 8678 8677
f 8678 8680 8679
f 8679 8680 8683
f 8685 8683 8680
f 8678 8676 8681
f 8685 8680 8678
f 8686 8682 8675
f 8677 8679 8684
f 8686 8675 8677
f 8686 8685 8681
f 8685 8686 8684
f 8688 8687 8694
f 8688 8690 8689
f 8690 8692 8691
f 8691 8692 8695
f 8697 8695 8692
f 8690 8688 8693
f 8697 8692 8690
f 8698 8694 8687
f 8689 8691 8696
f 8698 8687 8689
f 8698 8697 8693
f 8697 8698 8696
f 8700 8699 8706
f 8700 8702 8701
f 8702 8704 8703
f 8703 8704 8707
f 8709 8707 8704
f 8702 8700 8705
f 8709 8704 8702
f 8710 8706 8699
f 8701 8703 8708
f 8710 8699 8701
f 8710 8709 8705
f 8709 8710 8708
f 8712 8711 8718
f 8712 8714 8713
f 8714 8716 8715
f 8715 8716 8719
f 8721 8719 8716
f 8714 8712 8717
f 8721 8716 8714
f 8722 8718 8711
f 8713 8715 8720
f 8722 8711 8713
f 8722 8721 8717
f 8721 8722 8720
f 8724 8723 8730
f 8724 8726 8725
f 8726 8728 8727
f 8727 8728 8731
f 8733 8731 8728
f 8726 8724 8729
f 8733 8728 8726
f 8734 8730 8723
f 8725 8727 8732
f 8734 8723 8725
f 8734 8733 8729
f 8733 8734 8732
f 8736 8735 8742
f 8736 8738 8737
f 8738 8740 8739
f 8739 8740 8743
f 8745 8743 8740
f 8738 8736 8741
f 8745 8740 8738
f 8746 8742 8735
f 8737 8739 8744
f 8746 8735 8737
f 8746 8745 8741
f 8745 8746 8744
f 8748 8747 8754
f 8748 8750 8749
f 8750 8752 8751
f 8751 8752 8755
f 8757 8755 8752
f 8750 8748 8753
f 8757 8752 8750
f 8758 8754 8747
f 8749 8751 8756
f 8758 8747 8749
f 8758 8757 8753
f 8757 8758 8756
f 8760 8759 8766
f 8760 8762 8761
f 8762 8764 8763
f 8763 8764 8767
f 8769 8767 8764
f 8762 8760 8765
f 8769 8764 8762
f 8770 8766 8759
f 8761 8763 8768
f 8770 8759 8761
f 8770 8769 8765
f 8769 8770 8768
f 8772 8771 8778
f 8772 8774 8773
f 8774 8776 8775
f 8775 8776 8779
f 8781 8779 8776
f 8774 8772 8777
f 8781 8776 8774
f 8782 8778 8771
f 8773 8775 8780
f 8782 8771 8773
f 8782 8781 8777
f 8781 8782 8780
f 8784 8783 8790
f 8784 8786 8785
f 8786 8788 8787
f 8787 8788 8791
f 8793 8791 8788
f 8786 8784 8789
f 8793 8788 8786
f 8794 8790 8783
f 8785 8787 8792
f 8794 8783 8785
f 8794 8793 8789
f 8793 8794 8792
f 8796 8795 8802
f 8796 8798 8797
f 8798 8800 8799
f 8799 8800 8803
f 8805 8803 8800
f 8798 8796 8801
f 8805 8800 8798
f 8806 8802 8795
f 8797 8799 8804
f 8806 8795 8797
f 8806 8805 8801
f 8805 8806 8804
f 8808 8807 8814
f 8808 8810 8809
f 8810 8812 8811
f 8811 8812 8815
f 8817 8815 8812
f 8810 8808 8813
f 8817 8812 8810
f 8818 8814 8807
f 8809 8811 8816
f 8818 8807 8809
f 8818 8817 8813
f 8817 8818 8816
f 8820 8819 8826
f 8820 8822 8821
f 8822 8824 8823
f 8823 8824 8827
f 8829 8827 8824
f 8822 8820 8825
f 8829 8824 8822
f 8830 8826 8819
f 8821 8823 8828
f 8830 8819 8821
f 8830 8829 8825
f 8829 8830 8828
f 8832 8831 8838
f 8832 8834 8833
f 8834 8836 8835
f 8835 8836 8839
f 8841 8839 8836
f 8834 8832 8837
f 8841 8836 8834
f 8842 8838 8831
f 8833 8835 8840
f 8842 8831 8833
f 8842 8841 8837
f 8841 8842 8840
f 8844 8843 8850
f 8844 8846 8845
f 8846 8848 8847
f 8847 8848 8851
f 8853 8851 8848
f 8846 8844 8849
f 8853 8848 8846
f 8854 8850 8843
f 8845 8847 8852
f 8854 8843 8845
f 8854 8853 8849
f 8853 8854 8852
f 8856 8855 8862
f 8856 8858 8857
f 8858 8860 8859
f 8859 8860 8863
f 8865 8863 8860
f 8858 8856 8861
f 8865 8860 8858
f 8866 8862 8855
f 8857 8859 8864
f 8866 8855 8857
f 8866 8865 8861
f 8865 8866 8864
f 8868 8867 8874
f 8868 8870 8869
f 8870 8872 8871
f 8871 8872 8875
f 8877 8875 8872
f 8870 8868 8873
f 8877 8872 8870
f 8878 8874 8867
f 8869 8871 8876
f 8878 8867 8869
f 8878 8877 8873
f 8877 8878 8876
f 8880 8879 8886
f 8880 8882 8881
f 8882 8884 8883
f 8883 8884 8887
f 8889 8887 8884
f 8882 8880 8885
f 8889 8884 8882
f 8890 8886 8879
f 8881 8883 8888
f 8890 8879 8881
f 8890 8889 8885
f 8889 8890 8888
f 8892 8891 8898
f 8892 8894 8893
f 8894 8896 8895
f 8895 8896 8899
f 8901 8899 8896
f 8894 8892 8897
f 8901 8896 8894
f 8902 8898 8891
f 8893 8895 8900
f 8902 8891 8893
f 8902 8901 8897
f 8901 8902 8900
f 8904 8903 8910
f 8904 8906 8905
f 8906 8908 8907
f 8907 8908 8911
f 8913 8911 8908
f 8906 8904 8909
f 8913 8908 8906
f 8914 8910 8903
f 8905 8907 8912
f 8914 8903 8905
f 8914 8913 8909
f 8913 8914 8912
f 8916 8915 8922
f 8916 8918 8917
f 8918 8920 8919
f 8919 8920 8923
f 8925 8923 8920
f 8918 8916 8921
f 8925 8920 8918
f 8926 8922 8915
f 8917 8919 8924
f 8926 8915 8917
f 8926 8925 8921
f 8925 8926 8924
f 8928 8927 8934
f 8928 8930 8929
f 8930 8932 8931
f 8931 8932 8935
f 8937 8935 8932
f 8930 8928 8933
f 8937 8932 8930
f 8938 8934 8927
f 8929 8931 8936
f 8938 8927 8929
f 8938 8937 8933
f 8937 8938 8936
f 8940 8939 8946
f 8940 8942 8941
f 8942 8944 8943
f 8943 8944 8947
f 8949 8947 8944
f 8942 8940 8945
f 8949 8944 8942
f 8950 8946 8939
f 8941 8943 8948
f 8950 8939 8941
f 8950 8949 8945
f 8949 8950 8948
f 8952 8951 8958
f 8952 8954 8953
f 8954 8956 8955
f 8955 8956 8959
f 8961 8959 8956
f 8954 8952 8957
f 8961 8956 8954
f 8962 8958 8951
f 8953 8955 8960
f 8962 8951 8953
f 8962 8961 8957
f 8961 8962 8960
f 8964 8963 8970
f 8964 8966 8965
f 8966 8968 8967
f 8967 8968 8971
f 8973 8971 8968
f 8966 8964 8969
f 8973 8968 8966
f 8974 8970 8963
f 8965 8967 8972
f 8974 8963 8965
f 8974 8973 8969
f 8973 8974 8972
f 8976 8975 8982
f 8976 8978 8977
f 8978 8980 8979
f 8979 8980 8983
f 8985 8983 8980
f 8978 8976 8981
f 8985 8980 8978
f 8986 8982 8975
f 8977 8979 8984
f 8986 8975 8977
f 8986 8985 8981
f 8985 8986 8984
f 8988 8987 8994
f 8988 8990 8989
f 8990 8992 8991
f 8991 8992 8995
f 8997 8995 8992
f 8990 8988 8993
f 8997 8992 8990
f 8998 8994 8987
f 8989 8991 8996
f 8998 8987 8989
f 8998 8997 8993
f 8997 8998 8996
f 9000 8999 9006
f 9000 9002 9001
f 9002 9004 9003
f 9003 9004 9007
f 9009 9007 9004
f 9002 9000 9005
f 9009 9004 9002
f 9010 9006 8999
f 9001 9003 9008
f 9010 8999 9001
f 9010 9009 9005
f 9009 9010 9008
f 9012 9011 9018
f 9012 9014 9013
f 9014 9016 9015
f 9015 9016 9019
f 9021 9019 9016
f 9014 9012 9017
f 9021 9016 9014
f 9022 9018 9011
f 9013 9015 9020
f 9022 9011 9013
f 9022 9021 9017
f 9021 9022 9020
f 9024 9023 9030
f 9024 9026 9025
f 9026 9028 9027
f 9027 9028 9031
f 9033 9031 9028
f 9026 9024 9029
f 9033 9028 9026
f 9034 9030 9023
f 9025 9027 9032
f 9034 9023 9025
f 9034 9033 9029
f 9033 9034 9032
f 9036 9035 9042
f 9036 9038 9037
f 9038 9040 9039
f 9039 9040 9043
f 9045 9043 9040
f 9038 9036 9041
f 9045 9040 9038
f 9046 9042 9035
f 9037 9039 9044
f 9046 9035 9037
f 9046 9045 9041
f 9045 9046 9044
f 9048 9047 9054
f 9048 9050 9049
f 9050 9052 9051
f 9051 9052 9055
f 9057 9055 9052
f 9050 9048 9053
f 9057 9052 9050
f 9058 9054 9047
f 9049 9051 9056
f 9058 9047 9049
f 9058 9057 9053
f 9057 9058 9056
f 9060 9059 9066
f 9060 9062 9061
f 9062 9064 9063
f 9063 9064 9067
f 9069 9067 9064
f 9062 9060 9065
f 9069 9064 9062
f 9070 9066 9059
f 9061 9063 9068
f 9070 9059 9061
f 9070 9069 9065
f 9069 9070 9068
f 9072 9071 9078
f 9072 9074 9073
f 9074 9076 9075
f 9075 9076 9079
f 9081 9079 9076
f 9074 9072 9077
f 9081 9076 9074
f 9082 9078 9071
f 9073 9075 9080
f 9082 9071 9073
f 9082 9081 9077
f 9081 9082 9080
f 9084 9083 9090
f 9084 9086 9085
f 9086 9088 9087
f 9087 9088 9091
f 9093 9091 9088
f 9086 9084 9089
f 9093 9088 9086
f 9094 9090 9083
f 9085 9087 9092
f 9094 9083 9085
f 9094 9093 9089
f 9093 9094 9092
f 9096 9095 9102
f 9096 9098 9097
f 9098 9100 9099
f 9099 9100 9103
f 9105 9103 9100
f 9098 9096 9101
f 9105 9100 9098
f 9106 9102 9095
f 9097 9099 9104
f 9106 9095 9097
f 9106 9105 9101
f 9105 9106 9104
f 9108 9107 9114
f 9108 9110 9109
f 9110 9112 9111
f 9111 9112 9115
f 9117 9115 9112
f 9110 9108 9113
f 9117 9112 9110
f 9118 9114 9107
f 9109 9111 9116
f 9118 9107 9109
f 9118 9117 9113
f 9117 9118 9116
f 9120 9119 9126
f 9120 9122 9121
f 9122 9124 9123
f 9123 9124 9127
f 9129 9127 9124
f 9122 9120 9125
f 9129 9124 9122
f 9130 9126 9119
f 9121 9123 9128
f 9130 9119 9121
f 9130 9129 9125
f 9129 9130 9128
f 9132 9131 9138
f 9132 9134 9133
f 9134 9136 9135
f 9135 9136 9139
f 9141 9139 9136
f 9134 9132 9137
f 9141 9136 9134
f 9142 9138 9131
f 9133 9135 9140
f 9142 9131 9133
f 9142 9141 9137
f 9141 9142 9140
f 9144 9143 9150
f 9144 9146 9145
f 9146 9148 9147
f 9147 9148 9151
f 9153 9151 9148
f 9146 9144 9149
f 9153 9148 9146
f 9154 9150 9143
f 9145 9147 9152
f 9154 9143 9145
f 9154 9153 9149
f 9153 9154 9152
f 9156 9155 9162
f 9156 9158 9157
f 9158 9160 9159
f 9159 9160 9163
f 9165 9163 9160
f 9158 9156 9161
f 9165 9160 9158
f 9166 9162 9155
f 9157 9159 9164
f 9166 9155 9157
f 9166 9165 9161
f 9165 9166 9164
f 9168 9167 9174
f 9168 9170 9169
f 9170 9172 9171
f 9171 9172 9175
f 9177 9175 9172
f 9170 9168 9173
f 9177 9172 9170
f 9178 9174 9167
f 9169 9171 9176
f 9178 9167 9169
f 9178 9177 9173
f 9177 9178 9176
f 9180 9179 9186
f 9180 9182 9181
f 9182 9184 9183
f 9183 9184 9187
f 9189 9187 9184
f 9182 9180 9185
f 9189 9184 9182
f 9190 9186 9179
f 9181 9183 9188
f 9190 9179 9181
f 9190 9189 9185
f 9189 9190 9188
f 9192 9191 9198
f 9192 9194 9193
f 9194 9196 9195
f 9195 9196 9199
f 9201 9199 9196
f 9194 9192 9197
f 9201 9196 9194
f 9202 9198 9191
f 9193 9195 9200
f 9202 9191 9193
f 9202 9201 9197
f 9201 9202 9200
f 9204 9203 9210
f 9204 9206 9205
f 9206 9208 9207
f 9207 9208 9211
f 9213 9211 9208
f 9206 9204 9209
f 9213 9208 9206
f 9214 9210 9203
f 9205 9207 9212
f 9214 9203 9205
f 9214 9213 9209
f 9213 9214 9212
f 9216 9215 9222
f 9216 9218 9217
f 9218 9220 9219
f 9219 9220 9223
f 9225 9223 9220
f 9218 9216 9221
f 9225 9220 9218
f 9226 9222 9215
f 9217 9219 9224
f 9226 9215 9217
f 9226 9225 9221
f 9225 9226 9224
f 9228 9227 9234
f 9228 9230 9229
f 9230 9232 9231
f 9231 9232 9235
f 9237 9235 9232
f 9230 9228 9233
f 9237 9232 9230
f 9238 9234 9227
f 9229 9231 9236
f 9238 9227 9229
f 9238 9237 9233
f 9237 9238 9236
f 9240 9239 9246
f 9240 9242 9241
f 9242 9244 9243
f 9243 9244 9247
f 9249 9247 9244
f 9242 9240 9245
f 9249 9244 9242
f 9250 9246 9239
f 9241 9243 9248
f 9250 9239 9241
f 9250 9249 9245
f 9249 9250 9248
f 9252 9251 9258
f 9252 9254 9253
f 9254 9256 9255
f 9255 9256 9259
f 9261 9259 9256
f 9254 9252 9257
f 9261 9256 9254
f 9262 9258 9251
f 9253 9255 9260
f 9262 9251 9253
f 9262 9261 9257
f 9261 9262 9260
f 9264 9263 9270
f 9264 9266 9265
f 9266 9268 9267
f 9267 9268 9271
f 9273 9271 9268
f 9266 9264 9269
f 9273 9268 9266
f 9274 9270 9263
f 9265 9267 9272
f 9274 9263 9265
f 9274 9273 9269
f 9273 9274 9272
f 9276 9275 9282
f 9276 9278 9277
f 9278 9280 9279
f 9279 9280 9283
f 9285 9283 9280
f 9278 9276 9281
f 9285 9280 9278
f 9286 9282 9275
f 9277 9279 9284
f 9286 9275 9277
f 9286 9285 9281
f 9285 9286 9284
f 9288 9287 9294
f 9288 9290 9289
f 9290 9292 9291
f 9291 9292 9295
f 9297 9295 9292
f 9290 9288 9293
f 9297 9292 9290
f 9298 9294 9287
f 9289 9291 9296
f 9298 9287 9289
f 9298 9297 9293
f 9297 9298 9296
f 9300 9299 9306
f 9300 9302 9301
f 9302 9304 9303
f 9303 9304 9307
f 9309 9307 9304
f 9302 9300 9305
f 9309 9304 9302
f 9310 9306 9299
f 9301 9303 9308
f 9310 9299 9301
f 9310 9309 9305
f 9309 9310 9308
f 9312 9311 9318
f 9312 9314 9313
f 9314 9316 9315
f 9315 9316 9319
f 9321 9319 9316
f 9314 9312 9317
f 9321 9316 9314
f 9322 9318 9311
f 9313 9315 9320
f 9322 9311 9313
f 9322 9321 9317
f 9321 9322 9320
f 9324 9323 9330
f 9324 9326 9325
f 9326 9328 9327
f 9327 9328 9331
f 9333 9331 9328
f 9326 9324 9329
f 9333 9328 9326
f 9334 9330 9323
f 9325 9327 9332
f 9334 9323 9325
f 9334 9333 9329
f 9333 9334 9332
f 9336 9335 9342
f 9336 9338 9337
f 9338 9340 9339
f 9339 9340 9343
f 9345 9343 9340
f 9338 9336 9341
f 9345 9340 9338
f 9346 9342 9335
f 9337 9339 9344
f 9346 9335 9337
f 9346 9345 9341
f 9345 9346 9344
f 9348 9347 9354
f 9348 9350 9349
f 9350 9352 9351
f 9351 9352 9355
f 9357 9355 9352
f 9350 9348 9353
f 9357 9352 9350
f 9358 9354 9347
f 9349 9351 9356
f 9358 9347 9349
f 9358 9357 9353
f 9357 9358 9356
f 9360 9359 9366
f 9360 9362 9361
f 9362 9364 9363
f 9363 9364 9367
f 9369 9367 9364
f 9362 9360 9365
f 9369 9364 9362
f 9370 9366 9359
f 9361 9363 9368
f 9370 9359 9361
f 9370 9369 9365
f 9369 9370 9368
f 9372 9371 9378
f 9372 9374 9373
f 9374 9376 9375
f 9375 9376 9379
f 9381 9379 9376
f 9374 9372 9377
f 9381 9376 9374
f 9382 9378 9371
f 9373 9375 9380
f 9382 9371 9373
f 9382 9381 9377
f 9381 9382 9380
f 9384 9383 9390
f 9384 9386 9385
f 9386 9388 9387
f 9387 9388 9391
f 9393 9391 9388
f 9386 9384 9389
f 9393 9388 9386
f 9394 9390 9383
f 9385 9387 9392
f 9394 9383 9385
f 9394 9393 9389
f 9393 9394 9392
f 9396 9395 9402
f 9396 9398 9397
f 9398 9400 9399
f 9399 9400 9403
f 9405 9403 9400
f 9398 9396 9401
f 9405 9400 9398
f 9406 9402 9395
f 9397 9399 9404
f 9406 9395 9397
f 9406 9405 9401
f 9405 9406 9404
f 9408 9407 9414
f 9408 9410 9409
f 9410 9412 9411
f 9411 9412 9415
f 9417 9415 9412
f 9410 9408 9413
f 9417 9412 9410
f 9418 9414 9407
f 9409 9411 9416
f 9418 9407 9409
f 9418 9417 9413
f 9417 9418 9416
f 9420 9419 9426
f 9420 9422 9421
f 9422 9424 9423
f 9423 9424 9427
f 9429 9427 9424
f 9422 9420 9425
f 9429 9424 9422
f 9430 9426 9419
f 9421 9423 9428
f 9430 9419 9421
f 9430 9429 9425
f 9429 9430 9428
f 9432 9431 9438
f 9432 9434 9433
f 9434 9436 9435
f 9435 9436 9439
f 9441 9439 9436
f 9434 9432 9437
f 9441 9436 9434
f 9442 9438 9431
f 9433 9435 9440
f 9442 9431 9433
f 9442 9441 9437
f 9441 9442 9440
f 9444 9443 9450
f 9444 9446 9445
f 9446 9448 9447
f 9447 9448 9451
f 9453 9451 9448
f 9446 9444 9449
f 9453 9448 9446
f 9454 9450 9443
f 9445 9447 9452
f 9454 9443 9445
f 9454 9453 9449
f 9453 9454 9452
f 9456 9455 9462
f 9456 9458 9457
f 9458 9460 9459
f 9459 9460 9463
f 9465 9463 9460
f 9458 9456 9461
f 9465 9460 9458
f 9466 9462 9455
f 9457 9459 9464
f 9466 9455 9457
f 9466 9465 9461
f 9465 9466 9464
f 9468 9467 9474
f 9468 9470 9469
f 9470 9472 9471
f 9471 9472 9475
f 9477 9475 9472
f 9470 9468 9473
f 9477 9472 9470
f 9478 9474 9467
f 9469 9471 9476
f 9478 9467 9469
f 9478 9477 9473
f 9477 9478 9476
f 9480 9479 9486
f 9480 9482 9481
f 9482 9484 9483
f 9483 9484 9487
f 9489 9487 9484
f 9482 9480 9485
f 9489 9484 9482
f 9490 9486 9479
f 9481 9483 9488
f 9490 9479 9481
f 9490 9489 9485
f 9489 9490 9488
f 9492 9491 9498
f 9492 9494 9493
f 9494 9496 9495
f 9495 9496 9499
f 9501 9499 9496
f 9494 9492 9497
f 9501 9496 9494
f 9502 9498 9491
f 9493 9495 9500
f 9502 9491 9493
f 9502 9501 9497
f 9501 9502 9500
f 9504 9503 9510
f 9504 9506 9505
f 9506 9508 9507
f 9507 9508 9511
f 9513 9511 9508
f 9506 9504 9509
f 9513 9508 9506
f 9514 9510 9503
f 9505 9507 9512
f 9514 9503 9505
f 9514 9513 9509
f 9513 9514 9512
f 9516 9515 9522
f 9516 9518 9517
f 9518 9520 9519
f 9519 9520 9523
f 9525 9523 9520
f 9518 9516 9521
f 9525 9520 9518
f 9526 9522 9515
f 9517 9519 9524
f 9526 9515 9517
f 9526 9525 9521
f 9525 9526 9524
f 9528 9527 9534
f 9528 9530 9529
f 9530 9532 9531
f 9531 9532 9535
f 9537 9535 9532
f 9530 9528 9533
f 9537 9532 9530
f 9538 9534 9527
f 9529 9531 9536
f 9538 9527 9529
f 9538 9537 9533
f 9537 9538 9536
f 9540 9539 9546
f 9540 9542 9541
f 9542 9544 9543
f 9543 9544 9547
f 9549 9547 9544
f 9542 9540 9545
f 9549 9544 9542
f 9550 9546 9539
f 9541 9543 9548
f 9550 9539 9541
f 9550 9549 9545
f 9549 9550 9548
f 9552 9551 9558
f 9552 9554 9553
f 9554 9556 9555
f 9555 9556 9559
f 9561 9559 9556
f 9554 9552 9557
f 9561 9556 9554
f 9562 9558 9551
f 9553 9555 9560
f 9562 9551 9553
f 9562 9561 9557
f 9561 9562 9560
f 9564 9563 9570
f 9564 9566 9565
f 9566 9568 9567
f 9567 9568 9571
f 9573 9571 9568
f 9566 9564 9569
f 9573 9568 9566
f 9574 9570 9563
f 9565 9567 9572
f 9574 9563 9565
f 9574 9573 9569
f 9573 9574 9572
f 9576 9575 9582
f 9576 9578 9577
f 9578 9580 9579
f 9579 9580 9583
f 9585 9583 9580
f 9578 9576 9581
f 9585 9580 9578
f 9586 9582 9575
f 9577 9579 9584
f 9586 9575 9577
f 9586 9585 9581
f 9585 9586 9584
f 9588 9587 9594
f 9588 9590 9589
f 9590 9592 9591
f 9591 9592 9595
f 9597 9595 9592
f 9590 9588 9593
f 9597 9592 9590
f 9598 9594 9587
f 9589 9591 9596
f 9598 9587 9589
f 9598 9597 9593
f 9597 9598 9596
f 9600 9599 9606
f 9600 9602 9601
f 9602 9604 9603
f 9603 9604 9607
f 9609 9607 9604
f 9602 9600 9605
f 9609 9604 9602
f 9610 9606 9599
f 9601 9603 9608
f 9610 9599 9601
f 9610 9609 9605
f 9609 9610 9608
f 9612 9611 9618
f 9612 9614 9613
f 9614 9616 9615
f 9615 9616 9619
f 9621 9619 9616
f 9614 9612 9617
f 9621 9616 9614
f 9622 9618 9611
f 9613 9615 9620
f 9622 9611 9613
f 9622 9621 9617
f 9621 9622 9620
f 9624 9623 9630
f 9624 9626 9625
f 9626 9628 9627
f 9627 9628 9631
f 9633 9631 9628
f 9626 9624 9629
f 9633 9628 9626
f 9634 9630 9623
f 9625 9627 9632
f 9634 9623 9625
f 9634 9633 9629
f 9633 9634 9632
f 9636 9635 9642
f 9636 9638 9637
f 9638 9640 9639
f 9639 9640 9643
f 9645 9643 9640
f 9638 9636 9641
f 9645 9640 9638
f 9646 9642 9635
f 9637 9639 9644
f 9646 9635 9637
f 9646 9645 9641
f 9645 9646 9644
f 9648 9647 9654
f 9648 9650 9649
f 9650 9652 9651
f 9651 9652 9655
f 9657 9655 9652
f 9650 9648 9653
f 9657 9652 9650
f 9658 9654 9647
f 9649 9651 9656
f 9658 9647 9649
f 9658 9657 9653
f 9657 9658 9656
f 9660 9659 9666
f 9660 9662 9661
f 9662 9664 9663
f 9663 9664 9667
f 9669 9667 9664
f 9662 9660 9665
f 9669 9664 9662
f 9670 9666 9659
f 9661 9663 9668
f 9670 9659 9661
f 9670 9669 9665
f 9669 9670 9668
f 9672 9671 9678
f 9672 9674 9673
f 9674 9676 9675
f 9675 9676 9679
f 9681 9679 9676
f 9674 9672 9677
f 9681 9676 9674
f 9682 9678 9671
f 9673 9675 9680
f 9682 9671 9673
f 9682 9681 9677
f 9681 9682 9680
f 9684 9683 9690
f 9684 9686 9685
f 9686 9688 9687
f 9687 9688 9691
f 9693 9691 9688
f 9686 9684 9689
f 9693 9688 9686
f 9694 9690 9683
f 9685 9687 9692
f 9694 9683 9685
f 9694 9693 9689
f 9693 9694 9692
f 9696 9695 9702
f 9696 9698 9697
f 9698 9700 9699
f 9699 9700 9703
f 9705 9703 9700
f 9698 9696 9701
f 9705 9700 9698
f 9706 9702 9695
f 9697 9699 9704
f 9706 9695 9697
f 9706 9705 9701
f 9705 9706 9704
f 9708 9707 9714
f 9708 9710 9709
f 9710 9712 9711
f 9711 9712 9715
f 9717 9715 9712
f 9710 9708 9713
f 9717 9712 9710
f 9718 9714 9707
f 9709 9711 9716
f 9718 9707 9709
f 9718 9717 9713
f 9717 9718 9716
f 9720 9719 9726
f 9720 9722 9721
f 9722 9724 9723
f 9723 9724 9727
f 9729 9727 9724
f 9722 9720 9725
f 9729 9724 9722
f 9730 9726 9719
f 9721 9723 9728
f 9730 9719 9721
f 9730 9729 9725
f 9729 9730 9728
f 9732 9731 9738
f 9732 9734 9733
f 9734 9736 9735
f 9735 9736 9739
f 9741 9739 9736
f 9734 9732 9737
f 9741 9736 9734
f 9742 9738 9731
f 9733 9735 9740
f 9742 9731 9733
f 9742 9741 9737
f 9741 9742 9740
f 9744 9743 9750
f 9744 9746 9745
f 9746 9748 9747
f 9747 9748 9751
f 9753 9751 9748
f 9746 9744 9749
f 9753 9748 9746
f 9754 9750 9743
f 9745 9747 9752
f 9754 9743 9745
f 9754 9753 9749
f 9753 9754 9752
f 9756 9755 9762
f 9756 9758 9757
f 9758 9760 9759
f 9759 9760 9763
f 9765 9763 9760
f 9758 9756 9761
f 9765 9760 9758
f 9766 9762 9755
f 9757 9759 9764
f 9766 9755 9757
f 9766 9765 9761
f 9765 9766 9764
f 9768 9767 9774
f 9768 9770 9769
f 9770 9772 9771
f 9771 9772 9775
f 9777 9775 9772
f 9770 9768 9773
f 9777 9772 9770
f 9778 9774 9767
f 9769 9771 9776
f 9778 9767 9769
f 9778 9777 9773
f 9777 9778 9776
f 9780 9779 9786
f 9780 9782 9781
f 9782 9784 9783
f 9783 9784 9787
f 9789 9787 9784
f 9782 9780 9785
f 9789 9784 9782
f 9790 9786 9779
f 9781 9783 9788
f 9790 9779 9781
f 9790 9789 9785
f 9789 9790 9788
f 9792 9791 9798
f 9792 9794 9793
f 9794 9796 9795
f 9795 9796 9799
f 9801 9799 9796
f 9794 9792 9797
f 9801 9796 9794
f 9802 9798 9791
f 9793 9795 9800
f 9802 9791 9793
f 9802 9801 9797
f 9801 9802 9800
f 9804 9803 9810
f 9804 9806 9805
f 9806 9808 9807
f 9807 9808 9811
f 9813 9811 9808
f 9806 9804 9809
f 9813 9808 9806
f 9814 9810 9803
f 9805 9807 9812
f 9814 9803 9805
f 9814 9813 9809
f 9813 9814 9812
f 9816 9815 9822
f 9816 9818 9817
f 9818 9820 9819
f 9819 9820 9823
f 9825 9823 9820
f 9818 9816 9821
f 9825 9820 9818
f 9826 9822 9815
f 9817 9819 9824
f 9826 9815 9817
f 9826 9825 9821
f 9825 9826 9824
f 9828 9827 9834
f 9828 9830 9829
f 9830 9832 9831
f 9831 9832 9835
f 9837 9835 9832
f 9830 9828 9833
f 9837 9832 9830
f 9838 9834 9827
f 9829 9831 9836
f 9838 9827 9829
f 9838 9837 9833
f 9837 9838 9836
f 9840 9839 9846
f 9840 9842 9841
f 9842 9844 9843
f 9843 9844 9847
f 9849 9847 9844
f 9842 9840 9845
f 9849 9844 9842
f 9850 9846 9839
f 9841 9843 9848
f 9850 9839 9841
f 9850 9849 9845
f 9849 9850 9848
f 9852 9851 9858
f 9852 9854 9853
f 9854 9856 9855
f 9855 9856 9859
f 9861 9859 9856
f 9854 9852 9857
f 9861 9856 9854
f 9862 9858 9851
f 9853 9855 9860
f 9862 9851 9853
f 9862 9861 9857
f 9861 9862 9860
f 9864 9863 9870
f 9864 9866 9865
f 9866 9868 9867
f 9867 9868 9871
f 9873 9871 9868
f 9866 9864 9869
f 9873 9868 9866
f 9874 9870 9863
f 9865 9867 9872
f 9874 9863 9865
f 9874 9873 9869
f 9873 9874 9872
f 9876 9875 9882
f 9876 9878 9877
f 9878 9880 9879
f 9879 9880 9883
f 9885 9883 9880
f 9878 9876 9881
f 9885 9880 9878
f 9886 9882 9875
f 9877 9879 9884
f 9886 9875 9877
f 9886 9885 9881
f 9885 9886 9884
f 9888 9887 9894
f 9888 9890 9889
f 9890 9892 9891
f 9891 9892 9895
f 9897 9895 9892
f 9890 9888 9893
f 9897 9892 9890
f 9898 9894 9887
f 9889 9891 9896
f 9898 9887 9889
f 9898 9897 9893
f 9897 9898 9896
f 9900 9899 9906
f 9900 9902 9901
f 9902 9904 9903
f 9903 9904 9907
f 9909 9907 9904
f 9902 9900 9905
f 9909 9904 9902
f 9910 9906 9899
f 9901 9903 9908
f 9910 9899 9901
f 9910 9909 9905
f 9909 9910 9908
f 9912 9911 9918
f 9912 9914 9913
f 9914 9916 9915
f 9915 9916 9919
f 9921 9919 9916
f 9914 9912 9917
f 9921 9916 9914
f 9922 9918 9911
f 9913 9915 9920
f 9922 9911 9913
f 9922 9921 9917
f 9921 9922 9920
f 9924 9923 9930
f 9924 9926 9925
f 9926 9928 9927
f 9927 9928 9931
f 9933 9931 9928
f 9926 9924 9929
f 9933 9928 9926
f 9934 9930 9923
f 9925 9927 9932
f 9934 9923 9925
f 9934 9933 9929
f 9933 9934 9932
f 9936 9935 9942
f 9936 9938 9937
f 9938 9940 9939
f 9939 9940 9943
f 9945 9943 9940
f 9938 9936 9941
f 9945 9940 9938
f 9946 9942 9935
f 9937 9939 9944
f 9946 9935 9937
f 9946 9945 9941
f 9945 9946 9944
f 9948 9947 9954
f 9948 9950 9949
f 9950 9952 9951
f 9951 9952 9955
f 9957 9955 9952
f 9950 9948 9953
f 9957 9952 9950
f 9958 9954 9947
f 9949 9951 9956
f 9958 9947 9949
f 9958 9957 9953
f 9957 9958 9956
f 9960 9959 9966
f 9960 9962 9961
f 9962 9964 9963
f 9963 9964 9967
f 9969 9967 9964
f 9962 9960 9965
f 9969 9964 9962
f 9970 9966 9959
f 9961 9963 9968
f 9970 9959 9961
f 9970 9969 9965
f 9969 9970 9968
f 9972 9971 9978
f 9972 9974 9973
f 9974 9976 9975
f 9975 9976 9979
f 9981 9979 9976
f 9974 9972 9977
f 9981 9976 9974
f 9982 9978 9971
f 9973 9975 9980
f 9982 9971 9973
f 9982 9981 9977
f 9981 9982 9980
f 9984 9983 9990
f 9984 9986 9985
f 9986 9988 9987
f 9987 9988 9991
f 9993 9991 9988
f 9986 9984 9989
f 9993 9988 9986
f 9994 9990 9983
f 9985 9987 9992
f 9994 9983 9985
f 9994 9993 9989
f 9993 9994 9992
f 9996 9995 10002
f 9996 9998 9997
f 9998 10000 9999
f 9999 10000 10003
f 10005 10003 10000
f 9998 9996 10001
f 10005 10000 9998
f 10006 10002 9995
f 9997 9999 10004
f 10006 9995 9997
f 10006 10005 10001
f 10005 10006 10004
f 10008 10007 10014
f 10008 10010 10009
f 10010 10012 10011
f 10011 10012 10015
f 10017 10015 10012
f 10010 10008 10013
f 10017 10012 10010
f 10018 10014 10007
f 10009 10011 10016
f 10018 10007 10009
f 10018 10017 10013
f 10017 10018 10016
f 10020 10019 10026
f 10020 10022 10021
f 10022 10024 10023
f 10023 10024 10027
f 10029 10027 10024
f 10022 10020 10025
f 10029 10024 10022
f 10030 10026 10019
f 10021 10023 10028
f 10030 10019 10021
f 10030 10029 10025
f 10029 10030 10028
f 10032 10031 10038
f 10032 10034 10033
f 10034 10036 10035
f 10035 10036 10039
f 10041 10039 10036
f 10034 10032 10037
f 10041 10036 10034
f 10042 10038 10031
f 10033 10035 10040
f 10042 10031 10033
f 10042 10041 10037
f 10041 10042 10040
f 10044 10043 10050
f 10044 10046 10045
f 10046 10048 10047
f 10047 10048 10051
f 10053 10051 10048
f 10046 10044 10049
f 10053 10048 10046
f 10054 10050 10043
f 10045 10047 10052
f 10054 10043 10045
f 10054 10053 10049
f 10053 10054 10052
f 10056 10055 10062
f 10056 10058 10057
f 10058 10060 10059
f 10059 10060 10063
f 10065 10063 10060
f 10058 10056 10061
f 10065 10060 10058
f 10066 10062 10055
f 10057 10059 10064
f 10066 10055 10057
f 10066 10065 10061
f 10065 10066 10064
f 10068 10067 10074
f 10068 10070 10069
f 10070 10072 10071
f 10071 10072 10075
f 10077 10075 10072
f 10070 10068 10073
f 10077 10072 10070
f 10078 10074 10067
f 10069 10071 10076
f 10078 10067 10069
f 10078 10077 10073
f 10077 10078 10076
f 10080 10079 10086
f 10080 10082 10081
f 10082 10084 10083
f 10083 10084 10087
f 10089 10087 10084
f 10082 10080 10085
f 10089 10084 10082
f 10090 10086 10079
f 10081 10083 10088
f 10090 10079 10081
f 10090 10089 10085
f 10089 10090 10088
f 10092 10091 10098
f 10092 10094 10093
f 10094 10096 10095
f 10095 10096 10099
f 10101 10099 10096
f 10094 10092 10097
f 10101 10096 10094
f 10102 10098 10091
f 10093 10095 10100
f 10102 10091 10093
f 10102 10101 10097
f 10101 10102 10100
f 10104 10103 10110
f 10104 10106 10105
f 10106 10108 10107
f 10107 10108 10111
f 10113 10111 10108
f 10106 10104 10109
f 10113 10108 10106
f 10114 10110 10103
f 10105 10107 10112
f 10114 10103 10105
f 10114 10113 10109
f 10113 10114 10112
f 10116 10115 10122
f 10116 10118 10117
f 10118 10120 10119
f 10119 10120 10123
f 10125 10123 10120
f 10118 10116 10121
f 10125 10120 10118
f 10126 10122 10115
f 10117 10119 10124
f 10126 10115 10117
f 10126 10125 10121
f 10125 10126 10124
f 10128 10127 10134
f 10128 10130 10129
f 10130 10132 10131
f 10131 10132 10135
f 10137 10135 10132
f 10130 10128 10133
f 10137 10132 10130
f 10138 10134 10127
f 10129 10131 10136
f 10138 10127 10129
f 10138 10137 10133
f 10137 10138 10136
f 10140 10139 10146
f 10140 10142 10141
f 10142 10144 10143
f 10143 10144 10147
f 10149 10147 10144
f 10142 10140 10145
f 10149 10144 10142
f 10150 10146 10139
f 10141 10143 10148
f 10150 10139 10141
f 10150 10149 10145
f 10149 10150 10148
f 10152 10151 10158
f 10152 10154 10153
f 10154 10156 10155
f 10155 10156 10159
f 10161 10159 10156
f 10154 10152 10157
f 10161 10156 10154
f 10162 10158 10151
f 10153 10155 10160
f 10162 10151 10153
f 10162 10161 10157
f 10161 10162 10160
o TopRow
v -1.038994 21.218784 12.456165
v -1.018928 21.238852 12.970982
v -0.938299 21.479198 12.456165
v -1.033117 21.224663 12.820196
v -1.042099 21.238852 12.753395
v -1.054231 21.253040 12.820196
v -1.047306 21.238852 12.456165
v -0.055768 22.202011 12.970982
v 0.152670 22.222078 12.456165
v -0.264194 22.222078 12.456165
v 0.050185 22.216200 12.820196
v -0.055764 22.225182 12.753395
v -0.055768 22.339733 12.456165
v -0.161712 22.216200 12.820196
v -1.038994 21.218784 -12.255022
v -0.938299 21.479198 -12.255022
v -1.018928 21.238852 -12.769838
v -1.047306 21.238852 -12.255022
v -1.042099 21.238852 -12.552252
v -1.054231 21.253040 -12.619053
v -1.033117 21.224663 -12.619053
v 0.152670 22.222078 -12.255022
v -0.055764 22.202011 -12.769838
v -0.264194 22.222078 -12.255022
v 0.034755 22.216200 -12.619053
v -0.055768 22.225182 -12.552252
v -0.146284 22.216200 -12.619053
v -0.055768 22.339733 -12.255022
v 0.826764 21.479198 12.456165
v 0.907393 21.238852 12.970982
v 0.927459 21.218784 12.456165
v 0.942696 21.253040 12.820196
v 0.930563 21.238852 12.753395
v 0.921582 21.224663 12.820196
v 0.935771 21.238852 12.456165
v 0.826764 21.479198 -12.255022
v 0.927459 21.218784 -12.255022
v 0.907393 21.238852 -12.769838
v 0.935771 21.238852 -12.255022
v 0.930563 21.238852 -12.552252
v 0.921582 21.224663 -12.619053
v 0.942696 21.253040 -12.619053
v -0.026887 21.857330 -12.255022
v -0.067019 21.857330 -12.255022
v -0.046953 21.917526 -12.769838
v -0.046953 21.865641 -12.255022
v -0.046953 21.877396 -12.552258
v -0.052830 21.883272 -12.619053
v -0.041076 21.883272 -12.619053
v -0.892345 21.072136 -12.255022
v -0.872279 21.092201 -12.769838
v -0.852213 21.072136 -12.255022
v -0.886468 21.078012 -12.619053
v -0.872279 21.069031 -12.552252
v -0.858090 21.078012 -12.619053
v -0.872279 21.063824 -12.255022
v 0.789624 21.080950 -12.255022
v 0.749492 21.080950 -12.255022
v 0.769558 21.101015 -12.769838
v 0.769558 21.072638 -12.255022
v 0.769558 21.077847 -12.552252
v 0.755369 21.086826 -12.619053
v 0.783747 21.086826 -12.619053
v 0.749492 21.080950 12.456165
v 0.789624 21.080950 12.456165
v 0.769558 21.101015 12.970982
v 0.769558 21.072638 12.456165
v 0.769558 21.077847 12.753395
v 0.783747 21.086826 12.820196
v 0.755369 21.086826 12.820196
v -0.026887 21.857330 12.456165
v -0.046953 21.917526 12.970982
v -0.067019 21.857330 12.456165
v -0.041076 21.883272 12.820196
v -0.046953 21.877396 12.753401
v -0.052830 21.883272 12.820196
v -0.046953 21.865641 12.456165
v -0.892345 21.072136 12.456165
v -0.852213 21.072136 12.456165
v -0.872279 21.092201 12.970982
v -0.872279 21.063824 12.456165
v -0.872279 21.069031 12.753395
v -0.858090 21.078012 12.820196
v -0.886468 21.078012 12.820196
s 0
f 10170 10242 10234
f 10199 10227 10219
f 10220 10233 10205
f 10184 10191 10198
f 10172 10178 10165
f 10185 10221 10207
f 10206 10241 10214
f 10163 10167 10169
f 10164 10167 10166
f 10169 10168 10165
f 10170 10174 10176
f 10175 10173 10171
f 10176 10175 10172
f 10177 10181 10183
f 10182 10180 10178
f 10179 10181 10182
f 10187 10190 10184
f 10185 10188 10187
f 10190 10189 10186
f 10194 10197 10191
f 10192 10195 10194
f 10193 10195 10196
f 10201 10204 10198
f 10199 10202 10201
f 10200 10202 10203
f 10205 10209 10211
f 10206 10209 10208
f 10211 10210 10207
f 10212 10216 10218
f 10213 10216 10215
f 10214 10216 10217
f 10219 10223 10225
f 10220 10223 10222
f 10221 10223 10224
f 10226 10230 10232
f 10227 10230 10229
f 10228 10230 10231
f 10233 10237 10239
f 10238 10236 10234
f 10235 10237 10238
f 10240 10244 10246
f 10241 10244 10243
f 10242 10244 10245
f 10178 10169 10165
f 10180 10163 10169
f 10164 10176 10168
f 10176 10165 10168
f 10184 10175 10171
f 10190 10172 10175
f 10178 10189 10182
f 10189 10179 10182
f 10213 10183 10179
f 10215 10177 10183
f 10198 10187 10184
f 10187 10200 10185
f 10219 10203 10199
f 10225 10200 10203
f 10221 10211 10207
f 10224 10205 10211
f 10206 10217 10210
f 10210 10213 10207
f 10227 10222 10219
f 10229 10220 10222
f 10199 10197 10193
f 10201 10191 10197
f 10228 10196 10192
f 10231 10193 10196
f 10228 10236 10232
f 10232 10233 10226
f 10192 10173 10170
f 10173 10191 10171
f 10240 10166 10163
f 10246 10164 10166
f 10242 10238 10234
f 10245 10235 10238
f 10241 10218 10214
f 10243 10212 10218
f 10233 10208 10205
f 10239 10206 10208
f 10163 10212 10240
f 10234 10228 10192
f 10170 10164 10242
f 10234 10192 10170
f 10199 10193 10227
f 10220 10226 10233
f 10184 10171 10191
f 10172 10186 10178
f 10213 10179 10185
f 10185 10200 10221
f 10207 10213 10185
f 10206 10235 10241
f 10163 10166 10167
f 10164 10168 10167
f 10169 10167 10168
f 10170 10173 10174
f 10175 10174 10173
f 10176 10174 10175
f 10177 10180 10181
f 10182 10181 10180
f 10179 10183 10181
f 10187 10188 10190
f 10185 10189 10188
f 10190 10188 10189
f 10194 10195 10197
f 10192 10196 10195
f 10193 10197 10195
f 10201 10202 10204
f 10199 10203 10202
f 10200 10204 10202
f 10205 10208 10209
f 10206 10210 10209
f 10211 10209 10210
f 10212 10215 10216
f 10213 10217 10216
f 10214 10218 10216
f 10219 10222 10223
f 10220 10224 10223
f 10221 10225 10223
f 10226 10229 10230
f 10227 10231 10230
f 10228 10232 10230
f 10233 10236 10237
f 10238 10237 10236
f 10235 10239 10237
f 10240 10243 10244
f 10241 10245 10244
f 10242 10246 10244
f 10178 10180 10169
f 10180 10177 10163
f 10164 10170 10176
f 10176 10172 10165
f 10184 10190 10175
f 10190 10186 10172
f 10178 10186 10189
f 10189 10185 10179
f 10213 10215 10183
f 10215 10212 10177
f 10198 10204 10187
f 10187 10204 10200
f 10219 10225 10203
f 10225 10221 10200
f 10221 10224 10211
f 10224 10220 10205
f 10206 10214 10217
f 10210 10217 10213
f 10227 10229 10222
f 10229 10226 10220
f 10199 10201 10197
f 10201 10198 10191
f 10228 10231 10196
f 10231 10227 10193
f 10228 10234 10236
f 10232 10236 10233
f 10192 10194 10173
f 10173 10194 10191
f 10240 10246 10166
f 10246 10242 10164
f 10242 10245 10238
f 10245 10241 10235
f 10241 10243 10218
f 10243 10240 10212
f 10233 10239 10208
f 10239 10235 10206
f 10163 10177 10212
o Door
v 9.618011 0.114841 0.874883
v 9.618011 0.455679 0.911433
v 9.601134 0.455679 0.874883
v 9.618011 0.214670 0.900728
v 9.608267 0.258896 0.895985
v 9.606077 0.455679 0.900728
v 9.606077 0.214670 0.874883
v 9.618011 4.318512 0.911433
v 9.618011 4.659350 0.874883
v 9.601134 4.318512 0.874883
v 9.618011 4.559521 0.900728
v 9.608267 4.515295 0.895985
v 9.606077 4.559521 0.874883
v 9.606077 4.318512 0.900728
v 9.618011 0.114841 0.460656
v 9.601134 0.455679 0.460656
v 9.618011 0.455679 0.424106
v 9.606077 0.214670 0.460656
v 9.608267 0.258896 0.439554
v 9.606077 0.455679 0.434811
v 9.618011 0.214670 0.434811
v 9.618011 4.659350 0.460656
v 9.618011 4.318512 0.424106
v 9.601134 4.318512 0.460656
v 9.618011 4.559521 0.434811
v 9.608267 4.515295 0.439554
v 9.606077 4.318512 0.434811
v 9.606077 4.559521 0.460656
v 9.809282 0.114841 0.874883
v 9.826159 0.455679 0.874883
v 9.809282 0.455679 0.911433
v 9.821217 0.214670 0.874883
v 9.819027 0.258896 0.895985
v 9.821217 0.455679 0.900728
v 9.809282 0.214670 0.900728
v 9.809282 4.659350 0.874883
v 9.809282 4.318512 0.911433
v 9.826159 4.318512 0.874883
v 9.809282 4.559521 0.900728
v 9.819027 4.515295 0.895985
v 9.821217 4.318512 0.900728
v 9.821217 4.559521 0.874883
v 9.809282 0.114841 0.460656
v 9.809282 0.455679 0.424106
v 9.826159 0.455679 0.460656
v 9.809282 0.214670 0.434811
v 9.819027 0.258896 0.439554
v 9.821217 0.455679 0.434811
v 9.821217 0.214670 0.460656
v 9.809282 4.659350 0.460656
v 9.826159 4.318512 0.460656
v 9.809282 4.318512 0.424106
v 9.821217 4.559521 0.460656
v 9.819027 4.515295 0.439554
v 9.821217 4.318512 0.434811
v 9.809282 4.559521 0.434811
v 9.618011 0.114841 0.387557
v 9.618011 0.455679 0.424106
v 9.601134 0.455679 0.387557
v 9.618011 0.214670 0.413401
v 9.608267 0.258896 0.408658
v 9.606077 0.455679 0.413401
v 9.606077 0.214670 0.387557
v 9.618011 4.318512 0.424106
v 9.618011 4.659350 0.387557
v 9.601134 4.318512 0.387557
v 9.618011 4.559521 0.413401
v 9.608267 4.515295 0.408658
v 9.606077 4.559521 0.387557
v 9.606077 4.318512 0.413401
v 9.618011 0.114841 -0.026671
v 9.601134 0.455679 -0.026671
v 9.618011 0.455679 -0.063221
v 9.606077 0.214670 -0.026671
v 9.608267 0.258896 -0.047773
v 9.606077 0.455679 -0.052516
v 9.618011 0.214670 -0.052516
v 9.618011 4.659350 -0.026671
v 9.618011 4.318512 -0.063221
v 9.601134 4.318512 -0.026671
v 9.618011 4.559521 -0.052516
v 9.608267 4.515295 -0.047773
v 9.606077 4.318512 -0.052516
v 9.606077 4.559521 -0.026671
v 9.809282 0.114841 0.387557
v 9.826159 0.455679 0.387557
v 9.809282 0.455679 0.424106
v 9.821217 0.214670 0.387557
v 9.819027 0.258896 0.408658
v 9.821217 0.455679 0.413401
v 9.809282 0.214670 0.413401
v 9.809282 4.659350 0.387557
v 9.809282 4.318512 0.424106
v 9.826159 4.318512 0.387557
v 9.809282 4.559521 0.413401
v 9.819027 4.515295 0.408658
v 9.821217 4.318512 0.413401
v 9.821217 4.559521 0.387557
v 9.809282 0.114841 -0.026671
v 9.809282 0.455679 -0.063221
v 9.826159 0.455679 -0.026671
v 9.809282 0.214670 -0.052516
v 9.819027 0.258896 -0.047773
v 9.821217 0.455679 -0.052516
v 9.821217 0.214670 -0.026671
v 9.809282 4.659350 -0.026671
v 9.826159 4.318512 -0.026671
v 9.809282 4.318512 -0.063221
v 9.821217 4.559521 -0.026671
v 9.819027 4.515295 -0.047773
v 9.821217 4.318512 -0.052516
v 9.809282 4.559521 -0.052516
v 9.618011 0.114841 -0.099770
v 9.618011 0.455679 -0.063221
v 9.601134 0.455679 -0.099770
v 9.618011 0.214670 -0.073926
v 9.608267 0.258896 -0.078668
v 9.606077 0.455679 -0.073926
v 9.606077 0.214670 -0.099770
v 9.618011 4.318512 -0.063221
v 9.618011 4.659350 -0.099770
v 9.601134 4.318512 -0.099770
v 9.618011 4.559521 -0.073926
v 9.608267 4.515295 -0.078668
v 9.606077 4.559521 -0.099770
v 9.606077 4.318512 -0.073926
v 9.618011 0.114841 -0.513998
v 9.601134 0.455679 -0.513998
v 9.618011 0.455679 -0.550547
v 9.606077 0.214670 -0.513998
v 9.608267 0.258896 -0.535100
v 9.606077 0.455679 -0.539842
v 9.618011 0.214670 -0.539842
v 9.618011 4.659350 -0.513998
v 9.618011 4.318512 -0.550547
v 9.601134 4.318512 -0.513998
v 9.618011 4.559521 -0.539842
v 9.608267 4.515295 -0.535100
v 9.606077 4.318512 -0.539842
v 9.606077 4.559521 -0.513998
v 9.809282 0.114841 -0.099770
v 9.826159 0.455679 -0.099770
v 9.809282 0.455679 -0.063221
v 9.821217 0.214670 -0.099770
v 9.819027 0.258896 -0.078668
v 9.821217 0.455679 -0.073926
v 9.809282 0.214670 -0.073926
v 9.809282 4.659350 -0.099770
v 9.809282 4.318512 -0.063221
v 9.826159 4.318512 -0.099770
v 9.809282 4.559521 -0.073926
v 9.819027 4.515295 -0.078668
v 9.821217 4.318512 -0.073926
v 9.821217 4.559521 -0.099770
v 9.809282 0.114841 -0.513998
v 9.809282 0.455679 -0.550547
v 9.826159 0.455679 -0.513998
v 9.809282 0.214670 -0.539842
v 9.819027 0.258896 -0.535100
v 9.821217 0.455679 -0.539842
v 9.821217 0.214670 -0.513998
v 9.809282 4.659350 -0.513998
v 9.826159 4.318512 -0.513998
v 9.809282 4.318512 -0.550547
v 9.821217 4.559521 -0.513998
v 9.819027 4.515295 -0.535100
v 9.821217 4.318512 -0.539842
v 9.809282 4.559521 -0.539842
v 9.618011 0.114841 -0.587097
v 9.618011 0.455679 -0.550547
v 9.601134 0.455679 -0.587097
v 9.618011 0.214670 -0.561253
v 9.608267 0.258896 -0.565995
v 9.606077 0.455679 -0.561253
v 9.606077 0.214670 -0.587097
v 9.618011 4.318512 -0.550547
v 9.618011 4.659350 -0.587097
v 9.601134 4.318512 -0.587097
v 9.618011 4.559521 -0.561253
v 9.608267 4.515295 -0.565995
v 9.606077 4.559521 -0.587097
v 9.606077 4.318512 -0.561253
v 9.618011 0.114841 -1.001325
v 9.601134 0.455679 -1.001325
v 9.618011 0.455679 -1.037874
v 9.606077 0.214670 -1.001325
v 9.608267 0.258896 -1.022427
v 9.606077 0.455679 -1.027169
v 9.618011 0.214670 -1.027169
v 9.618011 4.659350 -1.001325
v 9.618011 4.318512 -1.037874
v 9.601134 4.318512 -1.001325
v 9.618011 4.559521 -1.027169
v 9.608267 4.515295 -1.022427
v 9.606077 4.318512 -1.027169
v 9.606077 4.559521 -1.001325
v 9.809282 0.114841 -0.587097
v 9.826159 0.455679 -0.587097
v 9.809282 0.455679 -0.550547
v 9.821217 0.214670 -0.587097
v 9.819027 0.258896 -0.565995
v 9.821217 0.455679 -0.561253
v 9.809282 0.214670 -0.561253
v 9.809282 4.659350 -0.587097
v 9.809282 4.318512 -0.550547
v 9.826159 4.318512 -0.587097
v 9.809282 4.559521 -0.561253
v 9.819027 4.515295 -0.565995
v 9.821217 4.318512 -0.561253
v 9.821217 4.559521 -0.587097
v 9.809282 0.114841 -1.001325
v 9.809282 0.455679 -1.037874
v 9.826159 0.455679 -1.001325
v 9.809282 0.214670 -1.027169
v 9.819027 0.258896 -1.022427
v 9.821217 0.455679 -1.027169
v 9.821217 0.214670 -1.001325
v 9.809282 4.659350 -1.001325
v 9.826159 4.318512 -1.001325
v 9.809282 4.318512 -1.037874
v 9.821217 4.559521 -1.001325
v 9.819027 4.515295 -1.022427
v 9.821217 4.318512 -1.027169
v 9.809282 4.559521 -1.027169
v 9.618011 0.114841 -1.074424
v 9.618011 0.455679 -1.037874
v 9.601134 0.455679 -1.074424
v 9.618011 0.214670 -1.048579
v 9.608267 0.258896 -1.053322
v 9.606077 0.455679 -1.048579
v 9.606077 0.214670 -1.074424
v 9.618011 4.318512 -1.037874
v 9.618011 4.659350 -1.074424
v 9.601134 4.318512 -1.074424
v 9.618011 4.559521 -1.048579
v 9.608267 4.515295 -1.053322
v 9.606077 4.559521 -1.074424
v 9.606077 4.318512 -1.048579
v 9.618011 0.114841 -1.488652
v 9.601134 0.455679 -1.488652
v 9.618011 0.455679 -1.525201
v 9.606077 0.214670 -1.488652
v 9.608267 0.258896 -1.509753
v 9.606077 0.455679 -1.514496
v 9.618011 0.214670 -1.514496
v 9.618011 4.659350 -1.488652
v 9.618011 4.318512 -1.525201
v 9.601134 4.318512 -1.488652
v 9.618011 4.559521 -1.514496
v 9.608267 4.515295 -1.509753
v 9.606077 4.318512 -1.514496
v 9.606077 4.559521 -1.488652
v 9.809282 0.114841 -1.074424
v 9.826159 0.455679 -1.074424
v 9.809282 0.455679 -1.037874
v 9.821217 0.214670 -1.074424
v 9.819027 0.258896 -1.053322
v 9.821217 0.455679 -1.048579
v 9.809282 0.214670 -1.048579
v 9.809282 4.659350 -1.074424
v 9.809282 4.318512 -1.037874
v 9.826159 4.318512 -1.074424
v 9.809282 4.559521 -1.048579
v 9.819027 4.515295 -1.053322
v 9.821217 4.318512 -1.048579
v 9.821217 4.559521 -1.074424
v 9.809282 0.114841 -1.488652
v 9.809282 0.455679 -1.525201
v 9.826159 0.455679 -1.488652
v 9.809282 0.214670 -1.514496
v 9.819027 0.258896 -1.509753
v 9.821217 0.455679 -1.514496
v 9.821217 0.214670 -1.488652
v 9.809282 4.659350 -1.488652
v 9.826159 4.318512 -1.488652
v 9.809282 4.318512 -1.525201
v 9.821217 4.559521 -1.488652
v 9.819027 4.515295 -1.509753
v 9.821217 4.318512 -1.514496
v 9.809282 4.559521 -1.514496
v 9.618011 0.114841 -1.561750
v 9.618011 0.455679 -1.525201
v 9.601134 0.455679 -1.561750
v 9.618011 0.214670 -1.535906
v 9.608267 0.258896 -1.540649
v 9.606077 0.455679 -1.535906
v 9.606077 0.214670 -1.561750
v 9.618011 4.318512 -1.525201
v 9.618011 4.659350 -1.561750
v 9.601134 4.318512 -1.561750
v 9.618011 4.559521 -1.535906
v 9.608267 4.515295 -1.540649
v 9.606077 4.559521 -1.561750
v 9.606077 4.318512 -1.535906
v 9.618011 0.114841 -1.975978
v 9.601134 0.455679 -1.975978
v 9.618011 0.455679 -2.012528
v 9.606077 0.214670 -1.975978
v 9.608267 0.258896 -1.997080
v 9.606077 0.455679 -2.001823
v 9.618011 0.214670 -2.001823
v 9.618011 4.659350 -1.975978
v 9.618011 4.318512 -2.012528
v 9.601134 4.318512 -1.975978
v 9.618011 4.559521 -2.001823
v 9.608267 4.515295 -1.997080
v 9.606077 4.318512 -2.001823
v 9.606077 4.559521 -1.975978
v 9.809282 0.114841 -1.561750
v 9.826159 0.455679 -1.561750
v 9.809282 0.455679 -1.525201
v 9.821217 0.214670 -1.561750
v 9.819027 0.258896 -1.540649
v 9.821217 0.455679 -1.535906
v 9.809282 0.214670 -1.535906
v 9.809282 4.659350 -1.561750
v 9.809282 4.318512 -1.525201
v 9.826159 4.318512 -1.561750
v 9.809282 4.559521 -1.535906
v 9.819027 4.515295 -1.540649
v 9.821217 4.318512 -1.535906
v 9.821217 4.559521 -1.561750
v 9.809282 0.114841 -1.975978
v 9.809282 0.455679 -2.012528
v 9.826159 0.455679 -1.975978
v 9.809282 0.214670 -2.001823
v 9.819027 0.258896 -1.997080
v 9.821217 0.455679 -2.001823
v 9.821217 0.214670 -1.975978
v 9.809282 4.659350 -1.975978
v 9.826159 4.318512 -1.975978
v 9.809282 4.318512 -2.012528
v 9.821217 4.559521 -1.975978
v 9.819027 4.515295 -1.997080
v 9.821217 4.318512 -2.001823
v 9.809282 4.559521 -2.001823
s 0
f 10283 10248 10277
f 10297 10276 10291
f 10268 10282 10296
f 10256 10262 10249
f 10269 10290 10263
f 10247 10251 10253
f 10248 10251 10250
f 10249 10251 10252
f 10254 10258 10260
f 10255 10258 10257
f 10256 10258 10259
f 10261 10265 10267
f 10262 10265 10264
f 10263 10265 10266
f 10268 10272 10274
f 10269 10272 10271
f 10270 10272 10273
f 10275 10279 10281
f 10276 10279 10278
f 10277 10279 10280
f 10282 10286 10288
f 10283 10286 10285
f 10284 10286 10287
f 10289 10293 10295
f 10290 10293 10292
f 10291 10293 10294
f 10296 10300 10302
f 10297 10300 10299
f 10298 10300 10301
f 10247 10264 10261
f 10253 10262 10264
f 10254 10252 10248
f 10260 10249 10252
f 10268 10259 10255
f 10274 10256 10259
f 10263 10273 10269
f 10266 10270 10273
f 10261 10292 10289
f 10267 10290 10292
f 10296 10271 10268
f 10302 10269 10271
f 10291 10301 10297
f 10294 10298 10301
f 10289 10278 10275
f 10295 10276 10278
f 10282 10299 10296
f 10288 10297 10299
f 10277 10287 10283
f 10280 10284 10287
f 10275 10250 10247
f 10281 10248 10250
f 10255 10285 10282
f 10257 10283 10285
f 10289 10247 10261
f 10339 10304 10333
f 10353 10332 10347
f 10324 10338 10352
f 10312 10318 10305
f 10325 10346 10319
f 10303 10307 10309
f 10304 10307 10306
f 10305 10307 10308
f 10310 10314 10316
f 10311 10314 10313
f 10312 10314 10315
f 10317 10321 10323
f 10318 10321 10320
f 10319 10321 10322
f 10324 10328 10330
f 10325 10328 10327
f 10326 10328 10329
f 10331 10335 10337
f 10332 10335 10334
f 10333 10335 10336
f 10338 10342 10344
f 10339 10342 10341
f 10340 10342 10343
f 10345 10349 10351
f 10346 10349 10348
f 10347 10349 10350
f 10352 10356 10358
f 10353 10356 10355
f 10354 10356 10357
f 10303 10320 10317
f 10309 10318 10320
f 10310 10308 10304
f 10316 10305 10308
f 10324 10315 10311
f 10330 10312 10315
f 10319 10329 10325
f 10322 10326 10329
f 10317 10348 10345
f 10323 10346 10348
f 10352 10327 10324
f 10358 10325 10327
f 10347 10357 10353
f 10350 10354 10357
f 10345 10334 10331
f 10351 10332 10334
f 10338 10355 10352
f 10344 10353 10355
f 10333 10343 10339
f 10336 10340 10343
f 10331 10306 10303
f 10337 10304 10306
f 10311 10341 10338
f 10313 10339 10341
f 10345 10303 10317
f 10395 10360 10389
f 10409 10388 10403
f 10380 10394 10408
f 10368 10374 10361
f 10381 10402 10375
f 10359 10363 10365
f 10360 10363 10362
f 10361 10363 10364
f 10366 10370 10372
f 10367 10370 10369
f 10368 10370 10371
f 10373 10377 10379
f 10374 10377 10376
f 10375 10377 10378
f 10380 10384 10386
f 10381 10384 10383
f 10382 10384 10385
f 10387 10391 10393
f 10388 10391 10390
f 10389 10391 10392
f 10394 10398 10400
f 10395 10398 10397
f 10396 10398 10399
f 10401 10405 10407
f 10402 10405 10404
f 10403 10405 10406
f 10408 10412 10414
f 10409 10412 10411
f 10410 10412 10413
f 10359 10376 10373
f 10365 10374 10376
f 10366 10364 10360
f 10372 10361 10364
f 10380 10371 10367
f 10386 10368 10371
f 10375 10385 10381
f 10378 10382 10385
f 10373 10404 10401
f 10379 10402 10404
f 10408 10383 10380
f 10414 10381 10383
f 10403 10413 10409
f 10406 10410 10413
f 10401 10390 10387
f 10407 10388 10390
f 10394 10411 10408
f 10400 10409 10411
f 10389 10399 10395
f 10392 10396 10399
f 10387 10362 10359
f 10393 10360 10362
f 10367 10397 10394
f 10369 10395 10397
f 10401 10359 10373
f 10451 10416 10445
f 10465 10444 10459
f 10436 10450 10464
f 10424 10430 10417
f 10437 10458 10431
f 10415 10419 10421
f 10416 10419 10418
f 10417 10419 10420
f 10422 10426 10428
f 10423 10426 10425
f 10424 10426 10427
f 10429 10433 10435
f 10430 10433 10432
f 10431 10433 10434
f 10436 10440 10442
f 10437 10440 10439
f 10438 10440 10441
f 10443 10447 10449
f 10444 10447 10446
f 10445 10447 10448
f 10450 10454 10456
f 10451 10454 10453
f 10452 10454 10455
f 10457 10461 10463
f 10458 10461 10460
f 10459 10461 10462
f 10464 10468 10470
f 10465 10468 10467
f 10466 10468 10469
f 10415 10432 10429
f 10421 10430 10432
f 10422 10420 10416
f 10428 10417 10420
f 10436 10427 10423
f 10442 10424 10427
f 10431 10441 10437
f 10434 10438 10441
f 10429 10460 10457
f 10435 10458 10460
f 10464 10439 10436
f 10470 10437 10439
f 10459 10469 10465
f 10462 10466 10469
f 10457 10446 10443
f 10463 10444 10446
f 10450 10467 10464
f 10456 10465 10467
f 10445 10455 10451
f 10448 10452 10455
f 10443 10418 10415
f 10449 10416 10418
f 10423 10453 10450
f 10425 10451 10453
f 10457 10415 10429
f 10507 10472 10501
f 10521 10500 10515
f 10492 10506 10520
f 10480 10486 10473
f 10493 10514 10487
f 10471 10475 10477
f 10472 10475 10474
f 10473 10475 10476
f 10478 10482 10484
f 10479 10482 10481
f 10480 10482 10483
f 10485 10489 10491
f 10486 10489 10488
f 10487 10489 10490
f 10492 10496 10498
f 10493 10496 10495
f 10494 10496 10497
f 10499 10503 10505
f 10500 10503 10502
f 10501 10503 10504
f 10506 10510 10512
f 10507 10510 10509
f 10508 10510 10511
f 10513 10517 10519
f 10514 10517 10516
f 10515 10517 10518
f 10520 10524 10526
f 10521 10524 10523
f 10522 10524 10525
f 10471 10488 10485
f 10477 10486 10488
f 10478 10476 10472
f 10484 10473 10476
f 10492 10483 10479
f 10498 10480 10483
f 10487 10497 10493
f 10490 10494 10497
f 10485 10516 10513
f 10491 10514 10516
f 10520 10495 10492
f 10526 10493 10495
f 10515 10525 10521
f 10518 10522 10525
f 10513 10502 10499
f 10519 10500 10502
f 10506 10523 10520
f 10512 10521 10523
f 10501 10511 10507
f 10504 10508 10511
f 10499 10474 10471
f 10505 10472 10474
f 10479 10509 10506
f 10481 10507 10509
f 10513 10471 10485
f 10563 10528 10557
f 10577 10556 10571
f 10548 10562 10576
f 10536 10542 10529
f 10549 10570 10543
f 10527 10531 10533
f 10528 10531 10530
f 10529 10531 10532
f 10534 10538 10540
f 10535 10538 10537
f 10536 10538 10539
f 10541 10545 10547
f 10542 10545 10544
f 10543 10545 10546
f 10548 10552 10554
f 10549 10552 10551
f 10550 10552 10553
f 10555 10559 10561
f 10556 10559 10558
f 10557 10559 10560
f 10562 10566 10568
f 10563 10566 10565
f 10564 10566 10567
f 10569 10573 10575
f 10570 10573 10572
f 10571 10573 10574
f 10576 10580 10582
f 10577 10580 10579
f 10578 10580 10581
f 10527 10544 10541
f 10533 10542 10544
f 10534 10532 10528
f 10540 10529 10532
f 10548 10539 10535
f 10554 10536 10539
f 10543 10553 10549
f 10546 10550 10553
f 10541 10572 10569
f 10547 10570 10572
f 10576 10551 10548
f 10582 10549 10551
f 10571 10581 10577
f 10574 10578 10581
f 10569 10558 10555
f 10575 10556 10558
f 10562 10579 10576
f 10568 10577 10579
f 10557 10567 10563
f 10560 10564 10567
f 10555 10530 10527
f 10561 10528 10530
f 10535 10565 10562
f 10537 10563 10565
f 10569 10527 10541
f 10283 10254 10248
f 10297 10284 10276
f 10268 10255 10282
f 10256 10270 10262
f 10269 10298 10290
f 10247 10250 10251
f 10248 10252 10251
f 10249 10253 10251
f 10254 10257 10258
f 10255 10259 10258
f 10256 10260 10258
f 10261 10264 10265
f 10262 10266 10265
f 10263 10267 10265
f 10268 10271 10272
f 10269 10273 10272
f 10270 10274 10272
f 10275 10278 10279
f 10276 10280 10279
f 10277 10281 10279
f 10282 10285 10286
f 10283 10287 10286
f 10284 10288 10286
f 10289 10292 10293
f 10290 10294 10293
f 10291 10295 10293
f 10296 10299 10300
f 10297 10301 10300
f 10298 10302 10300
f 10247 10253 10264
f 10253 10249 10262
f 10254 10260 10252
f 10260 10256 10249
f 10268 10274 10259
f 10274 10270 10256
f 10263 10266 10273
f 10266 10262 10270
f 10261 10267 10292
f 10267 10263 10290
f 10296 10302 10271
f 10302 10298 10269
f 10291 10294 10301
f 10294 10290 10298
f 10289 10295 10278
f 10295 10291 10276
f 10282 10288 10299
f 10288 10284 10297
f 10277 10280 10287
f 10280 10276 10284
f 10275 10281 10250
f 10281 10277 10248
f 10255 10257 10285
f 10257 10254 10283
f 10289 10275 10247
f 10339 10310 10304
f 10353 10340 10332
f 10324 10311 10338
f 10312 10326 10318
f 10325 10354 10346
f 10303 10306 10307
f 10304 10308 10307
f 10305 10309 10307
f 10310 10313 10314
f 10311 10315 10314
f 10312 10316 10314
f 10317 10320 10321
f 10318 10322 10321
f 10319 10323 10321
f 10324 10327 10328
f 10325 10329 10328
f 10326 10330 10328
f 10331 10334 10335
f 10332 10336 10335
f 10333 10337 10335
f 10338 10341 10342
f 10339 10343 10342
f 10340 10344 10342
f 10345 10348 10349
f 10346 10350 10349
f 10347 10351 10349
f 10352 10355 10356
f 10353 10357 10356
f 10354 10358 10356
f 10303 10309 10320
f 10309 10305 10318
f 10310 10316 10308
f 10316 10312 10305
f 10324 10330 10315
f 10330 10326 10312
f 10319 10322 10329
f 10322 10318 10326
f 10317 10323 10348
f 10323 10319 10346
f 10352 10358 10327
f 10358 10354 10325
f 10347 10350 10357
f 10350 10346 10354
f 10345 10351 10334
f 10351 10347 10332
f 10338 10344 10355
f 10344 10340 10353
f 10333 10336 10343
f 10336 10332 10340
f 10331 10337 10306
f 10337 10333 10304
f 10311 10313 10341
f 10313 10310 10339
f 10345 10331 10303
f 10395 10366 10360
f 10409 10396 10388
f 10380 10367 10394
f 10368 10382 10374
f 10381 10410 10402
f 10359 10362 10363
f 10360 10364 10363
f 10361 10365 10363
f 10366 10369 10370
f 10367 10371 10370
f 10368 10372 10370
f 10373 10376 10377
f 10374 10378 10377
f 10375 10379 10377
f 10380 10383 10384
f 10381 10385 10384
f 10382 10386 10384
f 10387 10390 10391
f 10388 10392 10391
f 10389 10393 10391
f 10394 10397 10398
f 10395 10399 10398
f 10396 10400 10398
f 10401 10404 10405
f 10402 10406 10405
f 10403 10407 10405
f 10408 10411 10412
f 10409 10413 10412
f 10410 10414 10412
f 10359 10365 10376
f 10365 10361 10374
f 10366 10372 10364
f 10372 10368 10361
f 10380 10386 10371
f 10386 10382 10368
f 10375 10378 10385
f 10378 10374 10382
f 10373 10379 10404
f 10379 10375 10402
f 10408 10414 10383
f 10414 10410 10381
f 10403 10406 10413
f 10406 10402 10410
f 10401 10407 10390
f 10407 10403 10388
f 10394 10400 10411
f 10400 10396 10409
f 10389 10392 10399
f 10392 10388 10396
f 10387 10393 10362
f 10393 10389 10360
f 10367 10369 10397
f 10369 10366 10395
f 10401 10387 10359
f 10451 10422 10416
f 10465 10452 10444
f 10436 10423 10450
f 10424 10438 10430
f 10437 10466 10458
f 10415 10418 10419
f 10416 10420 10419
f 10417 10421 10419
f 10422 10425 10426
f 10423 10427 10426
f 10424 10428 10426
f 10429 10432 10433
f 10430 10434 10433
f 10431 10435 10433
f 10436 10439 10440
f 10437 10441 10440
f 10438 10442 10440
f 10443 10446 10447
f 10444 10448 10447
f 10445 10449 10447
f 10450 10453 10454
f 10451 10455 10454
f 10452 10456 10454
f 10457 10460 10461
f 10458 10462 10461
f 10459 10463 10461
f 10464 10467 10468
f 10465 10469 10468
f 10466 10470 10468
f 10415 10421 10432
f 10421 10417 10430
f 10422 10428 10420
f 10428 10424 10417
f 10436 10442 10427
f 10442 10438 10424
f 10431 10434 10441
f 10434 10430 10438
f 10429 10435 10460
f 10435 10431 10458
f 10464 10470 10439
f 10470 10466 10437
f 10459 10462 10469
f 10462 10458 10466
f 10457 10463 10446
f 10463 10459 10444
f 10450 10456 10467
f 10456 10452 10465
f 10445 10448 10455
f 10448 10444 10452
f 10443 10449 10418
f 10449 10445 10416
f 10423 10425 10453
f 10425 10422 10451
f 10457 10443 10415
f 10507 10478 10472
f 10521 10508 10500
f 10492 10479 10506
f 10480 10494 10486
f 10493 10522 10514
f 10471 10474 10475
f 10472 10476 10475
f 10473 10477 10475
f 10478 10481 10482
f 10479 10483 10482
f 10480 10484 10482
f 10485 10488 10489
f 10486 10490 10489
f 10487 10491 10489
f 10492 10495 10496
f 10493 10497 10496
f 10494 10498 10496
f 10499 10502 10503
f 10500 10504 10503
f 10501 10505 10503
f 10506 10509 10510
f 10507 10511 10510
f 10508 10512 10510
f 10513 10516 10517
f 10514 10518 10517
f 10515 10519 10517
f 10520 10523 10524
f 10521 10525 10524
f 10522 10526 10524
f 10471 10477 10488
f 10477 10473 10486
f 10478 10484 10476
f 10484 10480 10473
f 10492 10498 10483
f 10498 10494 10480
f 10487 10490 10497
f 10490 10486 10494
f 10485 10491 10516
f 10491 10487 10514
f 10520 10526 10495
f 10526 10522 10493
f 10515 10518 10525
f 10518 10514 10522
f 10513 10519 10502
f 10519 10515 10500
f 10506 10512 10523
f 10512 10508 10521
f 10501 10504 10511
f 10504 10500 10508
f 10499 10505 10474
f 10505 10501 10472
f 10479 10481 10509
f 10481 10478 10507
f 10513 10499 10471
f 10563 10534 10528
f 10577 10564 10556
f 10548 10535 10562
f 10536 10550 10542
f 10549 10578 10570
f 10527 10530 10531
f 10528 10532 10531
f 10529 10533 10531
f 10534 10537 10538
f 10535 10539 10538
f 10536 10540 10538
f 10541 10544 10545
f 10542 10546 10545
f 10543 10547 10545
f 10548 10551 10552
f 10549 10553 10552
f 10550 10554 10552
f 10555 10558 10559
f 10556 10560 10559
f 10557 10561 10559
f 10562 10565 10566
f 10563 10567 10566
f 10564 10568 10566
f 10569 10572 10573
f 10570 10574 10573
f 10571 10575 10573
f 10576 10579 10580
f 10577 10581 10580
f 10578 10582 10580
f 10527 10533 10544
f 10533 10529 10542
f 10534 10540 10532
f 10540 10536 10529
f 10548 10554 10539
f 10554 10550 10536
f 10543 10546 10553
f 10546 10542 10550
f 10541 10547 10572
f 10547 10543 10570
f 10576 10582 10551
f 10582 10578 10549
f 10571 10574 10581
f 10574 10570 10578
f 10569 10575 10558
f 10575 10571 10556
f 10562 10568 10579
f 10568 10564 10577
f 10557 10560 10567
f 10560 10556 10564
f 10555 10561 10530
f 10561 10557 10528
f 10535 10537 10565
f 10537 10534 10563
f 10569 10555 10527
o Chimney
v -1.274459 20.556553 8.490232
v -1.274148 20.598885 8.560048
v -1.355808 20.598885 8.489965
v -1.274136 22.354378 8.560048
v -1.355808 22.354378 8.489955
v -1.274459 20.556553 6.302675
v -1.355808 20.598885 6.302942
v -1.274148 20.598885 6.232860
v -1.355808 22.354378 6.302953
v -1.274136 22.354378 6.232860
v 1.274459 20.556553 8.490232
v 1.355808 20.598885 8.489965
v 1.274148 20.598885 8.560048
v 1.355808 22.354378 8.489955
v 1.274136 22.354378 8.560048
v 1.274459 20.556553 6.302675
v 1.274148 20.598885 6.232860
v 1.355808 20.598885 6.302942
v 1.274136 22.354378 6.232860
v 1.355808 22.354378 6.302953
v -0.939657 23.194738 8.272988
v -1.021328 23.194738 8.202895
v -1.021328 23.194738 6.590013
v -0.939657 23.194738 6.519920
v 0.939657 23.194738 6.519920
v 1.021328 23.194738 6.590013
v 1.021328 23.194738 8.202895
v 0.939657 23.194738 8.272988
v -1.021328 25.182270 8.202906
v -0.939669 25.182270 8.272988
v -0.939980 25.224600 8.203173
v -1.021328 25.182270 6.590002
v -0.939980 25.224600 6.589736
v -0.939669 25.182270 6.519920
v 0.939669 25.182270 6.519920
v 0.939980 25.224600 6.589736
v 1.021328 25.182270 6.590002
v 1.021328 25.182270 8.202906
v 0.939980 25.224600 8.203173
v 0.939669 25.182270 8.272988
s 0
f 10597 10584 10595
f 10592 10607 10601
f 10602 10609 10596
f 10587 10605 10591
f 10587 10589 10585
f 10592 10599 10590
f 10615 10621 10618
f 10602 10594 10600
f 10604 10614 10605
f 10597 10603 10586
f 10610 10612 10603
f 10606 10617 10607
f 10608 10620 10609
f 10583 10584 10585
f 10588 10589 10590
f 10593 10594 10595
f 10598 10599 10600
f 10611 10612 10613
f 10614 10615 10616
f 10617 10618 10619
f 10620 10621 10622
f 10583 10589 10588
f 10586 10585 10584
f 10590 10591 10592
f 10588 10599 10598
f 10600 10601 10602
f 10598 10594 10593
f 10595 10596 10597
f 10593 10584 10583
f 10609 10597 10596
f 10587 10603 10604
f 10605 10592 10591
f 10602 10607 10608
f 10613 10614 10611
f 10615 10617 10616
f 10618 10620 10619
f 10621 10612 10622
f 10617 10608 10607
f 10610 10620 10622
f 10612 10604 10603
f 10606 10614 10616
f 10598 10583 10588
f 10597 10586 10584
f 10592 10606 10607
f 10602 10608 10609
f 10587 10604 10605
f 10587 10591 10589
f 10592 10601 10599
f 10615 10613 10621
f 10602 10596 10594
f 10604 10611 10614
f 10597 10610 10603
f 10610 10622 10612
f 10606 10616 10617
f 10608 10619 10620
f 10583 10585 10589
f 10586 10587 10585
f 10590 10589 10591
f 10588 10590 10599
f 10600 10599 10601
f 10598 10600 10594
f 10595 10594 10596
f 10593 10595 10584
f 10609 10610 10597
f 10587 10586 10603
f 10605 10606 10592
f 10602 10601 10607
f 10613 10615 10614
f 10615 10618 10617
f 10618 10621 10620
f 10621 10613 10612
f 10617 10619 10608
f 10610 10609 10620
f 10612 10611 10604
f 10606 10605 10614
f 10598 10593 10583
o WindowFrame.001
v 9.700986 1.658237 7.972557
v 9.700986 5.281685 7.972557
v 9.700986 1.658237 6.044254
v 9.700986 5.281685 6.044254
v 9.893451 1.658237 7.972557
v 9.893451 5.281685 7.972557
v 9.893451 1.658237 6.044254
v 9.893451 5.281685 6.044254
v 9.700986 3.599509 7.859729
v 9.700986 5.069128 7.859729
v 9.700986 5.069128 6.290021
v 9.700986 3.599509 6.290021
v 9.893451 3.599509 6.290021
v 9.893451 5.069128 6.290021
v 9.893451 3.599509 7.859729
v 9.893451 5.069128 7.859729
v 9.700986 1.852839 7.859728
v 9.700986 3.493485 7.859728
v 9.700986 3.493485 6.290020
v 9.700986 1.852839 6.290020
v 9.893451 3.493485 6.290020
v 9.893451 1.852839 7.859728
v 9.893451 3.493485 7.859728
v 9.893451 1.852839 6.290020
s 0
f 10625 10623 10639
f 10640 10634 10641
f 10624 10633 10632
f 10626 10629 10625
f 10636 10628 10638
f 10627 10629 10644
f 10635 10645 10643
f 10628 10623 10627
f 10629 10623 10625
f 10626 10628 10630
f 10633 10635 10636
f 10631 10638 10637
f 10631 10635 10634
f 10633 10638 10632
f 10642 10643 10641
f 10639 10645 10644
f 10639 10646 10642
f 10641 10645 10640
f 10641 10634 10633
f 10633 10626 10625
f 10623 10624 10632
f 10631 10640 10639
f 10623 10632 10631
f 10641 10633 10625
f 10642 10641 10625
f 10623 10631 10639
f 10639 10642 10625
f 10640 10631 10634
f 10624 10626 10633
f 10626 10630 10629
f 10636 10630 10628
f 10638 10628 10627
f 10629 10630 10636
f 10636 10635 10643
f 10629 10636 10643
f 10637 10638 10627
f 10644 10645 10637
f 10629 10643 10646
f 10644 10637 10627
f 10629 10646 10644
f 10635 10637 10645
f 10628 10624 10623
f 10629 10627 10623
f 10626 10624 10628
f 10633 10634 10635
f 10631 10632 10638
f 10631 10637 10635
f 10633 10636 10638
f 10642 10646 10643
f 10639 10640 10645
f 10639 10644 10646
f 10641 10643 10645
o WindowGlass.003
v 9.784299 3.578614 7.895684
v 9.784299 5.090238 7.895684
v 9.784299 3.578614 6.269142
v 9.784299 5.090238 6.269142
v 9.845649 3.578614 7.895684
v 9.845649 5.090238 7.895684
v 9.845649 3.578614 6.269142
v 9.845649 5.090238 6.269142
s 0
f 10648 10649 10647
f 10650 10653 10649
f 10654 10651 10653
f 10652 10647 10651
f 10653 10647 10649
f 10650 10652 10654
f 10648 10650 10649
f 10650 10654 10653
f 10654 10652 10651
f 10652 10648 10647
f 10653 10651 10647
f 10650 10648 10652
o WindowGlass.002
v 9.694182 1.825776 7.895684
v 9.694182 3.521373 7.895684
v 9.694182 1.825776 6.269142
v 9.694182 3.521373 6.269142
v 9.755532 1.825776 7.895684
v 9.755532 3.521373 7.895684
v 9.755532 1.825776 6.269142
v 9.755532 3.521373 6.269142
s 0
f 10656 10657 10655
f 10658 10661 10657
f 10662 10659 10661
f 10660 10655 10659
f 10661 10655 10657
f 10658 10660 10662
f 10656 10658 10657
f 10658 10662 10661
f 10662 10660 10659
f 10660 10656 10655
f 10661 10659 10655
f 10658 10656 10660
o WindowFrame.002
v 9.700986 1.999839 -7.036173
v 9.700986 5.189460 -7.036173
v 9.700986 1.999839 -8.550354
v 9.700986 5.189460 -8.550354
v 9.893451 1.999839 -7.036173
v 9.893451 5.189460 -7.036173
v 9.893451 1.999839 -8.550354
v 9.893451 5.189460 -8.550354
v 9.700986 3.708687 -7.124770
v 9.700986 5.002352 -7.124770
v 9.700986 5.002352 -8.357368
v 9.700986 3.708687 -8.357368
v 9.893451 3.708687 -8.357368
v 9.893451 5.002352 -8.357368
v 9.893451 3.708687 -7.124770
v 9.893451 5.002352 -7.124770
v 9.700986 2.171142 -7.124771
v 9.700986 3.615357 -7.124771
v 9.700986 3.615357 -8.357368
v 9.700986 2.171142 -8.357368
v 9.893451 3.615357 -8.357368
v 9.893451 2.171142 -7.124771
v 9.893451 3.615357 -7.124771
v 9.893451 2.171142 -8.357368
s 0
f 10665 10663 10679
f 10680 10674 10681
f 10664 10673 10672
f 10666 10669 10665
f 10676 10668 10678
f 10667 10669 10684
f 10675 10685 10683
f 10668 10663 10667
f 10669 10663 10665
f 10666 10668 10670
f 10673 10675 10676
f 10671 10678 10677
f 10671 10675 10674
f 10673 10678 10672
f 10682 10683 10681
f 10679 10685 10684
f 10679 10686 10682
f 10681 10685 10680
f 10681 10674 10673
f 10673 10666 10665
f 10663 10664 10672
f 10671 10680 10679
f 10663 10672 10671
f 10681 10673 10665
f 10682 10681 10665
f 10663 10671 10679
f 10679 10682 10665
f 10680 10671 10674
f 10664 10666 10673
f 10666 10670 10669
f 10676 10670 10668
f 10678 10668 10667
f 10669 10670 10676
f 10676 10675 10683
f 10669 10676 10683
f 10677 10678 10667
f 10684 10685 10677
f 10669 10683 10686
f 10684 10677 10667
f 10669 10686 10684
f 10675 10677 10685
f 10668 10664 10663
f 10669 10667 10663
f 10666 10664 10668
f 10673 10674 10675
f 10671 10672 10678
f 10671 10677 10675
f 10673 10676 10678
f 10682 10686 10683
f 10679 10680 10685
f 10679 10684 10686
f 10681 10683 10685
o WindowGlass.004
v 9.784299 3.690294 -7.096537
v 9.784299 5.020935 -7.096537
v 9.784299 3.690294 -8.373763
v 9.784299 5.020935 -8.373763
v 9.845649 3.690294 -7.096537
v 9.845649 5.020935 -7.096537
v 9.845649 3.690294 -8.373763
v 9.845649 5.020935 -8.373763
s 0
f 10688 10689 10687
f 10690 10693 10689
f 10694 10691 10693
f 10692 10687 10691
f 10693 10687 10689
f 10690 10692 10694
f 10688 10690 10689
f 10690 10694 10693
f 10694 10692 10691
f 10692 10688 10687
f 10693 10691 10687
f 10690 10688 10692
o WindowGlass.005
v 9.694182 2.147319 -7.096537
v 9.694182 3.639906 -7.096537
v 9.694182 2.147319 -8.373763
v 9.694182 3.639906 -8.373763
v 9.755532 2.147319 -7.096537
v 9.755532 3.639906 -7.096537
v 9.755532 2.147319 -8.373763
v 9.755532 3.639906 -8.373763
s 0
f 10696 10697 10695
f 10698 10701 10697
f 10702 10699 10701
f 10700 10695 10699
f 10701 10695 10697
f 10698 10700 10702
f 10696 10698 10697
f 10698 10702 10701
f 10702 10700 10699
f 10700 10696 10695
f 10701 10699 10695
f 10698 10696 10700
o WindowFrame.003
v 9.700986 7.254071 -6.958788
v 9.700986 10.701737 -6.958788
v 9.700986 7.254071 -8.612583
v 9.700986 10.701737 -8.612583
v 9.893451 7.254071 -6.958788
v 9.893451 10.701737 -6.958788
v 9.893451 7.254071 -8.612583
v 9.893451 10.701737 -8.612583
v 9.700986 9.101168 -7.055554
v 9.700986 10.499492 -7.055554
v 9.700986 10.499492 -8.401803
v 9.700986 9.101168 -8.401803
v 9.893451 9.101168 -8.401803
v 9.893451 10.499492 -8.401803
v 9.893451 9.101168 -7.055554
v 9.893451 10.499492 -7.055554
v 9.700986 7.439233 -7.055555
v 9.700986 9.000287 -7.055555
v 9.700986 9.000287 -8.401804
v 9.700986 7.439233 -8.401804
v 9.893451 9.000287 -8.401804
v 9.893451 7.439233 -7.055555
v 9.893451 9.000287 -7.055555
v 9.893451 7.439233 -8.401804
s 0
f 10705 10703 10719
f 10720 10714 10721
f 10704 10713 10712
f 10706 10709 10705
f 10716 10708 10718
f 10707 10709 10724
f 10715 10725 10723
f 10708 10703 10707
f 10709 10703 10705
f 10706 10708 10710
f 10713 10715 10716
f 10711 10718 10717
f 10711 10715 10714
f 10713 10718 10712
f 10722 10723 10721
f 10719 10725 10724
f 10719 10726 10722
f 10721 10725 10720
f 10721 10714 10713
f 10713 10706 10705
f 10703 10704 10712
f 10711 10720 10719
f 10703 10712 10711
f 10721 10713 10705
f 10722 10721 10705
f 10703 10711 10719
f 10719 10722 10705
f 10720 10711 10714
f 10704 10706 10713
f 10706 10710 10709
f 10716 10710 10708
f 10718 10708 10707
f 10709 10710 10716
f 10716 10715 10723
f 10709 10716 10723
f 10717 10718 10707
f 10724 10725 10717
f 10709 10723 10726
f 10724 10717 10707
f 10709 10726 10724
f 10715 10717 10725
f 10708 10704 10703
f 10709 10707 10703
f 10706 10704 10708
f 10713 10714 10715
f 10711 10712 10718
f 10711 10717 10715
f 10713 10716 10718
f 10722 10726 10723
f 10719 10720 10725
f 10719 10724 10726
f 10721 10723 10725
o WindowGlass.006
v 9.784299 9.081287 -7.024717
v 9.784299 10.519579 -7.024717
v 9.784299 9.081287 -8.419710
v 9.784299 10.519579 -8.419710
v 9.845649 9.081287 -7.024717
v 9.845649 10.519579 -7.024717
v 9.845649 9.081287 -8.419710
v 9.845649 10.519579 -8.419710
s 0
f 10728 10729 10727
f 10730 10733 10729
f 10734 10731 10733
f 10732 10727 10731
f 10733 10727 10729
f 10730 10732 10734
f 10728 10730 10729
f 10730 10734 10733
f 10734 10732 10731
f 10732 10728 10727
f 10733 10731 10727
f 10730 10728 10732
o WindowGlass.007
v 9.694182 7.413483 -7.024717
v 9.694182 9.026823 -7.024717
v 9.694182 7.413483 -8.419710
v 9.694182 9.026823 -8.419710
v 9.755532 7.413483 -7.024717
v 9.755532 9.026823 -7.024717
v 9.755532 7.413483 -8.419710
v 9.755532 9.026823 -8.419710
s 0
f 10736 10737 10735
f 10738 10741 10737
f 10742 10739 10741
f 10740 10735 10739
f 10741 10735 10737
f 10738 10740 10742
f 10736 10738 10737
f 10738 10742 10741
f 10742 10740 10739
f 10740 10736 10735
f 10741 10739 10735
f 10738 10736 10740
o WindowFrame.004
v 9.700986 7.254071 0.242032
v 9.700986 10.701737 0.242032
v 9.700986 7.254071 -1.411764
v 9.700986 10.701737 -1.411764
v 9.893451 7.254071 0.242032
v 9.893451 10.701737 0.242032
v 9.893451 7.254071 -1.411764
v 9.893451 10.701737 -1.411764
v 9.700986 9.101168 0.145266
v 9.700986 10.499492 0.145266
v 9.700986 10.499492 -1.200984
v 9.700986 9.101168 -1.200984
v 9.893451 9.101168 -1.200984
v 9.893451 10.499492 -1.200984
v 9.893451 9.101168 0.145266
v 9.893451 10.499492 0.145266
v 9.700986 7.439233 0.145265
v 9.700986 9.000287 0.145265
v 9.700986 9.000287 -1.200984
v 9.700986 7.439233 -1.200984
v 9.893451 9.000287 -1.200984
v 9.893451 7.439233 0.145265
v 9.893451 9.000287 0.145265
v 9.893451 7.439233 -1.200984
s 0
f 10745 10743 10759
f 10760 10754 10761
f 10744 10753 10752
f 10746 10749 10745
f 10756 10748 10758
f 10747 10749 10764
f 10755 10765 10763
f 10748 10743 10747
f 10749 10743 10745
f 10746 10748 10750
f 10753 10755 10756
f 10751 10758 10757
f 10751 10755 10754
f 10753 10758 10752
f 10762 10763 10761
f 10759 10765 10764
f 10759 10766 10762
f 10761 10765 10760
f 10761 10754 10753
f 10753 10746 10745
f 10743 10744 10752
f 10751 10760 10759
f 10743 10752 10751
f 10761 10753 10745
f 10762 10761 10745
f 10743 10751 10759
f 10759 10762 10745
f 10760 10751 10754
f 10744 10746 10753
f 10746 10750 10749
f 10756 10750 10748
f 10758 10748 10747
f 10749 10750 10756
f 10756 10755 10763
f 10749 10756 10763
f 10757 10758 10747
f 10764 10765 10757
f 10749 10763 10766
f 10764 10757 10747
f 10749 10766 10764
f 10755 10757 10765
f 10748 10744 10743
f 10749 10747 10743
f 10746 10744 10748
f 10753 10754 10755
f 10751 10752 10758
f 10751 10757 10755
f 10753 10756 10758
f 10762 10766 10763
f 10759 10760 10765
f 10759 10764 10766
f 10761 10763 10765
o WindowGlass.008
v 9.784299 9.081287 0.176102
v 9.784299 10.519579 0.176102
v 9.784299 9.081287 -1.218890
v 9.784299 10.519579 -1.218890
v 9.845649 9.081287 0.176102
v 9.845649 10.519579 0.176102
v 9.845649 9.081287 -1.218890
v 9.845649 10.519579 -1.218890
s 0
f 10768 10769 10767
f 10770 10773 10769
f 10774 10771 10773
f 10772 10767 10771
f 10773 10767 10769
f 10770 10772 10774
f 10768 10770 10769
f 10770 10774 10773
f 10774 10772 10771
f 10772 10768 10767
f 10773 10771 10767
f 10770 10768 10772
o WindowGlass.009
v 9.694182 7.413483 0.176102
v 9.694182 9.026823 0.176102
v 9.694182 7.413483 -1.218890
v 9.694182 9.026823 -1.218890
v 9.755532 7.413483 0.176102
v 9.755532 9.026823 0.176102
v 9.755532 7.413483 -1.218890
v 9.755532 9.026823 -1.218890
s 0
f 10776 10777 10775
f 10778 10781 10777
f 10782 10779 10781
f 10780 10775 10779
f 10781 10775 10777
f 10778 10780 10782
f 10776 10778 10777
f 10778 10782 10781
f 10782 10780 10779
f 10780 10776 10775
f 10781 10779 10775
f 10778 10776 10780
o Cube
v -1.418946 19.889179 -4.915882
v -1.418946 22.667870 -4.915882
v -1.418946 19.889179 -7.062585
v -1.418946 22.667870 -7.062585
v 1.418946 19.889179 -4.915882
v 1.418946 22.667870 -4.915882
v 1.418946 19.889179 -7.062585
v 1.418946 22.667870 -7.062585
v -1.228099 23.009577 -4.915882
v -1.228099 23.009577 -7.062585
v 1.228099 23.009577 -7.062585
v 1.228099 23.009577 -4.915882
v -1.228099 24.626438 -4.915882
v -1.228099 24.626438 -7.062585
v 1.228099 24.626438 -7.062585
v 1.228099 24.626438 -4.915882
v -1.055360 24.784111 -5.066855
v -1.055360 24.784111 -6.911612
v 1.055360 24.784111 -6.911612
v 1.055360 24.784111 -5.066855
s 0
f 10784 10785 10783
f 10786 10789 10785
f 10790 10787 10789
f 10788 10783 10787
f 10789 10783 10785
f 10790 10794 10788
f 10794 10795 10791
f 10784 10792 10786
f 10788 10791 10784
f 10786 10793 10790
f 10797 10802 10798
f 10792 10797 10793
f 10793 10798 10794
f 10791 10796 10792
f 10800 10802 10801
f 10795 10800 10796
f 10798 10799 10795
f 10796 10801 10797
f 10784 10786 10785
f 10786 10790 10789
f 10790 10788 10787
f 10788 10784 10783
f 10789 10787 10783
f 10790 10793 10794
f 10794 10798 10795
f 10784 10791 10792
f 10788 10794 10791
f 10786 10792 10793
f 10797 10801 10802
f 10792 10796 10797
f 10793 10797 10798
f 10791 10795 10796
f 10800 10799 10802
f 10795 10799 10800
f 10798 10802 10799
f 10796 10800 10801
o WindowFrame.005
v 5.007072 8.708129 11.621203
v 5.007072 10.966647 11.621203
v 6.340373 8.708129 11.632804
v 6.340373 10.966647 11.632804
v 5.005397 8.708129 11.813659
v 5.005397 10.966647 11.813659
v 6.338698 8.708129 11.825259
v 6.338698 10.966647 11.825259
v 5.085085 9.918136 11.621882
v 5.085085 10.834159 11.621882
v 6.170440 10.834159 11.631326
v 6.170440 9.918136 11.631326
v 6.168766 9.918136 11.823780
v 6.168766 10.834159 11.823780
v 5.083411 9.918136 11.814337
v 5.083411 10.834159 11.814337
v 5.085086 8.829426 11.621882
v 5.085086 9.852051 11.621882
v 6.170441 9.852051 11.631326
v 6.170441 8.829426 11.631326
v 6.168766 9.852051 11.823780
v 5.083411 8.829426 11.814337
v 5.083411 9.852051 11.814337
v 6.168766 8.829426 11.823780
s 0
f 10805 10803 10819
f 10820 10814 10821
f 10804 10813 10812
f 10806 10809 10805
f 10816 10808 10818
f 10807 10809 10824
f 10815 10825 10823
f 10808 10803 10807
f 10809 10803 10805
f 10806 10808 10810
f 10813 10815 10816
f 10811 10818 10817
f 10811 10815 10814
f 10813 10818 10812
f 10822 10823 10821
f 10819 10825 10824
f 10819 10826 10822
f 10821 10825 10820
f 10821 10814 10813
f 10813 10806 10805
f 10803 10804 10812
f 10811 10820 10819
f 10803 10812 10811
f 10821 10813 10805
f 10822 10821 10805
f 10803 10811 10819
f 10819 10822 10805
f 10820 10811 10814
f 10804 10806 10813
f 10806 10810 10809
f 10816 10810 10808
f 10818 10808 10807
f 10809 10810 10816
f 10816 10815 10823
f 10809 10816 10823
f 10817 10818 10807
f 10824 10825 10817
f 10809 10823 10826
f 10824 10817 10807
f 10809 10826 10824
f 10815 10817 10825
f 10808 10804 10803
f 10809 10807 10803
f 10806 10804 10808
f 10813 10814 10815
f 10811 10812 10818
f 10811 10817 10815
f 10813 10816 10818
f 10822 10826 10823
f 10819 10820 10825
f 10819 10824 10826
f 10821 10823 10825
o WindowGlass.010
v 5.059530 9.905113 11.704868
v 5.059530 10.847319 11.704868
v 6.184182 9.905113 11.714654
v 6.184182 10.847319 11.714654
v 5.058996 9.905113 11.766215
v 5.058996 10.847319 11.766215
v 6.183648 9.905113 11.776001
v 6.183648 10.847319 11.776001
s 0
f 10828 10829 10827
f 10830 10833 10829
f 10834 10831 10833
f 10832 10827 10831
f 10833 10827 10829
f 10830 10832 10834
f 10828 10830 10829
f 10830 10834 10833
f 10834 10832 10831
f 10832 10828 10827
f 10833 10831 10827
f 10830 10828 10832
o WindowGlass.011
v 5.060163 8.812557 11.614755
v 5.060163 9.869434 11.614755
v 6.184815 8.812557 11.624540
v 6.184815 9.869434 11.624540
v 5.059629 8.812557 11.676102
v 5.059629 9.869434 11.676102
v 6.184281 8.812557 11.685887
v 6.184281 9.869434 11.685887
s 0
f 10836 10837 10835
f 10838 10841 10837
f 10842 10839 10841
f 10840 10835 10839
f 10841 10835 10837
f 10838 10840 10842
f 10836 10838 10837
f 10838 10842 10841
f 10842 10840 10839
f 10840 10836 10835
f 10841 10839 10835
f 10838 10836 10840
o WindowFrame
v 9.700986 6.236389 7.972557
v 9.700986 10.804443 7.972557
v 9.700986 6.236389 6.044254
v 9.700986 10.804443 6.044254
v 9.893451 6.236389 7.972557
v 9.893451 10.804443 7.972557
v 9.893451 6.236389 6.044254
v 9.893451 10.804443 6.044254
v 9.700986 8.683736 7.859729
v 9.700986 10.536474 7.859729
v 9.700986 10.536474 6.290021
v 9.700986 8.683736 6.290021
v 9.893451 8.683736 6.290021
v 9.893451 10.536474 6.290021
v 9.893451 8.683736 7.859729
v 9.893451 10.536474 7.859729
v 9.700986 6.481723 7.859728
v 9.700986 8.550073 7.859728
v 9.700986 8.550073 6.290020
v 9.700986 6.481723 6.290020
v 9.893451 8.550073 6.290020
v 9.893451 6.481723 7.859728
v 9.893451 8.550073 7.859728
v 9.893451 6.481723 6.290020
s 0
f 10845 10843 10859
f 10860 10854 10861
f 10844 10853 10852
f 10846 10849 10845
f 10856 10848 10858
f 10847 10849 10864
f 10855 10865 10863
f 10848 10843 10847
f 10849 10843 10845
f 10846 10848 10850
f 10853 10855 10856
f 10851 10858 10857
f 10851 10855 10854
f 10853 10858 10852
f 10862 10863 10861
f 10859 10865 10864
f 10859 10866 10862
f 10861 10865 10860
f 10861 10854 10853
f 10853 10846 10845
f 10843 10844 10852
f 10851 10860 10859
f 10843 10852 10851
f 10861 10853 10845
f 10862 10861 10845
f 10843 10851 10859
f 10859 10862 10845
f 10860 10851 10854
f 10844 10846 10853
f 10846 10850 10849
f 10856 10850 10848
f 10858 10848 10847
f 10849 10850 10856
f 10856 10855 10863
f 10849 10856 10863
f 10857 10858 10847
f 10864 10865 10857
f 10849 10863 10866
f 10864 10857 10847
f 10849 10866 10864
f 10855 10857 10865
f 10848 10844 10843
f 10849 10847 10843
f 10846 10844 10848
f 10853 10854 10855
f 10851 10852 10858
f 10851 10857 10855
f 10853 10856 10858
f 10862 10866 10863
f 10859 10860 10865
f 10859 10864 10866
f 10861 10863 10865
o WindowGlass
v 9.784299 8.657395 7.895684
v 9.784299 10.563088 7.895684
v 9.784299 8.657395 6.269142
v 9.784299 10.563088 6.269142
v 9.845649 8.657395 7.895684
v 9.845649 10.563088 7.895684
v 9.845649 8.657395 6.269142
v 9.845649 10.563088 6.269142
s 0
f 10868 10869 10867
f 10870 10873 10869
f 10874 10871 10873
f 10872 10867 10871
f 10873 10867 10869
f 10870 10872 10874
f 10868 10870 10869
f 10870 10874 10873
f 10874 10872 10871
f 10872 10868 10867
f 10873 10871 10867
f 10870 10868 10872
o WindowGlass.001
v 9.694182 6.447605 7.895684
v 9.694182 8.585231 7.895684
v 9.694182 6.447605 6.269142
v 9.694182 8.585231 6.269142
v 9.755532 6.447605 7.895684
v 9.755532 8.585231 7.895684
v 9.755532 6.447605 6.269142
v 9.755532 8.585231 6.269142
s 0
f 10876 10877 10875
f 10878 10881 10877
f 10882 10879 10881
f 10880 10875 10879
f 10881 10875 10877
f 10878 10880 10882
f 10876 10878 10877
f 10878 10882 10881
f 10882 10880 10879
f 10880 10876 10875
f 10881 10879 10875
f 10878 10876 10880
