# Blender 4.3.2
# www.blender.org
mtllib lighthouse.mtl
o Cylinder
v -0.000000 36.464050 -5.925953
v -0.000000 41.769749 -5.680406
v 1.156096 36.464050 -5.812088
v 1.108192 41.769749 -5.571258
v 2.267764 36.464050 -5.474866
v 2.173797 41.769749 -5.248010
v 3.292283 36.464050 -4.927249
v 3.155864 41.769749 -4.723084
v 4.190281 36.464050 -4.190281
v 4.016654 41.769749 -4.016654
v 4.927249 36.464050 -3.292283
v 4.723084 41.769749 -3.155864
v 5.474866 36.464050 -2.267764
v 5.248010 41.769749 -2.173797
v 5.812088 36.464050 -1.156096
v 5.571258 41.769749 -1.108192
v 5.925953 36.464050 0.000000
v 5.680406 41.769749 0.000000
v 5.812088 36.464050 1.156096
v 5.571258 41.769749 1.108192
v 5.474866 36.464050 2.267764
v 5.248010 41.769749 2.173797
v 4.927249 36.464050 3.292283
v 4.723084 41.769749 3.155864
v 4.190281 36.464050 4.190281
v 4.016654 41.769749 4.016654
v 3.292283 36.464050 4.927249
v 3.155864 41.769749 4.723084
v 2.267764 36.464050 5.474866
v 2.173797 41.769749 5.248010
v 1.156096 36.464050 5.812088
v 1.108192 41.769749 5.571258
v -0.000000 36.464050 5.925953
v -0.000000 41.769749 5.680406
v -1.156096 36.464050 5.812088
v -1.108192 41.769749 5.571258
v -2.267764 36.464050 5.474866
v -2.173797 41.769749 5.248010
v -3.292284 36.464050 4.927249
v -3.155865 41.769749 4.723084
v -4.190281 36.464050 4.190281
v -4.016654 41.769749 4.016654
v -4.927249 36.464050 3.292283
v -4.723084 41.769749 3.155864
v -5.474866 36.464050 2.267764
v -5.248010 41.769749 2.173797
v -5.812088 36.464050 1.156096
v -5.571258 41.769749 1.108192
v -5.925953 36.464050 0.000000
v -5.680406 41.769749 0.000000
v -5.812088 36.464050 -1.156096
v -5.571258 41.769749 -1.108192
v -5.474866 36.464050 -2.267764
v -5.248010 41.769749 -2.173797
v -4.927249 36.464050 -3.292283
v -4.723084 41.769749 -3.155864
v -4.190281 36.464050 -4.190281
v -4.016654 41.769749 -4.016654
v -3.292284 36.464050 -4.927249
v -3.155865 41.769749 -4.723084
v -2.267764 36.464050 -5.474866
v -2.173797 41.769749 -5.248010
v -1.156096 36.464050 -5.812088
v -1.108192 41.769749 -5.571258
v 1.002822 42.017639 -5.041527
v 0.000000 42.017639 -5.140296
v 1.967107 42.017639 -4.749014
v 2.855796 42.017639 -4.274000
v 3.634739 42.017639 -3.634739
v 4.274000 42.017639 -2.855796
v 4.749014 42.017639 -1.967106
v 5.041527 42.017639 -1.002822
v 5.140296 42.017639 0.000000
v 5.041527 42.017639 1.002822
v 4.749014 42.017639 1.967106
v 4.274000 42.017639 2.855796
v 3.634739 42.017639 3.634739
v 2.855796 42.017639 4.274000
v 1.967107 42.017639 4.749014
v 1.002822 42.017639 5.041527
v 0.000000 42.017639 5.140296
v -1.002822 42.017639 5.041527
v -1.967106 42.017639 4.749014
v -2.855796 42.017639 4.274000
v -3.634738 42.017639 3.634739
v -4.274000 42.017639 2.855796
v -4.749014 42.017639 1.967106
v -5.041527 42.017639 1.002822
v -5.140296 42.017639 0.000000
v -5.041527 42.017639 -1.002822
v -4.749014 42.017639 -1.967106
v -4.274000 42.017639 -2.855796
v -3.634738 42.017639 -3.634739
v -2.855796 42.017639 -4.274000
v -1.967106 42.017639 -4.749014
v -1.002822 42.017639 -5.041527
v 1.002822 42.159157 -5.041527
v 0.000000 42.159157 -5.140296
v 1.967107 42.159157 -4.749014
v 2.855796 42.159157 -4.274000
v 3.634739 42.159157 -3.634739
v 4.274000 42.159157 -2.855796
v 4.749014 42.159157 -1.967106
v 5.041527 42.159157 -1.002822
v 5.140296 42.159157 0.000000
v 5.041527 42.159157 1.002822
v 4.749014 42.159157 1.967106
v 4.274000 42.159157 2.855796
v 3.634739 42.159157 3.634739
v 2.855796 42.159157 4.274000
v 1.967107 42.159157 4.749014
v 1.002822 42.159157 5.041527
v 0.000000 42.159157 5.140296
v -1.002822 42.159157 5.041527
v -1.967106 42.159157 4.749014
v -2.855796 42.159157 4.274000
v -3.634738 42.159157 3.634739
v -4.274000 42.159157 2.855796
v -4.749014 42.159157 1.967106
v -5.041527 42.159157 1.002822
v -5.140296 42.159157 0.000000
v -5.041527 42.159157 -1.002822
v -4.749014 42.159157 -1.967106
v -4.274000 42.159157 -2.855796
v -3.634738 42.159157 -3.634739
v -2.855796 42.159157 -4.274000
v -1.967106 42.159157 -4.749014
v -1.002822 42.159157 -5.041527
v 1.403072 42.230011 -7.053718
v 0.000000 42.230011 -7.191908
v 2.752225 42.230011 -6.644456
v 3.995610 42.230011 -5.979853
v 5.085448 42.230011 -5.085448
v 5.979854 42.230011 -3.995610
v 6.644456 42.230011 -2.752224
v 7.053718 42.230011 -1.403072
v 7.191908 42.230011 0.000000
v 7.053718 42.230011 1.403072
v 6.644456 42.230011 2.752224
v 5.979854 42.230011 3.995610
v 5.085448 42.230011 5.085448
v 3.995610 42.230011 5.979853
v 2.752225 42.230011 6.644456
v 1.403072 42.230011 7.053718
v 0.000000 42.230011 7.191908
v -1.403072 42.230011 7.053718
v -2.752224 42.230011 6.644456
v -3.995610 42.230011 5.979853
v -5.085447 42.230011 5.085448
v -5.979853 42.230011 3.995610
v -6.644456 42.230011 2.752224
v -7.053718 42.230011 1.403072
v -7.191908 42.230011 0.000000
v -7.053718 42.230011 -1.403072
v -6.644456 42.230011 -2.752224
v -5.979853 42.230011 -3.995610
v -5.085447 42.230011 -5.085448
v -3.995610 42.230011 -5.979853
v -2.752224 42.230011 -6.644456
v -1.403072 42.230011 -7.053718
v 1.403072 42.530247 -7.053718
v 0.000000 42.530247 -7.191908
v 2.752225 42.530247 -6.644456
v 3.995610 42.530247 -5.979853
v 5.085448 42.530247 -5.085448
v 5.979854 42.530247 -3.995610
v 6.644456 42.530247 -2.752224
v 7.053718 42.530247 -1.403072
v 7.191908 42.530247 0.000000
v 7.053718 42.530247 1.403072
v 6.644456 42.530247 2.752224
v 5.979854 42.530247 3.995610
v 5.085448 42.530247 5.085448
v 3.995610 42.530247 5.979853
v 2.752225 42.530247 6.644456
v 1.403072 42.530247 7.053718
v 0.000000 42.530247 7.191908
v -1.403072 42.530247 7.053718
v -2.752224 42.530247 6.644456
v -3.995610 42.530247 5.979853
v -5.085447 42.530247 5.085448
v -5.979853 42.530247 3.995610
v -6.644456 42.530247 2.752224
v -7.053718 42.530247 1.403072
v -7.191908 42.530247 0.000000
v -7.053718 42.530247 -1.403072
v -6.644456 42.530247 -2.752224
v -5.979853 42.530247 -3.995610
v -5.085447 42.530247 -5.085448
v -3.995610 42.530247 -5.979853
v -2.752224 42.530247 -6.644456
v -1.403072 42.530247 -7.053718
v 0.777538 42.629627 -3.908948
v 0.000000 42.629627 -3.985529
v 1.525197 42.629627 -3.682148
v 2.214241 42.629627 -3.313846
v 2.818195 42.629627 -2.818195
v 3.313846 42.629627 -2.214241
v 3.682148 42.629627 -1.525196
v 3.908948 42.629627 -0.777538
v 3.985529 42.629627 0.000000
v 3.908948 42.629627 0.777538
v 3.682148 42.629627 1.525196
v 3.313846 42.629627 2.214241
v 2.818195 42.629627 2.818195
v 2.214241 42.629627 3.313846
v 1.525197 42.629627 3.682148
v 0.777538 42.629627 3.908948
v 0.000000 42.629627 3.985529
v -0.777538 42.629627 3.908948
v -1.525195 42.629627 3.682148
v -2.214241 42.629627 3.313846
v -2.818195 42.629627 2.818195
v -3.313846 42.629627 2.214241
v -3.682148 42.629627 1.525196
v -3.908948 42.629627 0.777538
v -3.985528 42.629627 0.000000
v -3.908948 42.629627 -0.777538
v -3.682148 42.629627 -1.525196
v -3.313846 42.629627 -2.214241
v -2.818195 42.629627 -2.818195
v -2.214241 42.629627 -3.313846
v -1.525195 42.629627 -3.682148
v -0.777538 42.629627 -3.908948
v 0.777537 45.523151 -3.908948
v -0.000001 45.523151 -3.985529
v 1.525195 45.523151 -3.682148
v 2.214240 45.523151 -3.313846
v 2.818194 45.523151 -2.818195
v 3.313845 45.523151 -2.214241
v 3.682147 45.523151 -1.525196
v 3.908947 45.523151 -0.777538
v 3.985528 45.523151 0.000000
v 3.908947 45.523151 0.777538
v 3.682147 45.523151 1.525196
v 3.313845 45.523151 2.214241
v 2.818194 45.523151 2.818195
v 2.214240 45.523151 3.313846
v 1.525195 45.523151 3.682148
v 0.777537 45.523151 3.908948
v -0.000001 45.523151 3.985529
v -0.777539 45.523151 3.908948
v -1.525197 45.523151 3.682148
v -2.214242 45.523151 3.313846
v -2.818196 45.523151 2.818195
v -3.313847 45.523151 2.214241
v -3.682149 45.523151 1.525196
v -3.908949 45.523151 0.777538
v -3.985529 45.523151 0.000000
v -3.908949 45.523151 -0.777538
v -3.682149 45.523151 -1.525196
v -3.313847 45.523151 -2.214241
v -2.818196 45.523151 -2.818195
v -2.214242 45.523151 -3.313846
v -1.525197 45.523151 -3.682148
v -0.777539 45.523151 -3.908948
v 0.848596 45.565479 -4.266185
v -0.000001 45.565479 -4.349764
v 1.664582 45.565479 -4.018658
v 2.416598 45.565479 -3.616696
v 3.075747 45.565479 -3.075748
v 3.616696 45.565479 -2.416600
v 4.018656 45.565479 -1.664583
v 4.266184 45.565479 -0.848597
v 4.349763 45.565479 0.000000
v 4.266184 45.565479 0.848597
v 4.018656 45.565479 1.664583
v 3.616696 45.565479 2.416600
v 3.075747 45.565479 3.075748
v 2.416598 45.565479 3.616696
v 1.664582 45.565479 4.018658
v 0.848596 45.565479 4.266185
v -0.000001 45.565479 4.349764
v -0.848598 45.565479 4.266185
v -1.664583 45.565479 4.018658
v -2.416601 45.565479 3.616696
v -3.075749 45.565479 3.075748
v -3.616697 45.565479 2.416600
v -4.018659 45.565479 1.664583
v -4.266185 45.565479 0.848597
v -4.349765 45.565479 0.000000
v -4.266185 45.565479 -0.848597
v -4.018659 45.565479 -1.664583
v -3.616697 45.565479 -2.416600
v -3.075749 45.565479 -3.075748
v -2.416601 45.565479 -3.616696
v -1.664583 45.565479 -4.018658
v -0.848598 45.565479 -4.266185
v 0.848596 45.660713 -4.266185
v -0.000001 45.660713 -4.349764
v 1.664582 45.660713 -4.018658
v 2.416598 45.660713 -3.616696
v 3.075747 45.660713 -3.075748
v 3.616696 45.660713 -2.416600
v 4.018656 45.660713 -1.664583
v 4.266184 45.660713 -0.848597
v 4.349763 45.660713 0.000000
v 4.266184 45.660713 0.848597
v 4.018656 45.660713 1.664583
v 3.616696 45.660713 2.416600
v 3.075747 45.660713 3.075748
v 2.416598 45.660713 3.616696
v 1.664582 45.660713 4.018658
v 0.848596 45.660713 4.266185
v -0.000001 45.660713 4.349764
v -0.848598 45.660713 4.266185
v -1.664583 45.660713 4.018658
v -2.416601 45.660713 3.616696
v -3.075749 45.660713 3.075748
v -3.616697 45.660713 2.416600
v -4.018659 45.660713 1.664583
v -4.266185 45.660713 0.848597
v -4.349765 45.660713 0.000000
v -4.266185 45.660713 -0.848597
v -4.018659 45.660713 -1.664583
v -3.616697 45.660713 -2.416600
v -3.075749 45.660713 -3.075748
v -2.416601 45.660713 -3.616696
v -1.664583 45.660713 -4.018658
v -0.848598 45.660713 -4.266185
v -0.000000 36.407768 -6.009672
v 1.172429 36.407768 -5.894197
v 2.299802 36.407768 -5.552212
v 3.338795 36.407768 -4.996859
v 4.249479 36.407768 -4.249479
v 4.996859 36.407768 -3.338795
v 5.552212 36.407768 -2.299802
v 5.894197 36.407768 -1.172429
v 6.009672 36.407768 0.000000
v 5.894197 36.407768 1.172429
v 5.552212 36.407768 2.299802
v 4.996859 36.407768 3.338795
v 4.249479 36.407768 4.249479
v 3.338795 36.407768 4.996859
v 2.299802 36.407768 5.552212
v 1.172429 36.407768 5.894197
v -0.000000 36.407768 6.009672
v -1.172429 36.407768 5.894197
v -2.299802 36.407768 5.552212
v -3.338795 36.407768 4.996859
v -4.249479 36.407768 4.249479
v -4.996859 36.407768 3.338795
v -5.552212 36.407768 2.299802
v -5.894197 36.407768 1.172429
v -6.009672 36.407768 0.000000
v -5.894197 36.407768 -1.172429
v -5.552212 36.407768 -2.299802
v -4.996859 36.407768 -3.338795
v -4.249479 36.407768 -4.249479
v -3.338795 36.407768 -4.996859
v -2.299802 36.407768 -5.552212
v -1.172429 36.407768 -5.894197
v -0.000000 36.350182 -6.009672
v 1.172429 36.350182 -5.894197
v 2.299802 36.350182 -5.552212
v 3.338795 36.350182 -4.996859
v 4.249479 36.350182 -4.249479
v 4.996859 36.350182 -3.338795
v 5.552212 36.350182 -2.299802
v 5.894197 36.350182 -1.172429
v 6.009672 36.350182 0.000000
v 5.894197 36.350182 1.172429
v 5.552212 36.350182 2.299802
v 4.996859 36.350182 3.338795
v 4.249479 36.350182 4.249479
v 3.338795 36.350182 4.996859
v 2.299802 36.350182 5.552212
v 1.172429 36.350182 5.894197
v -0.000000 36.350182 6.009672
v -1.172429 36.350182 5.894197
v -2.299802 36.350182 5.552212
v -3.338795 36.350182 4.996859
v -4.249479 36.350182 4.249479
v -4.996859 36.350182 3.338795
v -5.552212 36.350182 2.299802
v -5.894197 36.350182 1.172429
v -6.009672 36.350182 0.000000
v -5.894197 36.350182 -1.172429
v -5.552212 36.350182 -2.299802
v -4.996859 36.350182 -3.338795
v -4.249479 36.350182 -4.249479
v -3.338795 36.350182 -4.996859
v -2.299802 36.350182 -5.552212
v -1.172429 36.350182 -5.894197
v -0.000000 36.292595 -5.883580
v 1.147830 36.292595 -5.770529
v 2.251549 36.292595 -5.435719
v 3.268742 36.292595 -4.892018
v 4.160319 36.292595 -4.160319
v 4.892018 36.292595 -3.268742
v 5.435719 36.292595 -2.251549
v 5.770529 36.292595 -1.147830
v 5.883580 36.292595 0.000000
v 5.770529 36.292595 1.147830
v 5.435719 36.292595 2.251549
v 4.892018 36.292595 3.268742
v 4.160319 36.292595 4.160319
v 3.268742 36.292595 4.892018
v 2.251549 36.292595 5.435719
v 1.147830 36.292595 5.770529
v -0.000000 36.292595 5.883580
v -1.147830 36.292595 5.770529
v -2.251549 36.292595 5.435719
v -3.268742 36.292595 4.892018
v -4.160319 36.292595 4.160319
v -4.892018 36.292595 3.268742
v -5.435719 36.292595 2.251549
v -5.770529 36.292595 1.147830
v -5.883580 36.292595 0.000000
v -5.770529 36.292595 -1.147830
v -5.435719 36.292595 -2.251549
v -4.892018 36.292595 -3.268742
v -4.160319 36.292595 -4.160319
v -3.268742 36.292595 -4.892018
v -2.251549 36.292595 -5.435719
v -1.147830 36.292595 -5.770529
v 0.000000 28.912142 -6.066493
v 1.183514 28.912142 -5.949927
v 2.321547 28.912142 -5.604709
v 3.370363 28.912142 -5.044105
v 4.289658 28.912142 -4.289658
v 5.044105 28.912142 -3.370363
v 5.604709 28.912142 -2.321547
v 5.949927 28.912142 -1.183514
v 6.066493 28.912142 0.000000
v 5.949927 28.912142 1.183514
v 5.604709 28.912142 2.321547
v 5.044105 28.912142 3.370363
v 4.289658 28.912142 4.289658
v 3.370363 28.912142 5.044105
v 2.321547 28.912142 5.604709
v 1.183514 28.912142 5.949927
v 0.000000 28.912142 6.066493
v -1.183514 28.912142 5.949927
v -2.321546 28.912142 5.604709
v -3.370363 28.912142 5.044105
v -4.289658 28.912142 4.289658
v -5.044105 28.912142 3.370363
v -5.604709 28.912142 2.321547
v -5.949927 28.912142 1.183514
v -6.066493 28.912142 0.000000
v -5.949927 28.912142 -1.183514
v -5.604709 28.912142 -2.321547
v -5.044105 28.912142 -3.370363
v -4.289658 28.912142 -4.289658
v -3.370363 28.912142 -5.044105
v -2.321546 28.912142 -5.604709
v -1.183514 28.912142 -5.949927
v 0.000000 28.866074 -6.201283
v 1.209810 28.866074 -6.082127
v 2.373129 28.866074 -5.729238
v 3.445248 28.866074 -5.156178
v 4.384969 28.866074 -4.384969
v 5.156178 28.866074 -3.445248
v 5.729238 28.866074 -2.373128
v 6.082127 28.866074 -1.209810
v 6.201283 28.866074 0.000000
v 6.082127 28.866074 1.209810
v 5.729238 28.866074 2.373128
v 5.156178 28.866074 3.445248
v 4.384969 28.866074 4.384969
v 3.445248 28.866074 5.156178
v 2.373129 28.866074 5.729238
v 1.209810 28.866074 6.082127
v 0.000000 28.866074 6.201283
v -1.209810 28.866074 6.082127
v -2.373128 28.866074 5.729238
v -3.445248 28.866074 5.156178
v -4.384969 28.866074 4.384969
v -5.156178 28.866074 3.445248
v -5.729238 28.866074 2.373128
v -6.082127 28.866074 1.209810
v -6.201283 28.866074 0.000000
v -6.082127 28.866074 -1.209810
v -5.729238 28.866074 -2.373128
v -5.156178 28.866074 -3.445248
v -4.384969 28.866074 -4.384969
v -3.445248 28.866074 -5.156178
v -2.373128 28.866074 -5.729238
v -1.209810 28.866074 -6.082127
v 0.000000 28.727863 -6.201283
v 1.209810 28.727863 -6.082127
v 2.373129 28.727863 -5.729238
v 3.445248 28.727863 -5.156178
v 4.384969 28.727863 -4.384969
v 5.156178 28.727863 -3.445248
v 5.729238 28.727863 -2.373128
v 6.082127 28.727863 -1.209810
v 6.201283 28.727863 0.000000
v 6.082127 28.727863 1.209810
v 5.729238 28.727863 2.373128
v 5.156178 28.727863 3.445248
v 4.384969 28.727863 4.384969
v 3.445248 28.727863 5.156178
v 2.373129 28.727863 5.729238
v 1.209810 28.727863 6.082127
v 0.000000 28.727863 6.201283
v -1.209810 28.727863 6.082127
v -2.373128 28.727863 5.729238
v -3.445248 28.727863 5.156178
v -4.384969 28.727863 4.384969
v -5.156178 28.727863 3.445248
v -5.729238 28.727863 2.373128
v -6.082127 28.727863 1.209810
v -6.201283 28.727863 0.000000
v -6.082127 28.727863 -1.209810
v -5.729238 28.727863 -2.373128
v -5.156178 28.727863 -3.445248
v -4.384969 28.727863 -4.384969
v -3.445248 28.727863 -5.156178
v -2.373128 28.727863 -5.729238
v -1.209810 28.727863 -6.082127
v 0.000000 28.658756 -6.103789
v 1.190790 28.658756 -5.986507
v 2.335819 28.658756 -5.639166
v 3.391084 28.658756 -5.075115
v 4.316031 28.658756 -4.316031
v 5.075115 28.658756 -3.391084
v 5.639166 28.658756 -2.335819
v 5.986507 28.658756 -1.190790
v 6.103789 28.658756 0.000000
v 5.986507 28.658756 1.190790
v 5.639166 28.658756 2.335819
v 5.075115 28.658756 3.391084
v 4.316031 28.658756 4.316031
v 3.391084 28.658756 5.075115
v 2.335819 28.658756 5.639166
v 1.190790 28.658756 5.986507
v 0.000000 28.658756 6.103789
v -1.190790 28.658756 5.986507
v -2.335819 28.658756 5.639166
v -3.391084 28.658756 5.075115
v -4.316031 28.658756 4.316031
v -5.075115 28.658756 3.391084
v -5.639166 28.658756 2.335819
v -5.986507 28.658756 1.190790
v -6.103789 28.658756 0.000000
v -5.986507 28.658756 -1.190790
v -5.639166 28.658756 -2.335819
v -5.075115 28.658756 -3.391084
v -4.316031 28.658756 -4.316031
v -3.391084 28.658756 -5.075115
v -2.335819 28.658756 -5.639166
v -1.190790 28.658756 -5.986507
v 0.000000 19.917648 -6.297965
v 1.228673 19.917648 -6.176952
v 2.410128 19.917648 -5.818561
v 3.498962 19.917648 -5.236566
v 4.453334 19.917648 -4.453333
v 5.236567 19.917648 -3.498962
v 5.818561 19.917648 -2.410127
v 6.176952 19.917648 -1.228672
v 6.297966 19.917648 0.000000
v 6.176952 19.917648 1.228672
v 5.818561 19.917648 2.410127
v 5.236567 19.917648 3.498962
v 4.453334 19.917648 4.453333
v 3.498962 19.917648 5.236566
v 2.410128 19.917648 5.818561
v 1.228673 19.917648 6.176952
v 0.000000 19.917648 6.297965
v -1.228672 19.917648 6.176952
v -2.410126 19.917648 5.818561
v -3.498961 19.917648 5.236566
v -4.453333 19.917648 4.453333
v -5.236566 19.917648 3.498962
v -5.818560 19.917648 2.410127
v -6.176951 19.917648 1.228672
v -6.297965 19.917648 0.000000
v -6.176951 19.917648 -1.228672
v -5.818560 19.917648 -2.410127
v -5.236566 19.917648 -3.498962
v -4.453333 19.917648 -4.453333
v -3.498961 19.917648 -5.236566
v -2.410126 19.917648 -5.818561
v -1.228672 19.917648 -6.176952
v 0.000000 19.807079 -6.449286
v 1.258194 19.807079 -6.325365
v 2.468035 19.807079 -5.958363
v 3.583031 19.807079 -5.362384
v 4.560333 19.807079 -4.560333
v 5.362385 19.807079 -3.583031
v 5.958363 19.807079 -2.468035
v 6.325365 19.807079 -1.258193
v 6.449286 19.807079 0.000000
v 6.325365 19.807079 1.258193
v 5.958363 19.807079 2.468035
v 5.362385 19.807079 3.583031
v 4.560333 19.807079 4.560333
v 3.583031 19.807079 5.362384
v 2.468035 19.807079 5.958363
v 1.258194 19.807079 6.325365
v 0.000000 19.807079 6.449286
v -1.258193 19.807079 6.325365
v -2.468034 19.807079 5.958363
v -3.583030 19.807079 5.362384
v -4.560332 19.807079 4.560333
v -5.362384 19.807079 3.583031
v -5.958362 19.807079 2.468035
v -6.325364 19.807079 1.258193
v -6.449285 19.807079 0.000000
v -6.325364 19.807079 -1.258193
v -5.958362 19.807079 -2.468035
v -5.362384 19.807079 -3.583031
v -4.560332 19.807079 -4.560333
v -3.583030 19.807079 -5.362384
v -2.468034 19.807079 -5.958363
v -1.258193 19.807079 -6.325365
v 0.000000 19.663111 -6.449286
v 1.258194 19.663111 -6.325365
v 2.468035 19.663111 -5.958363
v 3.583031 19.663111 -5.362384
v 4.560333 19.663111 -4.560333
v 5.362385 19.663111 -3.583031
v 5.958363 19.663111 -2.468035
v 6.325365 19.663111 -1.258193
v 6.449286 19.663111 0.000000
v 6.325365 19.663111 1.258193
v 5.958363 19.663111 2.468035
v 5.362385 19.663111 3.583031
v 4.560333 19.663111 4.560333
v 3.583031 19.663111 5.362384
v 2.468035 19.663111 5.958363
v 1.258194 19.663111 6.325365
v 0.000000 19.663111 6.449286
v -1.258193 19.663111 6.325365
v -2.468034 19.663111 5.958363
v -3.583030 19.663111 5.362384
v -4.560332 19.663111 4.560333
v -5.362384 19.663111 3.583031
v -5.958362 19.663111 2.468035
v -6.325364 19.663111 1.258193
v -6.449285 19.663111 0.000000
v -6.325364 19.663111 -1.258193
v -5.958362 19.663111 -2.468035
v -5.362384 19.663111 -3.583031
v -4.560332 19.663111 -4.560333
v -3.583030 19.663111 -5.362384
v -2.468034 19.663111 -5.958363
v -1.258193 19.663111 -6.325365
v 0.000000 19.567131 -6.319871
v 1.232946 19.567131 -6.198437
v 2.418511 19.567131 -5.838799
v 3.511132 19.567131 -5.254780
v 4.468823 19.567131 -4.468822
v 5.254781 19.567131 -3.511132
v 5.838799 19.567131 -2.418510
v 6.198437 19.567131 -1.232946
v 6.319871 19.567131 0.000000
v 6.198437 19.567131 1.232946
v 5.838799 19.567131 2.418510
v 5.254781 19.567131 3.511132
v 4.468823 19.567131 4.468822
v 3.511132 19.567131 5.254780
v 2.418511 19.567131 5.838799
v 1.232946 19.567131 6.198437
v 0.000000 19.567131 6.319871
v -1.232945 19.567131 6.198437
v -2.418509 19.567131 5.838799
v -3.511132 19.567131 5.254780
v -4.468822 19.567131 4.468822
v -5.254780 19.567131 3.511132
v -5.838799 19.567131 2.418510
v -6.198437 19.567131 1.232946
v -6.319870 19.567131 0.000000
v -6.198437 19.567131 -1.232946
v -5.838799 19.567131 -2.418510
v -5.254780 19.567131 -3.511132
v -4.468822 19.567131 -4.468822
v -3.511132 19.567131 -5.254780
v -2.418509 19.567131 -5.838799
v -1.232945 19.567131 -6.198437
v 0.000000 10.969320 -6.490541
v 1.266242 10.969320 -6.365828
v 2.483823 10.969320 -5.996478
v 3.605952 10.969320 -5.396688
v 4.589506 10.969320 -4.589505
v 5.396688 10.969320 -3.605951
v 5.996478 10.969320 -2.483823
v 6.365828 10.969320 -1.266242
v 6.490541 10.969320 0.000000
v 6.365828 10.969320 1.266242
v 5.996478 10.969320 2.483823
v 5.396688 10.969320 3.605951
v 4.589506 10.969320 4.589505
v 3.605952 10.969320 5.396688
v 2.483823 10.969320 5.996478
v 1.266242 10.969320 6.365828
v 0.000000 10.969320 6.490541
v -1.266242 10.969320 6.365828
v -2.483822 10.969320 5.996478
v -3.605951 10.969320 5.396688
v -4.589505 10.969320 4.589505
v -5.396687 10.969320 3.605951
v -5.996477 10.969320 2.483823
v -6.365827 10.969320 1.266242
v -6.490541 10.969320 0.000000
v -6.365827 10.969320 -1.266242
v -5.996477 10.969320 -2.483823
v -5.396687 10.969320 -3.605951
v -4.589505 10.969320 -4.589505
v -3.605951 10.969320 -5.396688
v -2.483822 10.969320 -5.996478
v -1.266242 10.969320 -6.365828
v 0.000000 10.914036 -6.633159
v 1.294066 10.914036 -6.505706
v 2.538401 10.914036 -6.128240
v 3.685186 10.914036 -5.515270
v 4.690352 10.914036 -4.690351
v 5.515271 10.914036 -3.685186
v 6.128241 10.914036 -2.538400
v 6.505706 10.914036 -1.294065
v 6.633160 10.914036 0.000000
v 6.505706 10.914036 1.294065
v 6.128241 10.914036 2.538400
v 5.515271 10.914036 3.685186
v 4.690352 10.914036 4.690351
v 3.685186 10.914036 5.515270
v 2.538401 10.914036 6.128240
v 1.294066 10.914036 6.505706
v 0.000000 10.914036 6.633159
v -1.294065 10.914036 6.505706
v -2.538400 10.914036 6.128240
v -3.685185 10.914036 5.515270
v -4.690351 10.914036 4.690351
v -5.515270 10.914036 3.685186
v -6.128240 10.914036 2.538400
v -6.505705 10.914036 1.294065
v -6.633159 10.914036 0.000000
v -6.505705 10.914036 -1.294065
v -6.128240 10.914036 -2.538400
v -5.515270 10.914036 -3.685186
v -4.690351 10.914036 -4.690351
v -3.685185 10.914036 -5.515270
v -2.538400 10.914036 -6.128240
v -1.294065 10.914036 -6.505706
v 0.000000 10.748182 -6.633159
v 1.294066 10.748182 -6.505706
v 2.538401 10.748182 -6.128240
v 3.685186 10.748182 -5.515270
v 4.690352 10.748182 -4.690351
v 5.515271 10.748182 -3.685186
v 6.128241 10.748182 -2.538400
v 6.505706 10.748182 -1.294065
v 6.633160 10.748182 0.000000
v 6.505706 10.748182 1.294065
v 6.128241 10.748182 2.538400
v 5.515271 10.748182 3.685186
v 4.690352 10.748182 4.690351
v 3.685186 10.748182 5.515270
v 2.538401 10.748182 6.128240
v 1.294066 10.748182 6.505706
v 0.000000 10.748182 6.633159
v -1.294065 10.748182 6.505706
v -2.538400 10.748182 6.128240
v -3.685185 10.748182 5.515270
v -4.690351 10.748182 4.690351
v -5.515270 10.748182 3.685186
v -6.128240 10.748182 2.538400
v -6.505705 10.748182 1.294065
v -6.633159 10.748182 0.000000
v -6.505705 10.748182 -1.294065
v -6.128240 10.748182 -2.538400
v -5.515270 10.748182 -3.685186
v -4.690351 10.748182 -4.690351
v -3.685185 10.748182 -5.515270
v -2.538400 10.748182 -6.128240
v -1.294065 10.748182 -6.505706
v 0.000000 10.720540 -6.450819
v 1.258493 10.720540 -6.326868
v 2.468622 10.720540 -5.959779
v 3.583883 10.720540 -5.363659
v 4.561417 10.720540 -4.561417
v 5.363659 10.720540 -3.583883
v 5.959779 10.720540 -2.468621
v 6.326869 10.720540 -1.258492
v 6.450819 10.720540 0.000000
v 6.326869 10.720540 1.258492
v 5.959779 10.720540 2.468621
v 5.363659 10.720540 3.583883
v 4.561417 10.720540 4.561417
v 3.583883 10.720540 5.363659
v 2.468622 10.720540 5.959779
v 1.258493 10.720540 6.326868
v 0.000000 10.720540 6.450819
v -1.258492 10.720540 6.326868
v -2.468621 10.720540 5.959779
v -3.583883 10.720540 5.363659
v -4.561416 10.720540 4.561417
v -5.363659 10.720540 3.583883
v -5.959778 10.720540 2.468621
v -6.326868 10.720540 1.258492
v -6.450818 10.720540 0.000000
v -6.326868 10.720540 -1.258492
v -5.959778 10.720540 -2.468621
v -5.363659 10.720540 -3.583883
v -4.561416 10.720540 -4.561417
v -3.583883 10.720540 -5.363659
v -2.468621 10.720540 -5.959779
v -1.258492 10.720540 -6.326868
v 0.000001 0.050673 -6.922444
v 1.350503 0.050673 -6.789432
v 2.649107 0.050673 -6.395504
v 3.845905 0.050673 -5.755802
v 4.894908 0.050673 -4.894907
v 5.755803 0.050673 -3.845904
v 6.395505 0.050673 -2.649105
v 6.789433 0.050673 -1.350502
v 6.922445 0.050673 0.000000
v 6.789433 0.050673 1.350502
v 6.395505 0.050673 2.649105
v 5.755803 0.050673 3.845904
v 4.894908 0.050673 4.894907
v 3.845905 0.050673 5.755802
v 2.649107 0.050673 6.395504
v 1.350503 0.050673 6.789432
v 0.000001 0.050673 6.922444
v -1.350501 0.050673 6.789432
v -2.649103 0.050673 6.395504
v -3.845903 0.050673 5.755802
v -4.894905 0.050673 4.894907
v -5.755800 0.050673 3.845904
v -6.395503 0.050673 2.649105
v -6.789430 0.050673 1.350502
v -6.922443 0.050673 0.000000
v -6.789430 0.050673 -1.350502
v -6.395503 0.050673 -2.649105
v -5.755800 0.050673 -3.845904
v -4.894905 0.050673 -4.894907
v -3.845903 0.050673 -5.755802
v -2.649103 0.050673 -6.395504
v -1.350501 0.050673 -6.789432
v -6.660196 42.462830 -2.828139
v -6.660196 47.100483 -2.828139
v -6.494691 42.462830 -2.732585
v -6.494691 47.100483 -2.732585
v -6.494691 42.462830 -2.541477
v -6.494691 47.100483 -2.541477
v -6.660196 42.462830 -2.445923
v -6.660196 47.100483 -2.445923
v -6.825700 42.462830 -2.541477
v -6.825700 47.100483 -2.541477
v -6.825700 42.462830 -2.732585
v -6.825700 47.100483 -2.732585
v 0.007081 42.462830 6.791315
v 0.007081 47.100483 6.791315
v 0.172585 42.462830 6.886868
v 0.172585 47.100483 6.886868
v 0.172585 42.462830 7.077977
v 0.172585 47.100483 7.077977
v 0.007081 42.462830 7.173531
v 0.007081 47.100483 7.173531
v -0.158423 42.462830 7.077977
v -0.158423 47.100483 7.077977
v -0.158423 42.462830 6.886868
v -0.158423 47.100483 6.886868
v -4.935328 42.462830 4.933766
v -4.935328 47.100483 4.933766
v -4.769824 42.462830 5.029319
v -4.769824 47.100483 5.029319
v -4.769824 42.462830 5.220428
v -4.769824 47.100483 5.220428
v -4.935328 42.462830 5.315981
v -4.935328 47.100483 5.315981
v -5.100833 42.462830 5.220428
v -5.100833 47.100483 5.220428
v -5.100833 42.462830 5.029319
v -5.100833 47.100483 5.029319
v -6.726537 42.462830 2.313293
v -6.726537 47.100483 2.313293
v -6.561033 42.462830 2.408847
v -6.561033 47.100483 2.408847
v -6.561033 42.462830 2.599955
v -6.561033 47.100483 2.599955
v -6.726537 42.462830 2.695509
v -6.726537 47.100483 2.695509
v -6.892042 42.462830 2.599955
v -6.892042 47.100483 2.599955
v -6.892042 42.462830 2.408847
v -6.892042 47.100483 2.408847
v -7.157753 42.462830 -0.174497
v -7.157753 47.100483 -0.174497
v -6.992249 42.462830 -0.078943
v -6.992249 47.100483 -0.078943
v -6.992249 42.462830 0.112165
v -6.992249 47.100483 0.112165
v -7.157753 42.462830 0.207719
v -7.157753 47.100483 0.207719
v -7.323258 42.462830 0.112165
v -7.323258 47.100483 0.112165
v -7.323258 42.462830 -0.078943
v -7.323258 47.100483 -0.078943
v -5.200692 42.462830 -5.282758
v -5.200692 47.100483 -5.282758
v -5.035188 42.462830 -5.187204
v -5.035188 47.100483 -5.187204
v -5.035188 42.462830 -4.996096
v -5.035188 47.100483 -4.996096
v -5.200692 42.462830 -4.900542
v -5.200692 47.100483 -4.900542
v -5.366197 42.462830 -4.996096
v -5.366197 47.100483 -4.996096
v -5.366197 42.462830 -5.187204
v -5.366197 47.100483 -5.187204
v 0.007081 42.462830 -7.140309
v 0.007081 47.100483 -7.140309
v 0.172585 42.462830 -7.044755
v 0.172585 47.100483 -7.044755
v 0.172585 42.462830 -6.853646
v 0.172585 47.100483 -6.853646
v 0.007081 42.462830 -6.758092
v 0.007081 47.100483 -6.758092
v -0.158423 42.462830 -6.853646
v -0.158423 47.100483 -6.853646
v -0.158423 42.462830 -7.044755
v -0.158423 47.100483 -7.044755
v -2.911926 42.462830 6.260586
v -2.911926 47.100483 6.260586
v -2.746421 42.462830 6.356141
v -2.746421 47.100483 6.356141
v -2.746421 42.462830 6.547248
v -2.746421 47.100483 6.547248
v -2.911926 42.462830 6.642802
v -2.911926 47.100483 6.642802
v -3.077430 42.462830 6.547248
v -3.077430 47.100483 6.547248
v -3.077430 42.462830 6.356141
v -3.077430 47.100483 6.356141
v -2.746073 42.462830 -6.709090
v -2.746073 47.100483 -6.709090
v -2.580569 42.462830 -6.613537
v -2.580569 47.100483 -6.613537
v -2.580569 42.462830 -6.422429
v -2.580569 47.100483 -6.422429
v -2.746073 42.462830 -6.326875
v -2.746073 47.100483 -6.326875
v -2.911578 42.462830 -6.422429
v -2.911578 47.100483 -6.422429
v -2.911578 42.462830 -6.613537
v -2.911578 47.100483 -6.613537
v 2.646507 47.100483 -6.709090
v 2.646508 42.462830 -6.709090
v 2.481002 47.100483 -6.613537
v 2.481004 42.462830 -6.613537
v 2.481002 47.100483 -6.422429
v 2.481004 42.462830 -6.422429
v 2.646507 47.100483 -6.326875
v 2.646508 42.462830 -6.326875
v 2.812011 47.100483 -6.422429
v 2.812012 42.462830 -6.422429
v 2.812011 47.100483 -6.613537
v 2.812012 42.462830 -6.613537
v 2.812359 47.100483 6.260586
v 2.812361 42.462830 6.260586
v 2.646855 47.100483 6.356141
v 2.646857 42.462830 6.356141
v 2.646855 47.100483 6.547248
v 2.646857 42.462830 6.547248
v 2.812359 47.100483 6.642802
v 2.812361 42.462830 6.642802
v 2.977864 47.100483 6.547248
v 2.977865 42.462830 6.547248
v 2.977864 47.100483 6.356141
v 2.977865 42.462830 6.356141
v 5.101125 47.100483 -5.282758
v 5.101126 42.462830 -5.282758
v 4.935621 47.100483 -5.187204
v 4.935622 42.462830 -5.187204
v 4.935621 47.100483 -4.996096
v 4.935622 42.462830 -4.996096
v 5.101125 47.100483 -4.900542
v 5.101126 42.462830 -4.900542
v 5.266628 47.100483 -4.996096
v 5.266630 42.462830 -4.996096
v 5.266628 47.100483 -5.187204
v 5.266630 42.462830 -5.187204
v 6.560629 47.100483 -2.828139
v 6.560632 42.462830 -2.828139
v 6.395126 47.100483 -2.732585
v 6.395127 42.462830 -2.732585
v 6.395126 47.100483 -2.541477
v 6.395127 42.462830 -2.541477
v 6.560629 47.100483 -2.445923
v 6.560632 42.462830 -2.445923
v 6.726134 47.100483 -2.541477
v 6.726135 42.462830 -2.541477
v 6.726134 47.100483 -2.732585
v 6.726135 42.462830 -2.732585
v 7.058185 47.100483 -0.174497
v 7.058187 42.462830 -0.174497
v 6.892681 47.100483 -0.078943
v 6.892683 42.462830 -0.078943
v 6.892681 47.100483 0.112165
v 6.892683 42.462830 0.112165
v 7.058185 47.100483 0.207719
v 7.058187 42.462830 0.207719
v 7.223690 47.100483 0.112165
v 7.223691 42.462830 0.112165
v 7.223690 47.100483 -0.078943
v 7.223691 42.462830 -0.078943
v 6.626970 47.100483 2.313293
v 6.626973 42.462830 2.313293
v 6.461466 47.100483 2.408847
v 6.461468 42.462830 2.408847
v 6.461466 47.100483 2.599955
v 6.461468 42.462830 2.599955
v 6.626970 47.100483 2.695509
v 6.626973 42.462830 2.695509
v 6.792475 47.100483 2.599955
v 6.792476 42.462830 2.599955
v 6.792475 47.100483 2.408847
v 6.792476 42.462830 2.408847
v 4.835762 47.100483 4.933766
v 4.835763 42.462830 4.933766
v 4.670258 47.100483 5.029319
v 4.670259 42.462830 5.029319
v 4.670258 47.100483 5.220428
v 4.670259 42.462830 5.220428
v 4.835762 47.100483 5.315981
v 4.835763 42.462830 5.315981
v 5.001266 47.100483 5.220428
v 5.001267 42.462830 5.220428
v 5.001266 47.100483 5.029319
v 5.001267 42.462830 5.029319
v 0.000000 46.989067 -7.291075
v 0.000000 47.273113 -7.291075
v 0.714651 46.989067 -7.255966
v 0.714651 47.273113 -7.255966
v 1.422419 46.989067 -7.150979
v 1.422419 47.273113 -7.150979
v 2.116487 46.989067 -6.977124
v 2.116487 47.273113 -6.977124
v 2.790174 46.989067 -6.736074
v 2.790174 47.273113 -6.736074
v 3.436990 46.989067 -6.430153
v 3.436990 47.273113 -6.430153
v 4.050705 46.989067 -6.062307
v 4.050705 47.273113 -6.062307
v 4.625410 46.989067 -5.636077
v 4.625410 47.273113 -5.636077
v 5.155570 46.989067 -5.155568
v 5.155570 47.273113 -5.155568
v 5.636078 46.989067 -4.625409
v 5.636078 47.273113 -4.625409
v 6.062308 46.989067 -4.050704
v 6.062308 47.273113 -4.050704
v 6.430153 46.989067 -3.436989
v 6.430153 47.273113 -3.436989
v 6.736076 46.989067 -2.790174
v 6.736076 47.273113 -2.790174
v 6.977125 46.989067 -2.116487
v 6.977125 47.273113 -2.116487
v 7.150980 46.989067 -1.422418
v 7.150980 47.273113 -1.422418
v 7.255968 46.989067 -0.714650
v 7.255968 47.273113 -0.714650
v 7.291076 46.989067 0.000000
v 7.291076 47.273113 0.000000
v 7.255968 46.989067 0.714651
v 7.255968 47.273113 0.714651
v 7.150980 46.989067 1.422418
v 7.150980 47.273113 1.422418
v 6.977125 46.989067 2.116488
v 6.977125 47.273113 2.116488
v 6.736076 46.989067 2.790174
v 6.736076 47.273113 2.790174
v 6.430153 46.989067 3.436989
v 6.430153 47.273113 3.436989
v 6.062308 46.989067 4.050704
v 6.062308 47.273113 4.050704
v 5.636078 46.989067 4.625410
v 5.636078 47.273113 4.625410
v 5.155570 46.989067 5.155570
v 5.155570 47.273113 5.155570
v 4.625410 46.989067 5.636078
v 4.625410 47.273113 5.636078
v 4.050705 46.989067 6.062307
v 4.050705 47.273113 6.062307
v 3.436990 46.989067 6.430155
v 3.436990 47.273113 6.430155
v 2.790174 46.989067 6.736075
v 2.790174 47.273113 6.736075
v 2.116487 46.989067 6.977125
v 2.116487 47.273113 6.977125
v 1.422419 46.989067 7.150979
v 1.422419 47.273113 7.150979
v 0.714651 46.989067 7.255967
v 0.714651 47.273113 7.255967
v 0.000000 46.989067 7.291076
v 0.000000 47.273113 7.291076
v -0.714650 46.989067 7.255967
v -0.714650 47.273113 7.255967
v -1.422418 46.989067 7.150979
v -1.422418 47.273113 7.150979
v -2.116487 46.989067 6.977125
v -2.116487 47.273113 6.977125
v -2.790173 46.989067 6.736075
v -2.790173 47.273113 6.736075
v -3.436989 46.989067 6.430155
v -3.436989 47.273113 6.430155
v -4.050704 46.989067 6.062307
v -4.050704 47.273113 6.062307
v -4.625409 46.989067 5.636078
v -4.625409 47.273113 5.636078
v -5.155568 46.989067 5.155570
v -5.155568 47.273113 5.155570
v -5.636077 46.989067 4.625410
v -5.636077 47.273113 4.625410
v -6.062307 46.989067 4.050704
v -6.062307 47.273113 4.050704
v -6.430153 46.989067 3.436989
v -6.430153 47.273113 3.436989
v -6.736074 46.989067 2.790174
v -6.736074 47.273113 2.790174
v -6.977124 46.989067 2.116488
v -6.977124 47.273113 2.116488
v -7.150979 46.989067 1.422418
v -7.150979 47.273113 1.422418
v -7.255966 46.989067 0.714651
v -7.255966 47.273113 0.714651
v -7.291075 46.989067 0.000000
v -7.291075 47.273113 0.000000
v -7.255966 46.989067 -0.714650
v -7.255966 47.273113 -0.714650
v -7.150979 46.989067 -1.422418
v -7.150979 47.273113 -1.422418
v -6.977124 46.989067 -2.116487
v -6.977124 47.273113 -2.116487
v -6.736074 46.989067 -2.790174
v -6.736074 47.273113 -2.790174
v -6.430153 46.989067 -3.436989
v -6.430153 47.273113 -3.436989
v -6.062307 46.989067 -4.050704
v -6.062307 47.273113 -4.050704
v -5.636077 46.989067 -4.625409
v -5.636077 47.273113 -4.625409
v -5.155568 46.989067 -5.155568
v -5.155568 47.273113 -5.155568
v -4.625409 46.989067 -5.636077
v -4.625409 47.273113 -5.636077
v -4.050704 46.989067 -6.062307
v -4.050704 47.273113 -6.062307
v -3.436989 46.989067 -6.430153
v -3.436989 47.273113 -6.430153
v -2.790173 46.989067 -6.736074
v -2.790173 47.273113 -6.736074
v -2.116487 46.989067 -6.977124
v -2.116487 47.273113 -6.977124
v -1.422418 46.989067 -7.150979
v -1.422418 47.273113 -7.150979
v -0.714650 46.989067 -7.255966
v -0.714650 47.273113 -7.255966
v -2.689414 47.273113 -6.492820
v -2.040056 47.273113 -6.725165
v -0.688842 47.273113 -6.993938
v 0.000000 47.273113 -7.027778
v -1.371051 47.273113 -6.892741
v -6.492820 47.273113 -2.689415
v -6.197947 47.273113 -3.312872
v -5.432546 47.273113 -4.458375
v -4.969390 47.273113 -4.969390
v -5.843384 47.273113 -3.904424
v -7.027778 47.273113 0.000000
v -6.993937 47.273113 0.688843
v -6.725165 47.273113 2.040057
v -6.492820 47.273113 2.689415
v -6.892741 47.273113 1.371052
v -4.969390 47.273113 4.969391
v -4.458375 47.273113 5.432547
v -3.312872 47.273113 6.197947
v -2.689414 47.273113 6.492821
v -3.904424 47.273113 5.843385
v 0.000000 47.273113 7.027779
v 0.688843 47.273113 6.993938
v 2.040057 47.273113 6.725165
v 2.689415 47.273113 6.492821
v 1.371052 47.273113 6.892742
v 4.969391 47.273113 4.969391
v 5.432547 47.273113 4.458376
v 6.197948 47.273113 3.312873
v 6.492822 47.273113 2.689415
v 5.843385 47.273113 3.904425
v 6.492822 47.273113 -2.689415
v 6.725165 47.273113 -2.040056
v 7.027780 47.273113 0.000000
v 6.993939 47.273113 -0.688843
v 6.892743 47.273113 -1.371051
v 2.689415 47.273113 -6.492820
v 3.312873 47.273113 -6.197947
v 4.458376 47.273113 -5.432546
v 4.969391 47.273113 -4.969390
v 3.904425 47.273113 -5.843384
v -6.725165 47.273113 -2.040056
v -4.458375 47.273113 -5.432546
v -3.312872 47.273113 -6.197947
v 0.688843 47.273113 -6.993938
v -3.904424 47.273113 -5.843384
v -6.993937 47.273113 -0.688843
v -6.197947 47.273113 3.312873
v -5.432546 47.273113 4.458376
v -2.040056 47.273113 6.725165
v -5.843384 47.273113 3.904425
v -0.688842 47.273113 6.993938
v 3.312873 47.273113 6.197947
v 4.458376 47.273113 5.432547
v 6.725165 47.273113 2.040057
v 3.904425 47.273113 5.843385
v 2.040057 47.273113 -6.725165
v 5.432547 47.273113 -4.458375
v 6.197948 47.273113 -3.312872
v 6.993939 47.273113 0.688843
v 5.843385 47.273113 -3.904424
v -6.892741 47.273113 -1.371051
v -1.371051 47.273113 6.892742
v 6.892743 47.273113 1.371052
v 1.371052 47.273113 -6.892741
v 0.688843 46.989067 -6.993938
v 1.371052 46.989067 -6.892741
v 2.689415 46.989067 -6.492820
v 3.312873 46.989067 -6.197947
v 2.040057 46.989067 -6.725165
v 5.432547 46.989067 -4.458375
v 5.843385 46.989067 -3.904424
v 6.492822 46.989067 -2.689415
v 6.725165 46.989067 -2.040056
v 6.197948 46.989067 -3.312872
v 6.197948 46.989067 3.312873
v 6.492822 46.989067 2.689415
v 6.892743 46.989067 1.371052
v 6.993939 46.989067 0.688843
v 6.725165 46.989067 2.040057
v 2.040057 46.989067 6.725165
v 2.689415 46.989067 6.492821
v 3.904425 46.989067 5.843385
v 4.458376 46.989067 5.432547
v 3.312873 46.989067 6.197947
v -3.312872 46.989067 6.197947
v -2.689414 46.989067 6.492821
v -1.371051 46.989067 6.892742
v -0.688842 46.989067 6.993938
v -2.040056 46.989067 6.725165
v -6.725165 46.989067 2.040057
v -6.492820 46.989067 2.689415
v -5.843384 46.989067 3.904425
v -5.432546 46.989067 4.458376
v -6.197947 46.989067 3.312873
v -6.993937 46.989067 -0.688843
v -6.892741 46.989067 -1.371051
v -6.492820 46.989067 -2.689415
v -6.197947 46.989067 -3.312872
v -6.725165 46.989067 -2.040056
v -4.458375 46.989067 -5.432546
v -3.904424 46.989067 -5.843384
v -2.689414 46.989067 -6.492820
v -2.040056 46.989067 -6.725165
v -3.312872 46.989067 -6.197947
v 0.000000 46.989067 -7.027778
v 3.904425 46.989067 -5.843384
v 4.969391 46.989067 -4.969390
v 6.892743 46.989067 -1.371051
v 4.458376 46.989067 -5.432546
v 1.371052 46.989067 6.892742
v 4.969391 46.989067 4.969391
v 5.843385 46.989067 3.904425
v 7.027780 46.989067 0.000000
v 5.432547 46.989067 4.458376
v -6.892741 46.989067 1.371052
v -4.969390 46.989067 4.969391
v -3.904424 46.989067 5.843385
v 0.000000 46.989067 7.027779
v -4.458375 46.989067 5.432547
v -7.027778 46.989067 0.000000
v -5.843384 46.989067 -3.904424
v -4.969390 46.989067 -4.969390
v -1.371051 46.989067 -6.892741
v -5.432546 46.989067 -4.458375
v 6.993939 46.989067 -0.688843
v 0.688843 46.989067 6.993938
v -6.993937 46.989067 0.688843
v -0.688842 46.989067 -6.993938
v -6.922700 13.371437 1.179388
v -6.922700 16.877926 1.179388
v -6.922700 13.371437 -1.179388
v -6.922700 16.877926 -1.179388
v -4.563924 13.371437 1.179388
v -4.563924 16.877926 1.179388
v -4.563924 13.371437 -1.179388
v -4.563924 16.877926 -1.179388
v -7.027453 13.390688 -1.166439
v -7.027453 13.390688 1.166439
v -7.027453 16.858675 1.166439
v -7.027453 16.858675 -1.166439
v -6.896361 13.624384 -1.009233
v -6.896361 13.624384 1.009233
v -6.896361 16.624979 1.009233
v -6.896361 16.624979 -1.009233
v -6.639248 17.520756 0.895936
v -6.639248 17.520756 -0.895936
v -4.847376 17.520756 -0.895936
v -4.847376 17.520756 0.895936
v -6.554770 13.624384 -1.009233
v -6.554770 13.624384 1.009233
v -6.554770 16.624979 1.009233
v -6.554770 16.624979 -1.009233
v 0.000000 52.763176 -4.355066
v 0.000000 52.885666 -4.411006
v 0.849631 52.763176 -4.271385
v 0.860545 52.885666 -4.326250
v 1.666612 52.763176 -4.023556
v 1.688019 52.885666 -4.075239
v 2.419545 52.763176 -3.621105
v 2.450624 52.885666 -3.667618
v 3.079497 52.763176 -3.079497
v 3.119053 52.885666 -3.119053
v 3.621105 52.763176 -2.419545
v 3.667618 52.885666 -2.450624
v 4.023556 52.763176 -1.666612
v 4.075239 52.885666 -1.688019
v 4.271385 52.763176 -0.849631
v 4.326250 52.885666 -0.860545
v 4.355066 52.763176 0.000000
v 4.411006 52.885666 0.000000
v 4.271385 52.763176 0.849631
v 4.326250 52.885666 0.860545
v 4.023556 52.763176 1.666612
v 4.075239 52.885666 1.688019
v 3.621105 52.763176 2.419545
v 3.667618 52.885666 2.450624
v 3.079497 52.763176 3.079497
v 3.119053 52.885666 3.119053
v 2.419545 52.763176 3.621105
v 2.450624 52.885666 3.667618
v 1.666612 52.763176 4.023556
v 1.688019 52.885666 4.075239
v 0.849631 52.763176 4.271385
v 0.860545 52.885666 4.326250
v 0.000000 52.763176 4.355066
v 0.000000 52.885666 4.411006
v -0.849631 52.763176 4.271385
v -0.860545 52.885666 4.326250
v -1.666612 52.763176 4.023556
v -1.688019 52.885666 4.075239
v -2.419545 52.763176 3.621105
v -2.450624 52.885666 3.667618
v -3.079497 52.763176 3.079497
v -3.119053 52.885666 3.119053
v -3.621105 52.763176 2.419545
v -3.667618 52.885666 2.450624
v -4.023556 52.763176 1.666612
v -4.075239 52.885666 1.688019
v -4.271385 52.763176 0.849631
v -4.326250 52.885666 0.860545
v -4.355066 52.763176 0.000000
v -4.411006 52.885666 0.000000
v -4.271385 52.763176 -0.849631
v -4.326250 52.885666 -0.860545
v -4.023556 52.763176 -1.666612
v -4.075239 52.885666 -1.688019
v -3.621105 52.763176 -2.419545
v -3.667618 52.885666 -2.450624
v -3.079497 52.763176 -3.079497
v -3.119053 52.885666 -3.119053
v -2.419545 52.763176 -3.621105
v -2.450624 52.885666 -3.667618
v -1.666612 52.763176 -4.023556
v -1.688019 52.885666 -4.075239
v -0.849631 52.763176 -4.271385
v -0.860545 52.885666 -4.326250
v 0.860545 52.947945 -4.326250
v 0.000000 52.947945 -4.411006
v 1.688019 52.947945 -4.075239
v 2.450624 52.947945 -3.667618
v 3.119053 52.947945 -3.119053
v 3.667618 52.947945 -2.450624
v 4.075239 52.947945 -1.688019
v 4.326250 52.947945 -0.860545
v 4.411006 52.947945 0.000000
v 4.326250 52.947945 0.860545
v 4.075239 52.947945 1.688019
v 3.667618 52.947945 2.450624
v 3.119053 52.947945 3.119053
v 2.450624 52.947945 3.667618
v 1.688019 52.947945 4.075239
v 0.860545 52.947945 4.326250
v 0.000000 52.947945 4.411006
v -0.860545 52.947945 4.326250
v -1.688019 52.947945 4.075239
v -2.450624 52.947945 3.667618
v -3.119053 52.947945 3.119053
v -3.667618 52.947945 2.450624
v -4.075239 52.947945 1.688019
v -4.326250 52.947945 0.860545
v -4.411006 52.947945 0.000000
v -4.326250 52.947945 -0.860545
v -4.075239 52.947945 -1.688019
v -3.667618 52.947945 -2.450624
v -3.119053 52.947945 -3.119053
v -2.450624 52.947945 -3.667618
v -1.688019 52.947945 -4.075239
v -0.860545 52.947945 -4.326250
v 0.842355 53.040771 -4.234806
v 0.000000 53.040771 -4.317770
v 1.652339 53.040771 -3.989100
v 2.398825 53.040771 -3.590095
v 3.053125 53.040771 -3.053125
v 3.590095 53.040771 -2.398824
v 3.989100 53.040771 -1.652339
v 4.234806 53.040771 -0.842355
v 4.317771 53.040771 0.000000
v 4.234806 53.040771 0.842355
v 3.989100 53.040771 1.652339
v 3.590095 53.040771 2.398824
v 3.053125 53.040771 3.053125
v 2.398825 53.040771 3.590095
v 1.652339 53.040771 3.989100
v 0.842355 53.040771 4.234806
v 0.000000 53.040771 4.317770
v -0.842355 53.040771 4.234806
v -1.652339 53.040771 3.989100
v -2.398824 53.040771 3.590095
v -3.053125 53.040771 3.053125
v -3.590095 53.040771 2.398824
v -3.989100 53.040771 1.652339
v -4.234806 53.040771 0.842355
v -4.317770 53.040771 0.000000
v -4.234806 53.040771 -0.842355
v -3.989100 53.040771 -1.652339
v -3.590095 53.040771 -2.398824
v -3.053125 53.040771 -3.053125
v -2.398824 53.040771 -3.590095
v -1.652339 53.040771 -3.989100
v -0.842355 53.040771 -4.234806
v 0.818663 52.947807 -4.115698
v 0.000000 52.947807 -4.196330
v 1.605866 52.947807 -3.876903
v 2.331356 52.947807 -3.489120
v 2.967253 52.947807 -2.967253
v 3.489120 52.947807 -2.331356
v 3.876903 52.947807 -1.605866
v 4.115698 52.947807 -0.818663
v 4.196330 52.947807 -0.000000
v 4.115698 52.947807 0.818663
v 3.876903 52.947807 1.605866
v 3.489120 52.947807 2.331356
v 2.967253 52.947807 2.967253
v 2.331356 52.947807 3.489120
v 1.605866 52.947807 3.876903
v 0.818663 52.947807 4.115698
v 0.000000 52.947807 4.196330
v -0.818663 52.947807 4.115698
v -1.605866 52.947807 3.876903
v -2.331356 52.947807 3.489120
v -2.967253 52.947807 2.967253
v -3.489120 52.947807 2.331356
v -3.876903 52.947807 1.605866
v -4.115698 52.947807 0.818663
v -4.196329 52.947807 -0.000000
v -4.115698 52.947807 -0.818663
v -3.876903 52.947807 -1.605866
v -3.489120 52.947807 -2.331356
v -2.967253 52.947807 -2.967253
v -2.331356 52.947807 -3.489120
v -1.605866 52.947807 -3.876903
v -0.818663 52.947807 -4.115698
v 0.133753 55.752155 -0.672423
v -0.000000 55.752155 -0.685597
v 0.262366 55.752155 -0.633409
v 0.380897 55.752155 -0.570053
v 0.484790 55.752155 -0.484790
v 0.570053 55.752155 -0.380897
v 0.633409 55.752155 -0.262367
v 0.672423 55.752155 -0.133753
v 0.685597 55.752155 0.000000
v 0.672423 55.752155 0.133753
v 0.633409 55.752155 0.262367
v 0.570053 55.752155 0.380897
v 0.484790 55.752155 0.484790
v 0.380897 55.752155 0.570053
v 0.262366 55.752155 0.633409
v 0.133753 55.752155 0.672423
v -0.000000 55.752155 0.685597
v -0.133753 55.752155 0.672423
v -0.262367 55.752155 0.633409
v -0.380897 55.752155 0.570053
v -0.484790 55.752155 0.484790
v -0.570053 55.752155 0.380897
v -0.633409 55.752155 0.262367
v -0.672423 55.752155 0.133753
v -0.685597 55.752155 0.000000
v -0.672423 55.752155 -0.133753
v -0.633409 55.752155 -0.262367
v -0.570053 55.752155 -0.380897
v -0.484790 55.752155 -0.484790
v -0.380897 55.752155 -0.570053
v -0.262367 55.752155 -0.633409
v -0.133753 55.752155 -0.672423
v 0.125824 55.802059 -0.632559
v -0.000000 55.802059 -0.644952
v 0.246812 55.802059 -0.595858
v 0.358316 55.802059 -0.536258
v 0.456050 55.802059 -0.456050
v 0.536258 55.802059 -0.358316
v 0.595858 55.802059 -0.246813
v 0.632559 55.802059 -0.125824
v 0.644952 55.802059 0.000000
v 0.632559 55.802059 0.125824
v 0.595858 55.802059 0.246813
v 0.536258 55.802059 0.358316
v 0.456050 55.802059 0.456050
v 0.358316 55.802059 0.536258
v 0.246812 55.802059 0.595858
v 0.125824 55.802059 0.632559
v -0.000000 55.802059 0.644952
v -0.125824 55.802059 0.632559
v -0.246813 55.802059 0.595858
v -0.358316 55.802059 0.536258
v -0.456050 55.802059 0.456050
v -0.536258 55.802059 0.358316
v -0.595858 55.802059 0.246813
v -0.632559 55.802059 0.125824
v -0.644952 55.802059 0.000000
v -0.632559 55.802059 -0.125824
v -0.595858 55.802059 -0.246813
v -0.536258 55.802059 -0.358316
v -0.456050 55.802059 -0.456050
v -0.358316 55.802059 -0.536258
v -0.246813 55.802059 -0.595858
v -0.125824 55.802059 -0.632559
v 0.120201 55.764668 -0.604290
v -0.000000 55.764668 -0.616128
v 0.235782 55.764668 -0.569228
v 0.342303 55.764668 -0.512292
v 0.435669 55.764668 -0.435669
v 0.512292 55.764668 -0.342303
v 0.569228 55.764668 -0.235782
v 0.604290 55.764668 -0.120201
v 0.616128 55.764668 0.000000
v 0.604290 55.764668 0.120201
v 0.569228 55.764668 0.235782
v 0.512292 55.764668 0.342303
v 0.435669 55.764668 0.435669
v 0.342303 55.764668 0.512292
v 0.235782 55.764668 0.569228
v 0.120201 55.764668 0.604290
v -0.000000 55.764668 0.616128
v -0.120201 55.764668 0.604290
v -0.235782 55.764668 0.569228
v -0.342303 55.764668 0.512292
v -0.435669 55.764668 0.435669
v -0.512292 55.764668 0.342303
v -0.569229 55.764668 0.235782
v -0.604290 55.764668 0.120201
v -0.616128 55.764668 0.000000
v -0.604290 55.764668 -0.120201
v -0.569229 55.764668 -0.235782
v -0.512292 55.764668 -0.342303
v -0.435669 55.764668 -0.435669
v -0.342303 55.764668 -0.512292
v -0.235782 55.764668 -0.569228
v -0.120201 55.764668 -0.604290
v 0.054249 55.777828 -0.272727
v -0.000000 55.777828 -0.278070
v 0.106413 55.777828 -0.256904
v 0.154488 55.777828 -0.231207
v 0.196626 55.777828 -0.196626
v 0.231207 55.777828 -0.154488
v 0.256904 55.777828 -0.106413
v 0.272727 55.777828 -0.054249
v 0.278070 55.777828 0.000000
v 0.272727 55.777828 0.054249
v 0.256904 55.777828 0.106413
v 0.231207 55.777828 0.154488
v 0.196626 55.777828 0.196626
v 0.154488 55.777828 0.231207
v 0.106413 55.777828 0.256904
v 0.054249 55.777828 0.272727
v -0.000000 55.777828 0.278070
v -0.054249 55.777828 0.272727
v -0.106413 55.777828 0.256904
v -0.154488 55.777828 0.231207
v -0.196626 55.777828 0.196626
v -0.231207 55.777828 0.154488
v -0.256904 55.777828 0.106413
v -0.272727 55.777828 0.054249
v -0.278071 55.777828 0.000000
v -0.272727 55.777828 -0.054249
v -0.256904 55.777828 -0.106413
v -0.231207 55.777828 -0.154488
v -0.196626 55.777828 -0.196626
v -0.154488 55.777828 -0.231207
v -0.106413 55.777828 -0.256904
v -0.054249 55.777828 -0.272727
v 0.054249 56.246445 -0.272727
v -0.000000 56.246445 -0.278070
v 0.106413 56.246445 -0.256904
v 0.154488 56.246445 -0.231207
v 0.196626 56.246445 -0.196626
v 0.231207 56.246445 -0.154488
v 0.256904 56.246445 -0.106413
v 0.272727 56.246445 -0.054249
v 0.278070 56.246445 0.000000
v 0.272727 56.246445 0.054249
v 0.256904 56.246445 0.106413
v 0.231207 56.246445 0.154488
v 0.196626 56.246445 0.196626
v 0.154488 56.246445 0.231207
v 0.106413 56.246445 0.256904
v 0.054249 56.246445 0.272727
v -0.000000 56.246445 0.278070
v -0.054249 56.246445 0.272727
v -0.106413 56.246445 0.256904
v -0.154488 56.246445 0.231207
v -0.196626 56.246445 0.196626
v -0.231207 56.246445 0.154488
v -0.256904 56.246445 0.106413
v -0.272727 56.246445 0.054249
v -0.278071 56.246445 0.000000
v -0.272727 56.246445 -0.054249
v -0.256904 56.246445 -0.106413
v -0.231207 56.246445 -0.154488
v -0.196626 56.246445 -0.196626
v -0.154488 56.246445 -0.231207
v -0.106413 56.246445 -0.256904
v -0.054249 56.246445 -0.272727
v 0.065972 56.290367 -0.331662
v -0.000000 56.290367 -0.338159
v 0.129408 56.290367 -0.312418
v 0.187871 56.290367 -0.281169
v 0.239115 56.290367 -0.239115
v 0.281169 56.290367 -0.187871
v 0.312418 56.290367 -0.129408
v 0.331662 56.290367 -0.065972
v 0.338159 56.290367 0.000000
v 0.331662 56.290367 0.065972
v 0.312418 56.290367 0.129408
v 0.281169 56.290367 0.187871
v 0.239115 56.290367 0.239115
v 0.187871 56.290367 0.281169
v 0.129408 56.290367 0.312418
v 0.065972 56.290367 0.331662
v -0.000000 56.290367 0.338159
v -0.065972 56.290367 0.331662
v -0.129408 56.290367 0.312418
v -0.187871 56.290367 0.281169
v -0.239115 56.290367 0.239115
v -0.281169 56.290367 0.187871
v -0.312419 56.290367 0.129408
v -0.331662 56.290367 0.065972
v -0.338159 56.290367 0.000000
v -0.331662 56.290367 -0.065972
v -0.312419 56.290367 -0.129408
v -0.281169 56.290367 -0.187871
v -0.239115 56.290367 -0.239115
v -0.187871 56.290367 -0.281169
v -0.129408 56.290367 -0.312418
v -0.065972 56.290367 -0.331662
v 0.071231 56.510098 -0.358100
v -0.000000 56.510098 -0.365116
v 0.139724 56.510098 -0.337323
v 0.202848 56.510098 -0.303583
v 0.258176 56.510098 -0.258176
v 0.303583 56.510098 -0.202848
v 0.337323 56.510098 -0.139724
v 0.358100 56.510098 -0.071231
v 0.365116 56.510098 0.000000
v 0.358100 56.510098 0.071231
v 0.337323 56.510098 0.139724
v 0.303583 56.510098 0.202848
v 0.258176 56.510098 0.258176
v 0.202848 56.510098 0.303583
v 0.139724 56.510098 0.337323
v 0.071231 56.510098 0.358100
v -0.000000 56.510098 0.365116
v -0.071231 56.510098 0.358100
v -0.139724 56.510098 0.337323
v -0.202848 56.510098 0.303583
v -0.258176 56.510098 0.258176
v -0.303583 56.510098 0.202848
v -0.337323 56.510098 0.139724
v -0.358100 56.510098 0.071231
v -0.365116 56.510098 0.000000
v -0.358100 56.510098 -0.071231
v -0.337323 56.510098 -0.139724
v -0.303583 56.510098 -0.202848
v -0.258176 56.510098 -0.258176
v -0.202848 56.510098 -0.303583
v -0.139724 56.510098 -0.337323
v -0.071231 56.510098 -0.358100
v 0.067403 56.679935 -0.338859
v -0.000000 56.679935 -0.345498
v 0.132216 56.679935 -0.319199
v 0.191948 56.679935 -0.287271
v 0.244304 56.679935 -0.244304
v 0.287271 56.679935 -0.191948
v 0.319199 56.679935 -0.132216
v 0.338859 56.679935 -0.067403
v 0.345498 56.679935 0.000000
v 0.338859 56.679935 0.067403
v 0.319199 56.679935 0.132216
v 0.287271 56.679935 0.191948
v 0.244304 56.679935 0.244304
v 0.191948 56.679935 0.287271
v 0.132216 56.679935 0.319199
v 0.067403 56.679935 0.338859
v -0.000000 56.679935 0.345498
v -0.067403 56.679935 0.338859
v -0.132217 56.679935 0.319199
v -0.191949 56.679935 0.287271
v -0.244304 56.679935 0.244304
v -0.287271 56.679935 0.191948
v -0.319199 56.679935 0.132216
v -0.338860 56.679935 0.067403
v -0.345498 56.679935 0.000000
v -0.338860 56.679935 -0.067403
v -0.319199 56.679935 -0.132216
v -0.287271 56.679935 -0.191948
v -0.244304 56.679935 -0.244304
v -0.191949 56.679935 -0.287271
v -0.132217 56.679935 -0.319199
v -0.067403 56.679935 -0.338859
v 0.044817 56.837326 -0.225312
v -0.000000 56.837326 -0.229726
v 0.087912 56.837326 -0.212239
v 0.127629 56.837326 -0.191010
v 0.162441 56.837326 -0.162441
v 0.191010 56.837326 -0.127629
v 0.212239 56.837326 -0.087912
v 0.225312 56.837326 -0.044817
v 0.229726 56.837326 0.000000
v 0.225312 56.837326 0.044817
v 0.212239 56.837326 0.087912
v 0.191010 56.837326 0.127629
v 0.162441 56.837326 0.162441
v 0.127629 56.837326 0.191010
v 0.087912 56.837326 0.212239
v 0.044817 56.837326 0.225312
v -0.000000 56.837326 0.229726
v -0.044817 56.837326 0.225312
v -0.087912 56.837326 0.212239
v -0.127629 56.837326 0.191010
v -0.162441 56.837326 0.162441
v -0.191010 56.837326 0.127629
v -0.212239 56.837326 0.087912
v -0.225312 56.837326 0.044817
v -0.229726 56.837326 0.000000
v -0.225312 56.837326 -0.044817
v -0.212239 56.837326 -0.087912
v -0.191010 56.837326 -0.127629
v -0.162441 56.837326 -0.162441
v -0.127629 56.837326 -0.191010
v -0.087912 56.837326 -0.212239
v -0.044817 56.837326 -0.225312
v 0.044817 56.925545 -0.225312
v -0.000000 56.925545 -0.229726
v 0.087912 56.925545 -0.212239
v 0.127629 56.925545 -0.191010
v 0.162441 56.925545 -0.162441
v 0.191010 56.925545 -0.127629
v 0.212239 56.925545 -0.087912
v 0.225312 56.925545 -0.044817
v 0.229726 56.925545 0.000000
v 0.225312 56.925545 0.044817
v 0.212239 56.925545 0.087912
v 0.191010 56.925545 0.127629
v 0.162441 56.925545 0.162441
v 0.127629 56.925545 0.191010
v 0.087912 56.925545 0.212239
v 0.044817 56.925545 0.225312
v -0.000000 56.925545 0.229726
v -0.044817 56.925545 0.225312
v -0.087912 56.925545 0.212239
v -0.127629 56.925545 0.191010
v -0.162441 56.925545 0.162441
v -0.191010 56.925545 0.127629
v -0.212239 56.925545 0.087912
v -0.225312 56.925545 0.044817
v -0.229726 56.925545 0.000000
v -0.225312 56.925545 -0.044817
v -0.212239 56.925545 -0.087912
v -0.191010 56.925545 -0.127629
v -0.162441 56.925545 -0.162441
v -0.127629 56.925545 -0.191010
v -0.087912 56.925545 -0.212239
v -0.044817 56.925545 -0.225312
v 0.037549 57.038559 -0.188774
v -0.000000 57.038559 -0.192472
v 0.073656 57.038559 -0.177821
v 0.106932 57.038559 -0.160035
v 0.136099 57.038559 -0.136099
v 0.160035 57.038559 -0.106932
v 0.177821 57.038559 -0.073656
v 0.188774 57.038559 -0.037550
v 0.192472 57.038559 0.000000
v 0.188774 57.038559 0.037550
v 0.177821 57.038559 0.073656
v 0.160035 57.038559 0.106932
v 0.136099 57.038559 0.136099
v 0.106932 57.038559 0.160035
v 0.073656 57.038559 0.177821
v 0.037549 57.038559 0.188774
v -0.000000 57.038559 0.192472
v -0.037550 57.038559 0.188774
v -0.073656 57.038559 0.177821
v -0.106932 57.038559 0.160035
v -0.136099 57.038559 0.136099
v -0.160035 57.038559 0.106932
v -0.177821 57.038559 0.073656
v -0.188774 57.038559 0.037550
v -0.192472 57.038559 0.000000
v -0.188774 57.038559 -0.037550
v -0.177821 57.038559 -0.073656
v -0.160035 57.038559 -0.106932
v -0.136099 57.038559 -0.136099
v -0.106932 57.038559 -0.160035
v -0.073656 57.038559 -0.177821
v -0.037550 57.038559 -0.188774
v 0.018162 62.516029 -0.091308
v -0.000000 62.516029 -0.093096
v 0.035626 62.516029 -0.086010
v 0.051721 62.516029 -0.077407
v 0.065829 62.516029 -0.065829
v 0.077406 62.516029 -0.051722
v 0.086009 62.516029 -0.035626
v 0.091307 62.516029 -0.018162
v 0.093096 62.516029 0.000000
v 0.091307 62.516029 0.018162
v 0.086009 62.516029 0.035626
v 0.077406 62.516029 0.051722
v 0.065829 62.516029 0.065829
v 0.051721 62.516029 0.077407
v 0.035626 62.516029 0.086010
v 0.018162 62.516029 0.091308
v -0.000000 62.516029 0.093096
v -0.018163 62.516029 0.091308
v -0.035627 62.516029 0.086010
v -0.051722 62.516029 0.077407
v -0.065830 62.516029 0.065829
v -0.077407 62.516029 0.051722
v -0.086010 62.516029 0.035626
v -0.091308 62.516029 0.018162
v -0.093097 62.516029 0.000000
v -0.091308 62.516029 -0.018162
v -0.086010 62.516029 -0.035626
v -0.077407 62.516029 -0.051722
v -0.065830 62.516029 -0.065829
v -0.051722 62.516029 -0.077407
v -0.035627 62.516029 -0.086010
v -0.018163 62.516029 -0.091308
vn 0.0979 0.0460 -0.9941
vn 0.2900 0.0460 -0.9559
vn 0.4709 0.0460 -0.8810
vn 0.6337 0.0460 -0.7722
vn 0.7722 0.0460 -0.6337
vn 0.8810 0.0460 -0.4709
vn 0.9559 0.0460 -0.2900
vn 0.9941 0.0460 -0.0979
vn 0.9941 0.0460 0.0979
vn 0.9559 0.0460 0.2900
vn 0.8810 0.0460 0.4709
vn 0.7722 0.0460 0.6337
vn 0.6337 0.0460 0.7722
vn 0.4709 0.0460 0.8810
vn 0.2900 0.0460 0.9559
vn 0.0979 0.0460 0.9941
vn -0.0979 0.0460 0.9941
vn -0.2900 0.0460 0.9559
vn -0.4709 0.0460 0.8810
vn -0.6337 0.0460 0.7722
vn -0.7722 0.0460 0.6337
vn -0.8810 0.0460 0.4709
vn -0.9559 0.0460 0.2900
vn -0.9941 0.0460 0.0979
vn -0.9941 0.0460 -0.0979
vn -0.9559 0.0460 -0.2900
vn -0.8810 0.0460 -0.4709
vn -0.7722 0.0460 -0.6337
vn -0.6337 0.0460 -0.7722
vn -0.4709 0.0460 -0.8810
vn 0.1216 0.9081 0.4008
vn -0.2900 0.0460 -0.9559
vn -0.0979 0.0460 -0.9941
vn -0.4937 0.8286 0.2639
vn 0.0980 -0.0000 0.9952
vn -0.4168 0.9081 0.0410
vn 0.1216 0.9081 -0.4008
vn 0.3693 0.9081 0.1974
vn -0.2657 0.9081 0.3237
vn -0.2657 0.9081 -0.3237
vn 0.4008 0.9081 -0.1216
vn 0.0410 0.9081 0.4168
vn -0.4168 0.9081 -0.0410
vn 0.1974 0.9081 -0.3693
vn 0.3237 0.9081 0.2657
vn -0.3237 0.9081 0.2657
vn -0.1974 0.9081 -0.3693
vn 0.4168 0.9081 -0.0410
vn -0.0411 0.9081 0.4168
vn -0.4008 0.9081 -0.1216
vn 0.2657 0.9081 -0.3237
vn 0.2657 0.9081 0.3237
vn -0.3693 0.9081 0.1974
vn -0.1216 0.9081 -0.4008
vn 0.4168 0.9081 0.0410
vn -0.1216 0.9081 0.4008
vn -0.3693 0.9081 -0.1974
vn 0.3237 0.9081 -0.2657
vn 0.1974 0.9081 0.3693
vn -0.4008 0.9081 0.1216
vn 0.0410 0.9081 -0.4168
vn -0.0410 0.9081 -0.4168
vn 0.4008 0.9081 0.1216
vn -0.1974 0.9081 0.3693
vn -0.3237 0.9081 -0.2657
vn 0.3693 0.9081 -0.1974
vn -0.0163 -0.9994 0.0306
vn 0.4714 -0.0000 -0.8819
vn -0.4714 -0.0000 -0.8819
vn -0.0980 -0.0000 0.9952
vn 0.6344 -0.0000 -0.7730
vn -0.2903 -0.0000 -0.9569
vn -0.2903 -0.0000 0.9569
vn 0.7730 -0.0000 -0.6344
vn -0.0980 -0.0000 -0.9952
vn -0.4714 -0.0000 0.8819
vn 0.8819 -0.0000 -0.4714
vn -0.6344 -0.0000 0.7730
vn 0.9569 -0.0000 -0.2903
vn -0.7730 -0.0000 0.6344
vn 0.9952 -0.0000 -0.0980
vn -0.8819 -0.0000 0.4714
vn 0.9952 -0.0000 0.0980
vn -0.9569 -0.0000 0.2903
vn 0.9569 -0.0000 0.2903
vn -0.9952 -0.0000 0.0980
vn 0.8819 -0.0000 0.4714
vn -0.9952 -0.0000 -0.0980
vn 0.7730 -0.0000 0.6344
vn -0.9569 -0.0000 -0.2903
vn 0.6344 -0.0000 0.7730
vn -0.8819 -0.0000 -0.4714
vn 0.4714 -0.0000 0.8819
vn 0.0980 -0.0000 -0.9952
vn -0.7730 -0.0000 -0.6344
vn 0.2903 -0.0000 0.9569
vn 0.2903 -0.0000 -0.9569
vn -0.6344 -0.0000 -0.7730
vn 0.0306 -0.9994 -0.0163
vn -0.0220 -0.9994 0.0268
vn 0.0332 -0.9994 -0.0101
vn -0.0268 -0.9994 0.0220
vn 0.0345 -0.9994 -0.0034
vn -0.0306 -0.9994 0.0163
vn 0.0345 -0.9994 0.0034
vn -0.0332 -0.9994 0.0101
vn 0.0332 -0.9994 0.0101
vn -0.0345 -0.9994 0.0034
vn 0.0306 -0.9994 0.0163
vn -0.0345 -0.9994 -0.0034
vn 0.0268 -0.9994 0.0220
vn -0.0332 -0.9994 -0.0101
vn 0.0220 -0.9994 0.0268
vn -0.0306 -0.9994 -0.0163
vn 0.0163 -0.9994 0.0306
vn 0.0034 -0.9994 -0.0345
vn -0.0268 -0.9994 -0.0220
vn 0.0101 -0.9994 0.0332
vn 0.0101 -0.9994 -0.0332
vn -0.0220 -0.9994 -0.0268
vn 0.0034 -0.9994 0.0345
vn 0.0163 -0.9994 -0.0306
vn -0.0163 -0.9994 -0.0306
vn -0.0034 -0.9994 0.0345
vn 0.0220 -0.9994 -0.0268
vn -0.0101 -0.9994 -0.0332
vn -0.0101 -0.9994 0.0332
vn 0.0268 -0.9994 -0.0220
vn -0.0034 -0.9994 -0.0345
vn -0.0310 0.9995 -0.0031
vn 0.0241 0.9995 0.0197
vn -0.0298 0.9995 -0.0090
vn 0.0197 0.9995 0.0241
vn -0.0275 0.9995 -0.0147
vn 0.0147 0.9995 0.0275
vn 0.0031 0.9995 -0.0310
vn -0.0241 0.9995 -0.0197
vn 0.0090 0.9995 0.0298
vn 0.0090 0.9995 -0.0298
vn -0.0197 0.9995 -0.0241
vn 0.0031 0.9995 0.0310
vn 0.0147 0.9995 -0.0275
vn -0.0147 0.9995 -0.0275
vn -0.0031 0.9995 0.0310
vn 0.0198 0.9995 -0.0241
vn -0.0090 0.9995 -0.0298
vn -0.0090 0.9995 0.0298
vn 0.0241 0.9995 -0.0197
vn -0.0031 0.9995 -0.0310
vn -0.0147 0.9995 0.0275
vn 0.0275 0.9995 -0.0147
vn -0.0198 0.9995 0.0241
vn 0.0298 0.9995 -0.0090
vn -0.0241 0.9995 0.0197
vn 0.0310 0.9995 -0.0031
vn -0.0275 0.9995 0.0147
vn 0.0310 0.9995 0.0031
vn -0.0298 0.9995 0.0090
vn 0.0298 0.9995 0.0090
vn -0.0310 0.9995 0.0031
vn 0.0275 0.9995 0.0147
vn -0.1154 -0.9933 0.0114
vn 0.1023 -0.9933 0.0547
vn -0.1154 -0.9933 -0.0114
vn 0.0897 -0.9933 0.0736
vn -0.1110 -0.9932 -0.0337
vn 0.0736 -0.9933 0.0897
vn -0.1023 -0.9933 -0.0547
vn 0.0547 -0.9933 0.1023
vn 0.0114 -0.9933 -0.1154
vn -0.0897 -0.9933 -0.0736
vn 0.0337 -0.9933 0.1110
vn 0.0337 -0.9933 -0.1110
vn -0.0736 -0.9933 -0.0897
vn 0.0114 -0.9933 0.1154
vn 0.0547 -0.9933 -0.1023
vn -0.0547 -0.9933 -0.1023
vn -0.0114 -0.9933 0.1154
vn 0.0736 -0.9933 -0.0897
vn -0.0337 -0.9933 -0.1110
vn -0.0337 -0.9933 0.1110
vn 0.0897 -0.9933 -0.0736
vn -0.0114 -0.9933 -0.1154
vn -0.0547 -0.9933 0.1023
vn 0.1023 -0.9933 -0.0547
vn -0.0736 -0.9933 0.0897
vn 0.1110 -0.9933 -0.0337
vn -0.0897 -0.9933 0.0736
vn 0.1154 -0.9932 -0.0114
vn -0.1023 -0.9933 0.0547
vn 0.1154 -0.9933 0.0114
vn -0.1110 -0.9933 0.0337
vn 0.1110 -0.9932 0.0337
vn -0.0000 1.0000 -0.0000
vn -0.1625 0.8286 -0.5357
vn 0.5571 0.8286 0.0549
vn -0.1625 0.8286 0.5357
vn -0.4937 0.8286 -0.2639
vn 0.4327 0.8286 -0.3551
vn 0.2639 0.8286 0.4937
vn -0.5357 0.8286 0.1625
vn 0.0549 0.8286 -0.5571
vn -0.0549 0.8286 -0.5571
vn 0.5357 0.8286 0.1625
vn -0.2639 0.8286 0.4937
vn -0.4327 0.8286 -0.3551
vn 0.4937 0.8286 -0.2639
vn 0.1625 0.8286 0.5357
vn -0.5571 0.8286 0.0549
vn 0.1625 0.8286 -0.5357
vn 0.4937 0.8286 0.2639
vn -0.3551 0.8286 0.4327
vn -0.3551 0.8286 -0.4327
vn 0.5357 0.8286 -0.1625
vn 0.0549 0.8286 0.5571
vn -0.5571 0.8286 -0.0549
vn 0.2639 0.8286 -0.4937
vn 0.4327 0.8286 0.3551
vn -0.4327 0.8286 0.3551
vn -0.2639 0.8286 -0.4937
vn 0.5571 0.8286 -0.0549
vn -0.0549 0.8286 0.5571
vn -0.5357 0.8286 -0.1625
vn 0.3551 0.8286 -0.4327
vn 0.3551 0.8286 0.4327
vn -0.3991 -0.9089 0.1211
vn -0.9566 0.0247 -0.2902
vn 0.3991 -0.9089 0.1211
vn -0.4151 -0.9089 0.0409
vn 0.3678 -0.9089 0.1966
vn -0.4151 -0.9089 -0.0409
vn 0.3224 -0.9089 0.2646
vn -0.3991 -0.9089 -0.1211
vn 0.2646 -0.9089 0.3224
vn -0.3678 -0.9089 -0.1966
vn 0.1966 -0.9089 0.3678
vn 0.0409 -0.9089 -0.4151
vn -0.3224 -0.9089 -0.2646
vn 0.1211 -0.9089 0.3991
vn 0.1211 -0.9089 -0.3991
vn -0.2646 -0.9089 -0.3224
vn 0.0409 -0.9089 0.4151
vn 0.1966 -0.9089 -0.3678
vn -0.1966 -0.9089 -0.3678
vn -0.0409 -0.9089 0.4151
vn 0.2646 -0.9089 -0.3224
vn -0.1211 -0.9089 -0.3991
vn -0.1211 -0.9089 0.3991
vn 0.3224 -0.9089 -0.2646
vn -0.0409 -0.9089 -0.4151
vn -0.1966 -0.9089 0.3678
vn 0.3678 -0.9089 -0.1966
vn -0.2646 -0.9089 0.3224
vn 0.3991 -0.9089 -0.1211
vn -0.3224 -0.9089 0.2646
vn 0.4151 -0.9089 -0.0409
vn -0.3678 -0.9089 0.1966
vn 0.4151 -0.9089 0.0409
vn 0.0943 0.9458 -0.3108
vn 0.6342 0.0247 0.7728
vn -0.8817 0.0247 -0.4713
vn 0.4713 0.0247 0.8817
vn 0.0980 0.0247 -0.9949
vn -0.7728 0.0247 -0.6342
vn 0.2902 0.0247 0.9566
vn 0.2902 0.0247 -0.9566
vn -0.6342 0.0247 -0.7728
vn 0.0980 0.0247 0.9949
vn 0.4713 0.0247 -0.8817
vn -0.4713 0.0247 -0.8817
vn -0.0980 0.0247 0.9949
vn 0.6342 0.0247 -0.7728
vn -0.2902 0.0247 -0.9566
vn -0.2902 0.0247 0.9566
vn 0.7728 0.0247 -0.6342
vn -0.0980 0.0247 -0.9949
vn -0.4713 0.0247 0.8817
vn 0.8817 0.0247 -0.4713
vn -0.6342 0.0247 0.7728
vn 0.9566 0.0247 -0.2902
vn -0.7728 0.0247 0.6342
vn 0.9949 0.0247 -0.0980
vn -0.8817 0.0247 0.4713
vn 0.9949 0.0247 0.0980
vn -0.9566 0.0247 0.2902
vn 0.9566 0.0247 0.2902
vn -0.9949 0.0247 0.0980
vn 0.8817 0.0247 0.4713
vn -0.9949 0.0247 -0.0980
vn 0.7728 0.0247 0.6342
vn -0.2061 0.9458 -0.2511
vn 0.0318 0.9458 0.3233
vn 0.1531 0.9458 -0.2865
vn -0.1531 0.9458 -0.2865
vn -0.0318 0.9458 0.3233
vn 0.2061 0.9458 -0.2511
vn -0.0943 0.9458 -0.3108
vn -0.0943 0.9458 0.3108
vn 0.2511 0.9458 -0.2061
vn -0.0318 0.9458 -0.3233
vn -0.1531 0.9458 0.2865
vn 0.2865 0.9458 -0.1531
vn -0.2061 0.9458 0.2511
vn 0.3108 0.9458 -0.0943
vn -0.2511 0.9458 0.2061
vn 0.3233 0.9458 -0.0318
vn -0.2865 0.9458 0.1531
vn 0.3233 0.9458 0.0318
vn -0.3108 0.9458 0.0943
vn 0.3108 0.9458 0.0943
vn -0.3233 0.9458 0.0318
vn 0.2865 0.9458 0.1531
vn -0.3233 0.9458 -0.0318
vn 0.2511 0.9458 0.2061
vn -0.3108 0.9458 -0.0943
vn 0.2061 0.9458 0.2511
vn -0.2865 0.9458 -0.1531
vn 0.1531 0.9458 0.2865
vn 0.0318 0.9458 -0.3233
vn -0.2511 0.9458 -0.2061
vn 0.0943 0.9458 0.3108
vn 0.5773 -0.8145 -0.0569
vn 0.8817 0.0221 0.4713
vn -0.5116 -0.8145 0.2735
vn 0.5773 -0.8145 0.0569
vn -0.5552 -0.8145 0.1684
vn 0.5552 -0.8145 0.1684
vn -0.5773 -0.8145 0.0569
vn 0.5116 -0.8145 0.2735
vn -0.5773 -0.8145 -0.0569
vn 0.4485 -0.8145 0.3680
vn -0.5552 -0.8145 -0.1684
vn 0.3680 -0.8145 0.4485
vn -0.5116 -0.8145 -0.2735
vn 0.2735 -0.8145 0.5116
vn 0.0569 -0.8145 -0.5773
vn -0.4485 -0.8145 -0.3680
vn 0.1684 -0.8145 0.5552
vn 0.1684 -0.8145 -0.5552
vn -0.3680 -0.8145 -0.4485
vn 0.0569 -0.8145 0.5773
vn 0.2735 -0.8145 -0.5116
vn -0.2735 -0.8145 -0.5116
vn -0.0569 -0.8145 0.5774
vn 0.3680 -0.8145 -0.4485
vn -0.1684 -0.8145 -0.5552
vn -0.1684 -0.8145 0.5552
vn 0.4485 -0.8145 -0.3680
vn -0.0569 -0.8145 -0.5773
vn -0.2735 -0.8145 0.5116
vn 0.5116 -0.8145 -0.2735
vn -0.3680 -0.8145 0.4485
vn 0.5552 -0.8145 -0.1684
vn -0.4485 -0.8145 0.3680
vn 0.2790 0.8061 0.5220
vn -0.9949 0.0221 -0.0980
vn 0.7728 0.0221 0.6342
vn -0.9567 0.0221 -0.2902
vn 0.6342 0.0221 0.7728
vn -0.8817 0.0221 -0.4713
vn 0.4713 0.0221 0.8817
vn 0.0980 0.0221 -0.9949
vn -0.7728 0.0221 -0.6342
vn 0.2902 0.0221 0.9567
vn 0.2902 0.0221 -0.9567
vn -0.6342 0.0221 -0.7728
vn 0.0980 0.0221 0.9949
vn 0.4713 0.0221 -0.8817
vn -0.4713 0.0221 -0.8817
vn -0.0980 0.0221 0.9949
vn 0.6342 0.0221 -0.7728
vn -0.2902 0.0221 -0.9567
vn -0.2902 0.0221 0.9567
vn 0.7728 0.0221 -0.6342
vn -0.0980 0.0221 -0.9949
vn -0.4713 0.0221 0.8817
vn 0.8817 0.0221 -0.4713
vn -0.6342 0.0221 0.7728
vn 0.9567 0.0221 -0.2902
vn -0.7728 0.0221 0.6342
vn 0.9949 0.0221 -0.0980
vn -0.8817 0.0221 0.4713
vn 0.9949 0.0221 0.0980
vn -0.9567 0.0221 0.2902
vn 0.9567 0.0221 0.2902
vn -0.9949 0.0221 0.0980
vn 0.0580 0.8061 -0.5890
vn -0.4575 0.8061 -0.3755
vn 0.1718 0.8061 0.5663
vn 0.1718 0.8061 -0.5663
vn -0.3755 0.8061 -0.4575
vn 0.0580 0.8061 0.5890
vn 0.2790 0.8061 -0.5220
vn -0.2790 0.8061 -0.5220
vn -0.0580 0.8061 0.5890
vn 0.3755 0.8061 -0.4575
vn -0.1718 0.8061 -0.5663
vn -0.1718 0.8061 0.5663
vn 0.4575 0.8061 -0.3755
vn -0.0580 0.8061 -0.5890
vn -0.2790 0.8061 0.5220
vn 0.5220 0.8061 -0.2790
vn -0.3755 0.8061 0.4575
vn 0.5663 0.8061 -0.1718
vn -0.4575 0.8061 0.3755
vn 0.5890 0.8061 -0.0580
vn -0.5220 0.8061 0.2790
vn 0.5890 0.8061 0.0580
vn -0.5663 0.8061 0.1718
vn 0.5663 0.8061 0.1718
vn -0.5890 0.8061 0.0580
vn 0.5219 0.8061 0.2790
vn -0.5890 0.8061 -0.0580
vn 0.4575 0.8061 0.3755
vn -0.5663 0.8061 -0.1718
vn 0.3755 0.8061 0.4575
vn -0.5219 0.8061 -0.2790
vn -0.3791 -0.8018 0.4619
vn -0.9568 0.0198 0.2902
vn 0.5718 -0.8018 -0.1735
vn -0.4619 -0.8018 0.3791
vn 0.5947 -0.8018 -0.0586
vn -0.5270 -0.8018 0.2817
vn 0.5947 -0.8018 0.0586
vn -0.5718 -0.8018 0.1735
vn 0.5718 -0.8018 0.1735
vn -0.5947 -0.8018 0.0586
vn 0.5270 -0.8018 0.2817
vn -0.5947 -0.8018 -0.0586
vn 0.4619 -0.8018 0.3791
vn -0.5718 -0.8018 -0.1735
vn 0.3791 -0.8018 0.4619
vn -0.5270 -0.8018 -0.2817
vn 0.2817 -0.8018 0.5270
vn 0.0586 -0.8018 -0.5947
vn -0.4619 -0.8018 -0.3791
vn 0.1735 -0.8018 0.5718
vn 0.1735 -0.8018 -0.5718
vn -0.3791 -0.8018 -0.4619
vn 0.0586 -0.8018 0.5947
vn 0.2817 -0.8018 -0.5270
vn -0.2817 -0.8018 -0.5270
vn -0.0586 -0.8018 0.5947
vn 0.3791 -0.8018 -0.4619
vn -0.1735 -0.8018 -0.5718
vn -0.1735 -0.8018 0.5718
vn 0.4619 -0.8018 -0.3791
vn -0.0586 -0.8018 -0.5947
vn -0.2817 -0.8018 0.5270
vn 0.5270 -0.8018 -0.2817
vn -0.3473 0.9318 -0.1054
vn 0.9568 0.0198 0.2902
vn -0.9950 0.0198 0.0980
vn 0.8817 0.0198 0.4713
vn -0.9950 0.0198 -0.0980
vn 0.7729 0.0198 0.6343
vn -0.9568 0.0198 -0.2902
vn 0.6343 0.0198 0.7729
vn -0.8817 0.0198 -0.4713
vn 0.4713 0.0198 0.8817
vn 0.0980 0.0198 -0.9950
vn -0.7729 0.0198 -0.6343
vn 0.2902 0.0198 0.9568
vn 0.2902 0.0198 -0.9568
vn -0.6343 0.0198 -0.7729
vn 0.0980 0.0198 0.9950
vn 0.4713 0.0198 -0.8817
vn -0.4713 0.0198 -0.8817
vn -0.0980 0.0198 0.9950
vn 0.6343 0.0198 -0.7729
vn -0.2902 0.0198 -0.9568
vn -0.2902 0.0198 0.9568
vn 0.7729 0.0198 -0.6343
vn -0.0980 0.0198 -0.9950
vn -0.4713 0.0198 0.8817
vn 0.8817 0.0198 -0.4713
vn -0.6343 0.0198 0.7729
vn 0.9568 0.0198 -0.2902
vn -0.7729 0.0198 0.6343
vn 0.9950 0.0198 -0.0980
vn -0.8817 0.0198 0.4713
vn 0.9950 0.0198 0.0980
vn 0.2302 0.9318 0.2806
vn -0.3201 0.9318 -0.1711
vn 0.1711 0.9318 0.3201
vn 0.0356 0.9318 -0.3612
vn -0.2806 0.9318 -0.2303
vn 0.1054 0.9318 0.3473
vn 0.1054 0.9318 -0.3473
vn -0.2302 0.9318 -0.2806
vn 0.0356 0.9318 0.3612
vn 0.1711 0.9318 -0.3201
vn -0.1711 0.9318 -0.3201
vn -0.0356 0.9318 0.3612
vn 0.2303 0.9318 -0.2806
vn -0.1054 0.9318 -0.3473
vn -0.1054 0.9318 0.3473
vn 0.2806 0.9318 -0.2303
vn -0.0356 0.9318 -0.3612
vn -0.1711 0.9318 0.3201
vn 0.3201 0.9318 -0.1711
vn -0.2303 0.9318 0.2806
vn 0.3473 0.9318 -0.1054
vn -0.2806 0.9318 0.2303
vn 0.3612 0.9318 -0.0356
vn -0.3201 0.9318 0.1711
vn 0.3612 0.9318 0.0356
vn -0.3473 0.9318 0.1054
vn 0.3473 0.9318 0.1054
vn -0.3612 0.9318 0.0356
vn 0.3201 0.9318 0.1711
vn -0.3612 0.9318 -0.0356
vn 0.2806 0.9318 0.2303
vn -0.0148 -0.9886 -0.1499
vn -0.8811 0.0439 0.4709
vn -0.0710 -0.9886 0.1328
vn 0.1328 -0.9886 -0.0710
vn -0.0955 -0.9886 0.1164
vn 0.1441 -0.9886 -0.0437
vn -0.1164 -0.9886 0.0955
vn 0.1499 -0.9886 -0.0148
vn -0.1328 -0.9886 0.0710
vn 0.1499 -0.9886 0.0148
vn -0.1441 -0.9886 0.0437
vn 0.1441 -0.9886 0.0437
vn -0.1499 -0.9886 0.0148
vn 0.1328 -0.9886 0.0710
vn -0.1499 -0.9886 -0.0148
vn 0.1164 -0.9886 0.0955
vn -0.1441 -0.9886 -0.0437
vn 0.0955 -0.9886 0.1164
vn -0.1328 -0.9886 -0.0710
vn 0.0710 -0.9886 0.1328
vn 0.0148 -0.9886 -0.1499
vn -0.1164 -0.9886 -0.0955
vn 0.0437 -0.9886 0.1441
vn 0.0437 -0.9886 -0.1441
vn -0.0955 -0.9886 -0.1164
vn 0.0148 -0.9886 0.1499
vn 0.0710 -0.9886 -0.1328
vn -0.0710 -0.9886 -0.1328
vn -0.0148 -0.9886 0.1499
vn 0.0955 -0.9886 -0.1164
vn -0.0437 -0.9886 -0.1441
vn -0.0437 -0.9886 0.1441
vn 0.1164 -0.9886 -0.0955
vn -0.0000 -1.0000 -0.0000
vn 0.9942 0.0439 0.0979
vn -0.9560 0.0439 0.2900
vn 0.9560 0.0439 0.2900
vn -0.9942 0.0439 0.0979
vn 0.8811 0.0439 0.4709
vn -0.9942 0.0439 -0.0979
vn 0.7723 0.0439 0.6338
vn -0.9560 0.0439 -0.2900
vn 0.6338 0.0439 0.7723
vn -0.8811 0.0439 -0.4709
vn 0.4709 0.0439 0.8811
vn 0.0979 0.0439 -0.9942
vn -0.7723 0.0439 -0.6338
vn 0.2900 0.0439 0.9560
vn 0.2900 0.0439 -0.9560
vn -0.6338 0.0439 -0.7723
vn 0.0979 0.0439 0.9942
vn 0.4709 0.0439 -0.8811
vn -0.4709 0.0439 -0.8811
vn -0.0979 0.0439 0.9942
vn 0.6338 0.0439 -0.7723
vn -0.2900 0.0439 -0.9560
vn -0.2900 0.0439 0.9560
vn 0.7723 0.0439 -0.6338
vn -0.0979 0.0439 -0.9942
vn -0.4709 0.0439 0.8811
vn 0.8811 0.0439 -0.4709
vn -0.6338 0.0439 0.7723
vn 0.9560 0.0439 -0.2900
vn -0.7723 0.0439 0.6338
vn 0.9942 0.0439 -0.0979
vn 0.5000 -0.0000 -0.8660
vn 1.0000 -0.0000 -0.0000
vn 0.5000 -0.0000 0.8660
vn -0.5000 -0.0000 0.8660
vn -1.0000 -0.0000 -0.0000
vn -0.5000 -0.0000 -0.8660
vn 0.0491 -0.0000 -0.9988
vn 0.1467 -0.0000 -0.9892
vn 0.2430 -0.0000 -0.9700
vn 0.3369 -0.0000 -0.9415
vn 0.4276 -0.0000 -0.9040
vn 0.5141 -0.0000 -0.8577
vn 0.5957 -0.0000 -0.8032
vn 0.6716 -0.0000 -0.7409
vn 0.7410 -0.0000 -0.6716
vn 0.8032 -0.0000 -0.5957
vn 0.8577 -0.0000 -0.5141
vn 0.9040 -0.0000 -0.4276
vn 0.9415 -0.0000 -0.3369
vn 0.9700 -0.0000 -0.2430
vn 0.9892 -0.0000 -0.1467
vn 0.9988 -0.0000 -0.0491
vn 0.9988 -0.0000 0.0491
vn 0.9892 -0.0000 0.1467
vn 0.9700 -0.0000 0.2430
vn 0.9415 -0.0000 0.3369
vn 0.9040 -0.0000 0.4276
vn 0.8577 -0.0000 0.5141
vn 0.8032 -0.0000 0.5957
vn 0.7410 -0.0000 0.6716
vn 0.6716 -0.0000 0.7409
vn 0.5957 -0.0000 0.8032
vn 0.5141 -0.0000 0.8577
vn 0.4276 -0.0000 0.9040
vn 0.3369 -0.0000 0.9415
vn 0.2430 -0.0000 0.9700
vn 0.1467 -0.0000 0.9892
vn 0.0491 -0.0000 0.9988
vn -0.0491 -0.0000 0.9988
vn -0.1467 -0.0000 0.9892
vn -0.2430 -0.0000 0.9700
vn -0.3369 -0.0000 0.9415
vn -0.4276 -0.0000 0.9040
vn -0.5141 -0.0000 0.8577
vn -0.5957 -0.0000 0.8032
vn -0.6716 -0.0000 0.7409
vn -0.7410 -0.0000 0.6716
vn -0.8032 -0.0000 0.5957
vn -0.8577 -0.0000 0.5141
vn -0.9040 -0.0000 0.4276
vn -0.9415 -0.0000 0.3369
vn -0.9700 -0.0000 0.2430
vn -0.9892 -0.0000 0.1467
vn -0.9988 -0.0000 0.0491
vn -0.9988 -0.0000 -0.0491
vn -0.9892 -0.0000 -0.1467
vn -0.9700 -0.0000 -0.2430
vn -0.9415 -0.0000 -0.3369
vn -0.9040 -0.0000 -0.4276
vn -0.8577 -0.0000 -0.5141
vn -0.8032 -0.0000 -0.5957
vn -0.7410 -0.0000 -0.6716
vn -0.6716 -0.0000 -0.7409
vn -0.5957 -0.0000 -0.8032
vn -0.5141 -0.0000 -0.8577
vn -0.4276 -0.0000 -0.9040
vn -0.3369 -0.0000 -0.9415
vn -0.2430 -0.0000 -0.9700
vn -0.1467 -0.0000 -0.9892
vn -0.0491 -0.0000 -0.9988
vn -0.6716 -0.0000 0.7410
vn -0.7409 -0.0000 0.6716
vn -0.7409 -0.0000 -0.6716
vn -0.6716 -0.0000 -0.7410
vn 0.6716 -0.0000 -0.7410
vn 0.6716 -0.0000 0.7410
vn -0.1227 -0.0000 -0.9924
vn -0.0000 -0.0000 -1.0000
vn -0.0000 -0.0000 1.0000
vn -0.0000 0.4035 -0.9150
vn -0.8722 -0.4892 -0.0000
vn -0.1227 -0.0000 0.9924
vn -0.1807 0.9835 -0.0000
vn -0.1807 -0.9835 -0.0000
vn -0.8722 0.4892 -0.0000
vn -0.7680 -0.0000 0.6404
vn -0.7680 -0.0000 -0.6404
vn 0.9150 0.4035 -0.0000
vn -0.9150 0.4035 -0.0000
vn -0.0000 0.4035 0.9150
vn 0.0892 -0.4138 -0.9060
vn 0.2643 -0.4138 -0.8712
vn 0.4292 -0.4138 -0.8029
vn 0.5775 -0.4138 -0.7037
vn 0.7037 -0.4138 -0.5775
vn 0.8029 -0.4138 -0.4291
vn 0.8712 -0.4138 -0.2643
vn 0.9060 -0.4138 -0.0892
vn 0.9060 -0.4138 0.0892
vn 0.8712 -0.4138 0.2643
vn 0.8029 -0.4138 0.4292
vn 0.7037 -0.4138 0.5775
vn 0.5775 -0.4138 0.7037
vn 0.4292 -0.4138 0.8029
vn 0.2643 -0.4138 0.8712
vn 0.0892 -0.4138 0.9060
vn -0.0892 -0.4138 0.9060
vn -0.2643 -0.4138 0.8712
vn -0.4292 -0.4138 0.8029
vn -0.5775 -0.4138 0.7037
vn -0.7037 -0.4138 0.5775
vn -0.8029 -0.4138 0.4291
vn -0.8712 -0.4138 0.2643
vn -0.9060 -0.4138 0.0892
vn -0.9060 -0.4138 -0.0892
vn -0.8712 -0.4138 -0.2643
vn -0.8029 -0.4138 -0.4292
vn -0.7037 -0.4138 -0.5775
vn -0.5775 -0.4138 -0.7037
vn -0.4292 -0.4138 -0.8029
vn -0.2643 -0.4138 -0.8712
vn -0.0892 -0.4138 -0.9060
vn 0.3334 0.7069 -0.6238
vn -0.5377 0.7926 0.2874
vn -0.3334 0.7069 -0.6238
vn -0.0693 0.7069 0.7039
vn 0.4487 0.7069 -0.5467
vn -0.2053 0.7069 -0.6768
vn -0.2053 0.7069 0.6768
vn 0.5467 0.7069 -0.4487
vn -0.0693 0.7069 -0.7039
vn -0.3334 0.7069 0.6238
vn 0.6238 0.7069 -0.3334
vn -0.4487 0.7069 0.5467
vn 0.6768 0.7069 -0.2053
vn -0.5467 0.7069 0.4487
vn 0.7039 0.7069 -0.0693
vn -0.6238 0.7069 0.3334
vn 0.7039 0.7070 0.0693
vn -0.6768 0.7069 0.2053
vn 0.6768 0.7070 0.2053
vn -0.7039 0.7069 0.0693
vn 0.6238 0.7069 0.3334
vn -0.7039 0.7070 -0.0693
vn 0.5467 0.7069 0.4487
vn -0.6768 0.7070 -0.2053
vn 0.4487 0.7069 0.5467
vn -0.6238 0.7069 -0.3334
vn 0.3334 0.7069 0.6238
vn 0.0693 0.7069 -0.7039
vn -0.5467 0.7069 -0.4487
vn 0.2053 0.7069 0.6768
vn 0.2053 0.7069 -0.6768
vn -0.4487 0.7069 -0.5467
vn 0.0693 0.7069 0.7039
vn 0.6229 0.7799 0.0614
vn 0.3868 0.7926 -0.4713
vn -0.5835 0.7926 0.1770
vn 0.4713 0.7926 -0.3868
vn -0.6068 0.7926 0.0598
vn 0.5377 0.7926 -0.2874
vn -0.6068 0.7926 -0.0598
vn 0.5835 0.7926 -0.1770
vn -0.5835 0.7926 -0.1770
vn 0.6068 0.7926 -0.0598
vn -0.5377 0.7926 -0.2874
vn 0.6068 0.7926 0.0598
vn -0.4713 0.7926 -0.3868
vn 0.5835 0.7926 0.1770
vn -0.3868 0.7926 -0.4713
vn 0.5377 0.7926 0.2874
vn -0.2874 0.7926 -0.5377
vn -0.0598 0.7926 0.6068
vn 0.4713 0.7926 0.3868
vn -0.1770 0.7926 -0.5834
vn -0.1770 0.7926 0.5834
vn 0.3868 0.7926 0.4713
vn -0.0598 0.7926 -0.6068
vn -0.2874 0.7926 0.5377
vn 0.2874 0.7926 0.5377
vn 0.0598 0.7926 -0.6068
vn -0.3868 0.7926 0.4713
vn 0.1770 0.7926 0.5834
vn 0.1770 0.7926 -0.5834
vn -0.4713 0.7926 0.3868
vn 0.0598 0.7926 0.6068
vn 0.2874 0.7926 -0.5377
vn 0.6005 0.6297 0.4928
vn -0.5990 0.7799 0.1817
vn 0.5990 0.7799 0.1817
vn -0.6229 0.7799 0.0614
vn 0.5520 0.7799 0.2951
vn -0.6229 0.7799 -0.0614
vn 0.4839 0.7799 0.3971
vn -0.5990 0.7799 -0.1817
vn 0.3971 0.7799 0.4839
vn -0.5520 0.7799 -0.2951
vn 0.2951 0.7799 0.5520
vn 0.0614 0.7799 -0.6229
vn -0.4839 0.7799 -0.3971
vn 0.1817 0.7799 0.5990
vn 0.1817 0.7799 -0.5990
vn -0.3971 0.7799 -0.4839
vn 0.0614 0.7799 0.6229
vn 0.2951 0.7799 -0.5520
vn -0.2951 0.7799 -0.5520
vn -0.0614 0.7799 0.6229
vn 0.3971 0.7799 -0.4839
vn -0.1817 0.7799 -0.5990
vn -0.1817 0.7799 0.5990
vn 0.4839 0.7799 -0.3971
vn -0.0613 0.7799 -0.6229
vn -0.2951 0.7799 0.5520
vn 0.5520 0.7799 -0.2951
vn -0.3971 0.7799 0.4839
vn 0.5990 0.7799 -0.1817
vn -0.4839 0.7799 0.3971
vn 0.6229 0.7799 -0.0614
vn -0.5520 0.7799 0.2951
vn -0.2303 0.6087 -0.7592
vn -0.7434 0.6297 -0.2255
vn 0.4928 0.6297 0.6005
vn -0.6851 0.6297 -0.3662
vn 0.3663 0.6297 0.6851
vn 0.0761 0.6297 -0.7731
vn -0.6005 0.6297 -0.4928
vn 0.2255 0.6297 0.7434
vn 0.2255 0.6297 -0.7434
vn -0.4928 0.6297 -0.6005
vn 0.0761 0.6297 0.7731
vn 0.3662 0.6297 -0.6851
vn -0.3662 0.6297 -0.6851
vn -0.0761 0.6297 0.7731
vn 0.4928 0.6297 -0.6005
vn -0.2255 0.6297 -0.7434
vn -0.2255 0.6297 0.7434
vn 0.6005 0.6297 -0.4928
vn -0.0761 0.6297 -0.7731
vn -0.3663 0.6297 0.6851
vn 0.6851 0.6297 -0.3662
vn -0.4928 0.6297 0.6005
vn 0.7434 0.6297 -0.2255
vn -0.6005 0.6297 0.4928
vn 0.7731 0.6297 -0.0761
vn -0.6851 0.6297 0.3662
vn 0.7731 0.6297 0.0761
vn -0.7434 0.6297 0.2255
vn 0.7434 0.6296 0.2255
vn -0.7731 0.6297 0.0762
vn 0.6851 0.6297 0.3662
vn -0.7731 0.6297 -0.0761
vn -0.0114 0.9992 0.0374
vn -0.2304 0.6087 0.7592
vn 0.5034 0.6087 0.6133
vn -0.0778 0.6087 -0.7896
vn -0.3740 0.6087 0.6997
vn 0.3741 0.6087 0.6997
vn 0.0777 0.6087 -0.7896
vn -0.5033 0.6087 0.6133
vn 0.2304 0.6087 0.7592
vn 0.2303 0.6087 -0.7592
vn -0.6133 0.6087 0.5033
vn 0.0778 0.6087 0.7896
vn 0.3740 0.6087 -0.6997
vn -0.6997 0.6087 0.3740
vn 0.5033 0.6087 -0.6133
vn -0.7592 0.6087 0.2303
vn 0.6133 0.6087 -0.5033
vn -0.7896 0.6087 0.0778
vn 0.6997 0.6087 -0.3740
vn -0.7896 0.6087 -0.0778
vn 0.7593 0.6086 -0.2303
vn -0.7593 0.6086 -0.2303
vn 0.7896 0.6087 -0.0778
vn -0.6997 0.6087 -0.3740
vn 0.7895 0.6088 0.0778
vn -0.6133 0.6087 -0.5033
vn 0.7592 0.6087 0.2303
vn -0.5034 0.6087 -0.6133
vn 0.6997 0.6087 0.3740
vn -0.3741 0.6087 -0.6997
vn -0.0777 0.6087 0.7896
vn 0.6133 0.6087 0.5033
vn 0.0302 0.9992 -0.0248
vn -0.0038 0.9992 -0.0389
vn -0.0185 0.9992 0.0345
vn 0.0345 0.9992 -0.0184
vn -0.0248 0.9992 0.0302
vn 0.0374 0.9992 -0.0113
vn -0.0302 0.9992 0.0248
vn 0.0389 0.9992 -0.0038
vn -0.0345 0.9992 0.0184
vn 0.0389 0.9992 0.0038
vn -0.0374 0.9992 0.0113
vn 0.0374 0.9992 0.0113
vn -0.0389 0.9992 0.0038
vn 0.0345 0.9992 0.0184
vn -0.0389 0.9992 -0.0038
vn 0.0302 0.9992 0.0248
vn -0.0374 0.9992 -0.0113
vn 0.0248 0.9992 0.0302
vn -0.0345 0.9992 -0.0184
vn 0.0185 0.9992 0.0345
vn 0.0038 0.9992 -0.0389
vn -0.0302 0.9992 -0.0248
vn 0.0113 0.9992 0.0374
vn 0.0114 0.9992 -0.0374
vn -0.0248 0.9992 -0.0302
vn 0.0038 0.9992 0.0389
vn 0.0184 0.9992 -0.0345
vn -0.0185 0.9992 -0.0345
vn -0.0038 0.9992 0.0389
vn 0.0248 0.9992 -0.0302
vn -0.0113 0.9992 -0.0374
vn -0.5891 -0.8060 0.0580
vn -0.8754 -0.1212 -0.4679
vn 0.5221 -0.8060 0.2791
vn -0.5891 -0.8060 -0.0580
vn 0.4576 -0.8060 0.3755
vn -0.5665 -0.8060 -0.1718
vn 0.3756 -0.8060 0.4576
vn -0.5221 -0.8060 -0.2791
vn 0.2790 -0.8060 0.5221
vn 0.0580 -0.8060 -0.5891
vn -0.4576 -0.8060 -0.3755
vn 0.1718 -0.8060 0.5665
vn 0.1718 -0.8060 -0.5665
vn -0.3756 -0.8060 -0.4576
vn 0.0580 -0.8060 0.5891
vn 0.2791 -0.8060 -0.5221
vn -0.2790 -0.8060 -0.5221
vn -0.0580 -0.8060 0.5891
vn 0.3756 -0.8060 -0.4576
vn -0.1718 -0.8060 -0.5665
vn -0.1718 -0.8060 0.5665
vn 0.4576 -0.8060 -0.3755
vn -0.0580 -0.8060 -0.5891
vn -0.2790 -0.8060 0.5221
vn 0.5220 -0.8060 -0.2791
vn -0.3756 -0.8060 0.4576
vn 0.5664 -0.8060 -0.1719
vn -0.4576 -0.8060 0.3755
vn 0.5891 -0.8060 -0.0580
vn -0.5221 -0.8060 0.2791
vn 0.5891 -0.8060 0.0580
vn -0.5665 -0.8060 0.1718
vn 0.5665 -0.8059 0.1718
vn -0.4683 0.1142 -0.8762
vn 0.4679 -0.1212 0.8754
vn 0.0973 -0.1212 -0.9878
vn -0.7673 -0.1212 -0.6297
vn 0.2881 -0.1212 0.9499
vn 0.2882 -0.1212 -0.9499
vn -0.6297 -0.1212 -0.7673
vn 0.0973 -0.1212 0.9879
vn 0.4679 -0.1212 -0.8754
vn -0.4679 -0.1212 -0.8754
vn -0.0973 -0.1212 0.9878
vn 0.6297 -0.1212 -0.7673
vn -0.2881 -0.1212 -0.9499
vn -0.2882 -0.1212 0.9499
vn 0.7673 -0.1212 -0.6297
vn -0.0973 -0.1212 -0.9879
vn -0.4679 -0.1212 0.8754
vn 0.8754 -0.1212 -0.4679
vn -0.6297 -0.1212 0.7673
vn 0.9499 -0.1212 -0.2881
vn -0.7673 -0.1212 0.6297
vn 0.9878 -0.1212 -0.0973
vn -0.8754 -0.1212 0.4679
vn 0.9878 -0.1212 0.0973
vn -0.9499 -0.1212 0.2881
vn 0.9499 -0.1212 0.2881
vn -0.9878 -0.1212 0.0973
vn 0.8754 -0.1212 0.4679
vn -0.9878 -0.1212 -0.0973
vn 0.7673 -0.1212 0.6297
vn -0.9499 -0.1212 -0.2881
vn 0.6297 -0.1212 0.7673
vn -0.5119 0.5907 0.6237
vn -0.0974 0.1142 0.9887
vn 0.6302 0.1142 -0.7680
vn -0.2884 0.1142 -0.9507
vn -0.2884 0.1142 0.9507
vn 0.7680 0.1142 -0.6302
vn -0.0974 0.1142 -0.9887
vn -0.4683 0.1142 0.8761
vn 0.8762 0.1142 -0.4683
vn -0.6302 0.1142 0.7679
vn 0.9507 0.1142 -0.2884
vn -0.7680 0.1142 0.6302
vn 0.9887 0.1142 -0.0974
vn -0.8761 0.1142 0.4683
vn 0.9887 0.1142 0.0974
vn -0.9507 0.1142 0.2884
vn 0.9507 0.1142 0.2884
vn -0.9887 0.1142 0.0974
vn 0.8761 0.1142 0.4683
vn -0.9887 0.1142 -0.0974
vn 0.7680 0.1142 0.6302
vn -0.9507 0.1142 -0.2884
vn 0.6302 0.1142 0.7680
vn -0.8762 0.1142 -0.4683
vn 0.4683 0.1142 0.8762
vn 0.0974 0.1142 -0.9887
vn -0.7680 0.1142 -0.6302
vn 0.2884 0.1142 0.9507
vn 0.2884 0.1142 -0.9507
vn -0.6302 0.1142 -0.7680
vn 0.0974 0.1142 0.9887
vn 0.4683 0.1142 -0.8762
vn 0.7722 0.5907 -0.2342
vn -0.6237 0.5907 0.5119
vn 0.8030 0.5907 -0.0791
vn -0.7116 0.5907 0.3804
vn 0.8030 0.5907 0.0791
vn -0.7722 0.5907 0.2342
vn 0.7721 0.5907 0.2342
vn -0.8030 0.5907 0.0791
vn 0.7116 0.5907 0.3804
vn -0.8030 0.5907 -0.0791
vn 0.6237 0.5907 0.5119
vn -0.7722 0.5907 -0.2342
vn 0.5119 0.5907 0.6238
vn -0.7116 0.5907 -0.3804
vn 0.3804 0.5907 0.7116
vn 0.0791 0.5907 -0.8030
vn -0.6237 0.5907 -0.5119
vn 0.2342 0.5907 0.7722
vn 0.2342 0.5907 -0.7722
vn -0.5119 0.5907 -0.6238
vn 0.0791 0.5907 0.8030
vn 0.3804 0.5907 -0.7116
vn -0.3804 0.5907 -0.7116
vn -0.0791 0.5907 0.8030
vn 0.5119 0.5907 -0.6237
vn -0.2342 0.5907 -0.7722
vn -0.2342 0.5907 0.7722
vn 0.6237 0.5907 -0.5119
vn -0.0791 0.5907 -0.8030
vn -0.3804 0.5907 0.7116
vn 0.7116 0.5907 -0.3804
vn -0.9093 0.3117 -0.2758
vn 0.2902 0.0181 -0.9568
vn 0.6028 0.3117 0.7345
vn -0.8380 0.3117 -0.4479
vn 0.4479 0.3117 0.8380
vn 0.0931 0.3117 -0.9456
vn -0.7345 0.3117 -0.6028
vn 0.2758 0.3117 0.9093
vn 0.2758 0.3117 -0.9093
vn -0.6028 0.3117 -0.7345
vn 0.0931 0.3117 0.9456
vn 0.4479 0.3117 -0.8380
vn -0.4479 0.3117 -0.8380
vn -0.0931 0.3117 0.9456
vn 0.6028 0.3117 -0.7345
vn -0.2758 0.3117 -0.9093
vn -0.2758 0.3117 0.9093
vn 0.7345 0.3117 -0.6028
vn -0.0931 0.3117 -0.9456
vn -0.4479 0.3117 0.8380
vn 0.8380 0.3117 -0.4479
vn -0.6028 0.3117 0.7345
vn 0.9093 0.3117 -0.2758
vn -0.7345 0.3117 0.6028
vn 0.9456 0.3117 -0.0931
vn -0.8380 0.3117 0.4479
vn 0.9456 0.3117 0.0931
vn -0.9093 0.3117 0.2758
vn 0.9093 0.3117 0.2758
vn -0.9456 0.3117 0.0931
vn 0.8380 0.3117 0.4479
vn -0.9456 0.3117 -0.0931
vn 0.7345 0.3117 0.6028
vn -0.6343 0.0181 -0.7729
vn 0.0980 0.0181 0.9950
vn 0.4713 0.0181 -0.8818
vn -0.4713 0.0181 -0.8818
vn -0.0980 0.0181 0.9950
vn 0.6343 0.0181 -0.7729
vn -0.2902 0.0181 -0.9568
vn -0.2902 0.0181 0.9568
vn 0.7729 0.0181 -0.6343
vn -0.0980 0.0181 -0.9950
vn -0.4713 0.0181 0.8818
vn 0.8818 0.0181 -0.4713
vn -0.6343 0.0181 0.7729
vn 0.9568 0.0181 -0.2902
vn -0.7729 0.0181 0.6343
vn 0.9950 0.0181 -0.0980
vn -0.8818 0.0181 0.4713
vn 0.9950 0.0181 0.0980
vn -0.9568 0.0181 0.2902
vn 0.9568 0.0181 0.2902
vn -0.9950 0.0181 0.0980
vn 0.8818 0.0181 0.4713
vn -0.9950 0.0181 -0.0980
vn 0.7729 0.0181 0.6343
vn -0.9568 0.0181 -0.2902
vn 0.6343 0.0181 0.7729
vn -0.8818 0.0181 -0.4713
vn 0.4713 0.0181 0.8818
vn 0.0980 0.0181 -0.9950
vn -0.7729 0.0181 -0.6343
vn 0.2902 0.0181 0.9568
vn -0.0410 0.9081 0.4168
vn -0.0411 0.9081 -0.4168
vn 0.0198 0.9995 0.0241
vn 0.0030 0.9995 -0.0310
vn -0.0198 0.9995 -0.0241
vn -0.0030 0.9995 0.0310
vn 0.0197 0.9995 -0.0241
vn -0.0197 0.9995 0.0241
vn -0.1154 -0.9932 -0.0114
vn -0.1110 -0.9933 -0.0337
vn 0.1110 -0.9932 -0.0337
vn 0.1154 -0.9933 -0.0114
vn 0.1110 -0.9933 0.0337
vn -0.0569 -0.8145 0.5773
vn 0.2790 0.8061 0.5219
vn 0.2790 0.8061 -0.5219
vn -0.2790 0.8061 -0.5219
vn -0.2790 0.8061 0.5219
vn 0.5219 0.8061 -0.2790
vn -0.5219 0.8061 0.2790
vn 0.5220 0.8061 0.2790
vn -0.5220 0.8061 -0.2790
vn 0.2303 0.9318 0.2806
vn -0.2303 0.9318 -0.2806
vn 0.2302 0.9318 -0.2806
vn 0.4275 -0.0000 -0.9040
vn 0.7409 -0.0000 -0.6716
vn 0.7409 -0.0000 0.6716
vn -0.4275 -0.0000 -0.9040
vn 0.0001 1.0000 -0.0000
vn -0.0001 1.0000 -0.0000
vn 0.0001 -1.0000 -0.0000
vn -0.0001 -1.0000 -0.0000
vn -0.1808 0.9835 -0.0000
vn 0.4291 -0.4138 -0.8029
vn 0.8029 -0.4138 -0.4292
vn 0.8029 -0.4138 0.4291
vn -0.4291 -0.4138 0.8029
vn -0.8029 -0.4138 0.4292
vn -0.8029 -0.4138 -0.4291
vn -0.5377 0.7927 0.2874
vn 0.4487 0.7070 -0.5467
vn 0.6768 0.7070 -0.2053
vn 0.7039 0.7070 -0.0693
vn 0.7039 0.7069 0.0693
vn -0.6768 0.7070 0.2053
vn 0.6768 0.7069 0.2053
vn -0.7039 0.7070 0.0693
vn -0.7039 0.7069 -0.0693
vn -0.6768 0.7069 -0.2053
vn -0.5834 0.7926 0.1770
vn 0.5377 0.7927 -0.2874
vn 0.5834 0.7926 -0.1770
vn -0.5834 0.7926 -0.1770
vn 0.5834 0.7926 0.1770
vn 0.0613 0.7799 -0.6229
vn 0.0613 0.7799 0.6229
vn -0.0613 0.7799 0.6229
vn -0.0614 0.7799 -0.6229
vn -0.2304 0.6087 -0.7592
vn 0.3662 0.6297 0.6851
vn 0.3663 0.6297 -0.6851
vn -0.3663 0.6297 -0.6851
vn -0.3662 0.6297 0.6851
vn 0.7434 0.6296 -0.2255
vn 0.7434 0.6297 0.2255
vn -0.7731 0.6296 0.0761
vn -0.0112 0.9992 0.0374
vn -0.2303 0.6087 0.7592
vn 0.5033 0.6087 0.6133
vn -0.0777 0.6087 -0.7896
vn -0.3741 0.6087 0.6997
vn 0.3740 0.6087 0.6997
vn 0.0778 0.6087 -0.7896
vn -0.5034 0.6087 0.6133
vn 0.2303 0.6087 0.7592
vn 0.2304 0.6087 -0.7592
vn 0.0777 0.6087 0.7896
vn 0.3741 0.6087 -0.6997
vn 0.5034 0.6087 -0.6133
vn -0.7593 0.6086 0.2303
vn 0.7592 0.6087 -0.2303
vn -0.7592 0.6087 -0.2303
vn 0.7896 0.6087 0.0778
vn 0.7593 0.6086 0.2303
vn -0.5033 0.6087 -0.6133
vn -0.3740 0.6087 -0.6997
vn -0.0778 0.6087 0.7896
vn -0.0039 0.9992 -0.0389
vn -0.0184 0.9992 0.0345
vn -0.0303 0.9992 0.0248
vn 0.0184 0.9992 0.0345
vn 0.0039 0.9992 -0.0389
vn 0.0114 0.9992 0.0374
vn 0.0113 0.9992 -0.0374
vn 0.0039 0.9992 0.0389
vn 0.0185 0.9992 -0.0345
vn -0.0184 0.9992 -0.0345
vn -0.0039 0.9992 0.0389
vn -0.0114 0.9992 -0.0374
vn 0.5221 -0.8060 0.2790
vn -0.5891 -0.8059 -0.0580
vn -0.5220 -0.8060 -0.2791
vn 0.2791 -0.8060 0.5221
vn 0.2790 -0.8060 -0.5221
vn -0.2791 -0.8060 -0.5221
vn 0.5221 -0.8060 -0.2791
vn 0.5666 -0.8059 -0.1718
vn 0.5891 -0.8059 -0.0580
vn -0.5665 -0.8059 0.1718
vn 0.5664 -0.8060 0.1718
vn -0.4683 0.1142 -0.8761
vn 0.2882 -0.1212 0.9499
vn 0.2881 -0.1212 -0.9499
vn 0.0973 -0.1212 0.9878
vn -0.2882 -0.1212 -0.9499
vn -0.2881 -0.1212 0.9499
vn -0.0973 -0.1212 -0.9878
vn -0.9499 -0.1212 0.2882
vn -0.5119 0.5907 0.6238
vn -0.4683 0.1142 0.8762
vn 0.8761 0.1142 -0.4683
vn -0.6302 0.1142 0.7680
vn -0.8762 0.1142 0.4683
vn 0.8762 0.1142 0.4683
vn -0.8761 0.1142 -0.4683
vn -0.6302 0.1142 -0.7679
vn 0.7721 0.5907 -0.2342
vn 0.7722 0.5907 0.2342
vn 0.5119 0.5907 0.6237
vn 0.3803 0.5907 0.7116
vn -0.5119 0.5907 -0.6237
vn 0.5119 0.5907 -0.6238
vn -0.0011 1.0000 -0.0000
vn 0.0021 1.0000 -0.0000
vn -0.0021 1.0000 -0.0000
vn 0.0011 1.0000 -0.0000
vn -0.0006 1.0000 -0.0000
vn 0.0006 1.0000 -0.0000
vn 0.0002 1.0000 -0.0000
vt 0.883510 0.899841
vt 0.859504 0.886092
vt 0.883480 0.885495
vt 0.883390 0.871703
vt 0.859418 0.872871
vt 0.883244 0.858994
vt 0.859278 0.860688
vt 0.883048 0.847857
vt 0.696705 0.841802
vt 0.720881 0.832812
vt 0.720666 0.843956
vt 0.696911 0.831119
vt 0.721041 0.820098
vt 0.697064 0.818932
vt 0.721139 0.806302
vt 0.697190 0.791955
vt 0.721172 0.791955
vt 0.721139 0.777608
vt 0.697158 0.778203
vt 0.721041 0.763812
vt 0.697064 0.764979
vt 0.720881 0.751098
vt 0.696705 0.742109
vt 0.720666 0.739954
vt 0.721125 0.859096
vt 0.696971 0.868077
vt 0.697167 0.856940
vt 0.720797 0.881953
vt 0.696825 0.880786
vt 0.696735 0.894578
vt 0.720682 0.908926
vt 0.696705 0.908924
vt 0.696735 0.923272
vt 0.720711 0.922680
vt 0.696825 0.937071
vt 0.720797 0.935907
vt 0.696971 0.949791
vt 0.720937 0.948099
vt 0.697167 0.960942
vt 0.911361 0.946324
vt 0.935537 0.937335
vt 0.935322 0.948479
vt 0.911567 0.935642
vt 0.935697 0.924621
vt 0.911720 0.923455
vt 0.935795 0.910825
vt 0.911814 0.910231
vt 0.935828 0.896478
vt 0.911846 0.896478
vt 0.935795 0.882131
vt 0.911814 0.882725
vt 0.935697 0.868335
vt 0.911720 0.869501
vt 0.935537 0.855621
vt 0.911361 0.846632
vt 0.935322 0.844477
vt 0.859090 0.949705
vt 0.883244 0.940708
vt 0.883048 0.951859
vt 0.859278 0.939016
vt 0.883390 0.927988
vt 0.827770 0.570367
vt 0.813561 0.574341
vt 0.814216 0.567671
vt 0.859418 0.926824
vt 0.883480 0.914189
vt 0.859504 0.913597
vt 0.744933 0.430400
vt 0.738421 0.443418
vt 0.744016 0.429910
vt 0.979704 0.423495
vt 0.980315 0.435939
vt 0.979677 0.435939
vt 0.737153 0.630916
vt 0.743825 0.644078
vt 0.737153 0.644735
vt 0.840537 0.699995
vt 0.825826 0.698869
vt 0.837379 0.694083
vt 0.869476 0.604595
vt 0.856619 0.597357
vt 0.861799 0.593105
vt 0.762586 0.583333
vt 0.757998 0.597357
vt 0.752815 0.593105
vt 0.774077 0.699995
vt 0.766840 0.687136
vt 0.777238 0.694083
vt 0.874765 0.658288
vt 0.870792 0.644078
vt 0.877461 0.644735
vt 0.801056 0.574341
vt 0.800397 0.567671
vt 0.746265 0.656343
vt 0.739849 0.658288
vt 0.852028 0.692317
vt 0.847777 0.687136
vt 0.847777 0.588514
vt 0.852027 0.583333
vt 0.751050 0.607754
vt 0.745137 0.604595
vt 0.786844 0.705283
vt 0.788791 0.698869
vt 0.877461 0.630916
vt 0.870792 0.631572
vt 0.788791 0.576781
vt 0.786844 0.570367
vt 0.751050 0.667896
vt 0.745137 0.671056
vt 0.856619 0.678293
vt 0.861799 0.682546
vt 0.840537 0.575655
vt 0.837379 0.581567
vt 0.746265 0.619308
vt 0.739849 0.617362
vt 0.801056 0.701309
vt 0.800397 0.707979
vt 0.874765 0.617362
vt 0.868352 0.619307
vt 0.774077 0.575656
vt 0.777238 0.581567
vt 0.752815 0.682546
vt 0.757998 0.678293
vt 0.869477 0.671055
vt 0.863567 0.667896
vt 0.825826 0.576781
vt 0.743825 0.631572
vt 0.827770 0.705283
vt 0.813561 0.701309
vt 0.814217 0.707979
vt 0.863567 0.607754
vt 0.766840 0.588514
vt 0.762586 0.692317
vt 0.868352 0.656342
vt 0.440941 0.338353
vt 0.439336 0.367754
vt 0.424788 0.358034
vt 0.981890 0.027176
vt 0.981126 0.016152
vt 0.981764 0.016152
vt 0.981764 0.087033
vt 0.981252 0.075999
vt 0.981890 0.075999
vt 0.980341 0.448385
vt 0.979704 0.448385
vt 0.980956 0.006492
vt 0.981593 0.006492
vt 0.981330 0.064030
vt 0.981968 0.064030
vt 0.980419 0.460354
vt 0.979782 0.460354
vt 0.663054 0.964642
vt 0.662602 0.954975
vt 0.663240 0.954975
vt 0.981357 0.051584
vt 0.981994 0.051584
vt 0.980546 0.471387
vt 0.979908 0.471387
vt 0.662741 0.943947
vt 0.663378 0.943947
vt 0.980716 0.481060
vt 0.980078 0.481060
vt 0.662826 0.931980
vt 0.663464 0.931980
vt 0.677114 0.964642
vt 0.676662 0.954975
vt 0.677300 0.954975
vt 0.662855 0.919535
vt 0.663492 0.919535
vt 0.676801 0.943947
vt 0.677438 0.943947
vt 0.662826 0.907090
vt 0.663464 0.907090
vt 0.676886 0.931980
vt 0.677524 0.931980
vt 0.662741 0.895123
vt 0.663378 0.895123
vt 0.676915 0.919535
vt 0.677552 0.919535
vt 0.662602 0.884095
vt 0.663240 0.884095
vt 0.676886 0.907090
vt 0.677524 0.907090
vt 0.662416 0.874428
vt 0.663054 0.874428
vt 0.676801 0.895123
vt 0.677438 0.895123
vt 0.980078 0.390847
vt 0.980546 0.400507
vt 0.979908 0.400507
vt 0.676662 0.884095
vt 0.677300 0.884095
vt 0.980419 0.411531
vt 0.979782 0.411531
vt 0.981330 0.039140
vt 0.981968 0.039140
vt 0.676476 0.874428
vt 0.677114 0.874428
vt 0.980341 0.423495
vt 0.981252 0.027176
vt 0.981593 0.096705
vt 0.981126 0.087033
vt 0.963552 0.307660
vt 0.962392 0.292230
vt 0.963745 0.292230
vt 0.537668 0.258971
vt 0.566816 0.263134
vt 0.542453 0.270524
vt 0.432099 0.329510
vt 0.412417 0.345662
vt 0.544893 0.282789
vt 0.570230 0.280294
vt 0.402696 0.331114
vt 0.425151 0.319113
vt 0.570230 0.297790
vt 0.544893 0.295294
vt 0.420366 0.307559
vt 0.396001 0.314950
vt 0.566816 0.314950
vt 0.542453 0.307559
vt 0.392588 0.297790
vt 0.417926 0.295294
vt 0.560121 0.331115
vt 0.537668 0.319113
vt 0.417926 0.282789
vt 0.392588 0.280294
vt 0.530720 0.329510
vt 0.550400 0.345662
vt 0.420366 0.270524
vt 0.396001 0.263134
vt 0.521878 0.338353
vt 0.538029 0.358034
vt 0.402696 0.246969
vt 0.425151 0.258971
vt 0.523481 0.367754
vt 0.511480 0.345300
vt 0.412417 0.232422
vt 0.432099 0.248573
vt 0.507317 0.374450
vt 0.499927 0.350086
vt 0.499927 0.227998
vt 0.490157 0.200221
vt 0.507317 0.203634
vt 0.440941 0.239731
vt 0.424789 0.220050
vt 0.487662 0.352525
vt 0.490157 0.377863
vt 0.523481 0.210329
vt 0.511480 0.232784
vt 0.439336 0.210329
vt 0.451339 0.232784
vt 0.472660 0.377863
vt 0.475157 0.352525
vt 0.538029 0.220050
vt 0.521878 0.239731
vt 0.462892 0.227998
vt 0.455501 0.203634
vt 0.455500 0.374450
vt 0.462892 0.350086
vt 0.530720 0.248573
vt 0.550400 0.232422
vt 0.475157 0.225558
vt 0.472661 0.200221
vt 0.451339 0.345300
vt 0.560121 0.246969
vt 0.487662 0.225558
vt 0.006492 0.490157
vt 0.047983 0.495766
vt 0.009905 0.507317
vt 0.960252 0.630781
vt 0.958858 0.613369
vt 0.960211 0.613369
vt 0.962512 0.275487
vt 0.963865 0.275487
vt 0.958739 0.596626
vt 0.960092 0.596626
vt 0.962552 0.258075
vt 0.963905 0.258075
vt 0.958545 0.581196
vt 0.959898 0.581196
vt 0.962512 0.240663
vt 0.963865 0.240663
vt 0.958284 0.567671
vt 0.959637 0.567671
vt 0.962392 0.223920
vt 0.963745 0.223920
vt 0.965341 0.390846
vt 0.966456 0.404363
vt 0.965103 0.404363
vt 0.962199 0.208490
vt 0.963552 0.208490
vt 0.966279 0.419787
vt 0.964926 0.419787
vt 0.966181 0.784052
vt 0.964791 0.766642
vt 0.966144 0.766642
vt 0.961938 0.194965
vt 0.963291 0.194965
vt 0.966170 0.436526
vt 0.964817 0.436526
vt 0.964682 0.749903
vt 0.966035 0.749903
vt 0.965620 0.847183
vt 0.964505 0.833649
vt 0.965858 0.833649
vt 0.966133 0.453936
vt 0.964780 0.453936
vt 0.964505 0.734479
vt 0.965858 0.734479
vt 0.964682 0.818213
vt 0.966035 0.818213
vt 0.966170 0.471350
vt 0.964817 0.471350
vt 0.964267 0.720963
vt 0.965620 0.720963
vt 0.964791 0.801466
vt 0.966144 0.801466
vt 0.966279 0.488096
vt 0.964926 0.488096
vt 0.959637 0.693891
vt 0.958545 0.680366
vt 0.959898 0.680366
vt 0.964828 0.784052
vt 0.966456 0.503533
vt 0.965103 0.503533
vt 0.958739 0.664936
vt 0.960092 0.664936
vt 0.966694 0.517066
vt 0.965341 0.517067
vt 0.958858 0.648193
vt 0.960211 0.648193
vt 0.963291 0.321185
vt 0.962199 0.307660
vt 0.958898 0.630781
vt 0.527709 0.922830
vt 0.514524 0.930325
vt 0.514669 0.922830
vt 0.164305 0.424789
vt 0.126691 0.443176
vt 0.151933 0.412417
vt 0.051694 0.504724
vt 0.016601 0.523482
vt 0.137385 0.402697
vt 0.118629 0.437789
vt 0.026321 0.538029
vt 0.057080 0.512786
vt 0.109671 0.434079
vt 0.121221 0.396001
vt 0.104061 0.570230
vt 0.109671 0.528739
vt 0.121221 0.566817
vt 0.063936 0.519642
vt 0.038693 0.550401
vt 0.100161 0.432187
vt 0.104061 0.392588
vt 0.118629 0.525029
vt 0.137386 0.560121
vt 0.053240 0.560121
vt 0.071998 0.525029
vt 0.090466 0.432187
vt 0.086565 0.392588
vt 0.151933 0.550401
vt 0.126691 0.519642
vt 0.069405 0.566817
vt 0.080956 0.528739
vt 0.080956 0.434079
vt 0.069405 0.396001
vt 0.133547 0.512786
vt 0.164305 0.538029
vt 0.090466 0.530631
vt 0.086565 0.570230
vt 0.053240 0.402697
vt 0.071998 0.437789
vt 0.174025 0.523482
vt 0.138933 0.504724
vt 0.100161 0.530631
vt 0.063936 0.443176
vt 0.038693 0.412417
vt 0.180721 0.507317
vt 0.142644 0.495766
vt 0.057080 0.450032
vt 0.026321 0.424789
vt 0.144535 0.486257
vt 0.184134 0.490157
vt 0.051694 0.458094
vt 0.016601 0.439336
vt 0.144535 0.476561
vt 0.184134 0.472661
vt 0.009905 0.455501
vt 0.047983 0.467051
vt 0.142644 0.467051
vt 0.180721 0.455501
vt 0.006492 0.472661
vt 0.046092 0.476561
vt 0.174025 0.439336
vt 0.138933 0.458094
vt 0.046092 0.486257
vt 0.133547 0.450032
vt 0.203508 0.811803
vt 0.203231 0.800714
vt 0.207218 0.802845
vt 0.844018 0.887522
vt 0.831001 0.877873
vt 0.844041 0.877873
vt 0.527816 0.914279
vt 0.514776 0.914279
vt 0.830978 0.868224
vt 0.844018 0.868224
vt 0.527882 0.905001
vt 0.514842 0.905001
vt 0.830912 0.858945
vt 0.843952 0.858945
vt 0.514864 0.895352
vt 0.527904 0.895352
vt 0.843845 0.850394
vt 0.830805 0.850394
vt 0.514842 0.885702
vt 0.527882 0.885702
vt 0.843700 0.842899
vt 0.830660 0.842899
vt 0.514776 0.876424
vt 0.527816 0.876424
vt 0.541067 0.867868
vt 0.554239 0.860378
vt 0.554107 0.867868
vt 0.514669 0.867873
vt 0.527709 0.867873
vt 0.540969 0.876416
vt 0.554009 0.876416
vt 0.580574 0.895341
vt 0.567513 0.885692
vt 0.580554 0.885692
vt 0.514524 0.860378
vt 0.527564 0.860378
vt 0.540908 0.885692
vt 0.553949 0.885692
vt 0.567453 0.876416
vt 0.580494 0.876416
vt 0.580263 0.930325
vt 0.567355 0.922825
vt 0.580395 0.922826
vt 0.540888 0.895341
vt 0.553928 0.895340
vt 0.567355 0.867868
vt 0.580395 0.867868
vt 0.567453 0.914271
vt 0.580494 0.914271
vt 0.540908 0.904990
vt 0.553949 0.904990
vt 0.567223 0.860378
vt 0.580263 0.860378
vt 0.567513 0.904990
vt 0.580554 0.904990
vt 0.540969 0.914271
vt 0.554009 0.914271
vt 0.843700 0.912846
vt 0.830805 0.905351
vt 0.843845 0.905351
vt 0.567534 0.895340
vt 0.541067 0.922826
vt 0.554107 0.922825
vt 0.830912 0.896800
vt 0.843952 0.896800
vt 0.541199 0.930325
vt 0.554239 0.930325
vt 0.830978 0.887522
vt 0.225103 0.910376
vt 0.224556 0.901043
vt 0.224986 0.901043
vt 0.274153 0.869780
vt 0.285082 0.867887
vt 0.276284 0.873766
vt 0.212605 0.794783
vt 0.209110 0.791915
vt 0.265196 0.873490
vt 0.266507 0.877815
vt 0.216593 0.784433
vt 0.219461 0.787927
vt 0.256129 0.879880
vt 0.255686 0.875382
vt 0.225392 0.778553
vt 0.227523 0.782540
vt 0.245990 0.875382
vt 0.245547 0.879880
vt 0.274153 0.782540
vt 0.285082 0.784432
vt 0.282215 0.787927
vt 0.235168 0.774504
vt 0.236481 0.778830
vt 0.236481 0.873490
vt 0.235168 0.877816
vt 0.292565 0.791915
vt 0.289071 0.794783
vt 0.245547 0.772439
vt 0.245990 0.776938
vt 0.225392 0.873766
vt 0.227523 0.869780
vt 0.298444 0.800713
vt 0.294458 0.802844
vt 0.256129 0.772439
vt 0.255686 0.776938
vt 0.219461 0.864393
vt 0.216593 0.867887
vt 0.298168 0.811802
vt 0.302493 0.810490
vt 0.265196 0.778830
vt 0.266507 0.774504
vt 0.209110 0.860404
vt 0.212605 0.857537
vt 0.304558 0.820869
vt 0.300060 0.821312
vt 0.276284 0.778553
vt 0.207218 0.849475
vt 0.203231 0.851606
vt 0.304558 0.831451
vt 0.300060 0.831008
vt 0.203508 0.840518
vt 0.199182 0.841829
vt 0.298168 0.840517
vt 0.302493 0.841829
vt 0.197117 0.831451
vt 0.201616 0.831008
vt 0.298444 0.851606
vt 0.294458 0.849475
vt 0.197117 0.820869
vt 0.201616 0.821312
vt 0.289071 0.857537
vt 0.292565 0.860404
vt 0.199182 0.810490
vt 0.282215 0.864393
vt 0.562953 0.847395
vt 0.514524 0.788383
vt 0.573535 0.739954
vt 0.279378 0.901038
vt 0.279700 0.910367
vt 0.279271 0.910367
vt 0.293703 0.931021
vt 0.293252 0.920491
vt 0.293681 0.920491
vt 0.224399 0.892863
vt 0.224828 0.892863
vt 0.279635 0.920491
vt 0.279205 0.920491
vt 0.293186 0.910367
vt 0.293615 0.910367
vt 0.293364 0.969203
vt 0.293079 0.961018
vt 0.293508 0.961018
vt 0.279612 0.931021
vt 0.279183 0.931021
vt 0.293079 0.901038
vt 0.293508 0.901038
vt 0.293186 0.951681
vt 0.293615 0.951681
vt 0.279635 0.941553
vt 0.279205 0.941553
vt 0.292935 0.892863
vt 0.293364 0.892863
vt 0.293252 0.941553
vt 0.293681 0.941553
vt 0.279700 0.951682
vt 0.279271 0.951682
vt 0.238612 0.969203
vt 0.238340 0.961023
vt 0.238770 0.961023
vt 0.293274 0.931021
vt 0.279807 0.961018
vt 0.279378 0.961018
vt 0.238458 0.951691
vt 0.238887 0.951691
vt 0.279952 0.969203
vt 0.279522 0.969203
vt 0.238530 0.941564
vt 0.238959 0.941564
vt 0.224828 0.969203
vt 0.224556 0.961023
vt 0.224986 0.961023
vt 0.238554 0.931033
vt 0.238983 0.931033
vt 0.224674 0.951691
vt 0.225103 0.951691
vt 0.238530 0.920502
vt 0.238959 0.920502
vt 0.224746 0.941564
vt 0.225175 0.941564
vt 0.238458 0.910376
vt 0.238887 0.910376
vt 0.224770 0.931033
vt 0.225199 0.931033
vt 0.238340 0.901043
vt 0.238770 0.901043
vt 0.224746 0.920502
vt 0.225175 0.920502
vt 0.238183 0.892863
vt 0.238612 0.892863
vt 0.224674 0.910376
vt 0.279522 0.892864
vt 0.279808 0.901038
vt 0.979893 0.826434
vt 0.979434 0.815125
vt 0.979694 0.815125
vt 0.802582 0.538253
vt 0.788140 0.536435
vt 0.788442 0.535441
vt 0.880164 0.443719
vt 0.884010 0.457757
vt 0.882976 0.457859
vt 0.775123 0.400210
vt 0.788140 0.393699
vt 0.788442 0.394693
vt 0.752942 0.511721
vt 0.744016 0.500224
vt 0.744933 0.499734
vt 0.874647 0.499734
vt 0.867440 0.512380
vt 0.866637 0.511721
vt 0.831137 0.394693
vt 0.844946 0.399294
vt 0.844457 0.400210
vt 0.736603 0.457859
vt 0.739416 0.443719
vt 0.816998 0.538253
vt 0.831439 0.536435
vt 0.817100 0.539287
vt 0.802479 0.539287
vt 0.874647 0.430400
vt 0.881158 0.443418
vt 0.763136 0.408219
vt 0.774633 0.399294
vt 0.762477 0.522718
vt 0.752139 0.512380
vt 0.881158 0.486716
vt 0.875563 0.500224
vt 0.816998 0.391880
vt 0.831439 0.393699
vt 0.736603 0.472275
vt 0.735569 0.457757
vt 0.844457 0.529924
vt 0.831137 0.535441
vt 0.866637 0.418413
vt 0.875563 0.429910
vt 0.752139 0.417754
vt 0.762477 0.407416
vt 0.775123 0.529924
vt 0.763136 0.521915
vt 0.882976 0.472275
vt 0.880164 0.486415
vt 0.802582 0.391880
vt 0.817100 0.390846
vt 0.739416 0.486415
vt 0.735569 0.472377
vt 0.856443 0.521915
vt 0.844946 0.530840
vt 0.857102 0.407416
vt 0.867440 0.417754
vt 0.752942 0.418413
vt 0.774633 0.530840
vt 0.884010 0.472377
vt 0.802479 0.390846
vt 0.738421 0.486716
vt 0.857102 0.522718
vt 0.856443 0.408219
vt 0.736930 0.073402
vt 0.738488 0.087869
vt 0.736930 0.088022
vt 0.979043 0.927451
vt 0.979203 0.941442
vt 0.978944 0.941442
vt 0.635166 0.968598
vt 0.635208 0.979900
vt 0.634948 0.979900
vt 0.979077 0.912902
vt 0.979303 0.927451
vt 0.635328 0.955704
vt 0.635425 0.968598
vt 0.979043 0.898352
vt 0.979337 0.912902
vt 0.635427 0.941714
vt 0.635587 0.955704
vt 0.978944 0.884361
vt 0.979303 0.898352
vt 0.635461 0.927164
vt 0.635687 0.941714
vt 0.978782 0.871467
vt 0.979203 0.884361
vt 0.635427 0.912614
vt 0.635721 0.927164
vt 0.978564 0.860166
vt 0.979041 0.871467
vt 0.635328 0.898624
vt 0.635687 0.912614
vt 0.979694 0.732257
vt 0.979633 0.720962
vt 0.979893 0.720962
vt 0.635166 0.885730
vt 0.635587 0.898624
vt 0.979546 0.745145
vt 0.979434 0.732257
vt 0.649142 0.912599
vt 0.649432 0.927147
vt 0.649173 0.927147
vt 0.634948 0.874428
vt 0.635425 0.885730
vt 0.979455 0.759133
vt 0.979286 0.745145
vt 0.649051 0.898611
vt 0.649402 0.912599
vt 0.648903 0.968591
vt 0.648964 0.979900
vt 0.648704 0.979900
vt 0.979424 0.773681
vt 0.979195 0.759133
vt 0.648903 0.885723
vt 0.649311 0.898611
vt 0.649051 0.955692
vt 0.649163 0.968591
vt 0.979455 0.788232
vt 0.979164 0.773681
vt 0.648704 0.874428
vt 0.649163 0.885723
vt 0.649142 0.941698
vt 0.649311 0.955692
vt 0.979546 0.802226
vt 0.979195 0.788232
vt 0.978782 0.954336
vt 0.978823 0.965637
vt 0.978564 0.965637
vt 0.649402 0.941698
vt 0.979286 0.802226
vt 0.979041 0.954336
vt 0.915509 0.220258
vt 0.948920 0.233512
vt 0.915607 0.233955
vt 0.868801 0.128025
vt 0.875544 0.115131
vt 0.876923 0.115869
vt 0.739782 0.059063
vt 0.738488 0.073556
vt 0.858463 0.138363
vt 0.867592 0.127032
vt 0.745377 0.045556
vt 0.741280 0.059517
vt 0.845569 0.145106
vt 0.857470 0.137154
vt 0.753499 0.033399
vt 0.746758 0.046293
vt 0.832799 0.152080
vt 0.846306 0.146485
vt 0.763837 0.023061
vt 0.754710 0.034392
vt 0.818460 0.154933
vt 0.832345 0.150583
vt 0.846307 0.014939
vt 0.832346 0.010842
vt 0.832799 0.009344
vt 0.776732 0.016319
vt 0.764831 0.024271
vt 0.803840 0.154933
vt 0.818307 0.153376
vt 0.858463 0.023061
vt 0.845570 0.016319
vt 0.789501 0.009344
vt 0.775994 0.014939
vt 0.789501 0.152080
vt 0.803994 0.153376
vt 0.868801 0.033399
vt 0.857471 0.024271
vt 0.803994 0.008049
vt 0.789956 0.010842
vt 0.775993 0.146485
vt 0.789955 0.150583
vt 0.876923 0.045556
vt 0.867592 0.034392
vt 0.818460 0.006492
vt 0.803840 0.006492
vt 0.763837 0.138363
vt 0.776732 0.145106
vt 0.882518 0.059063
vt 0.875544 0.046293
vt 0.818307 0.008049
vt 0.753499 0.128025
vt 0.764831 0.137153
vt 0.885370 0.073402
vt 0.881021 0.059517
vt 0.746757 0.115131
vt 0.754709 0.127032
vt 0.885370 0.088022
vt 0.883814 0.073556
vt 0.739782 0.102361
vt 0.745377 0.115869
vt 0.882518 0.102361
vt 0.883814 0.087869
vt 0.741280 0.101907
vt 0.881021 0.101907
vt 0.667853 0.539476
vt 0.682276 0.535304
vt 0.668339 0.541077
vt 0.817482 0.855562
vt 0.784380 0.842899
vt 0.817677 0.844505
vt 0.915351 0.207634
vt 0.948820 0.219389
vt 0.817337 0.868181
vt 0.784179 0.854300
vt 0.737582 0.881874
vt 0.770923 0.896117
vt 0.737612 0.896118
vt 0.915138 0.196570
vt 0.948656 0.206373
vt 0.817248 0.881874
vt 0.784030 0.867311
vt 0.737493 0.868181
vt 0.770892 0.881430
vt 0.737348 0.936692
vt 0.770450 0.949368
vt 0.737153 0.947764
vt 0.817218 0.896118
vt 0.783938 0.881430
vt 0.737348 0.855562
vt 0.770800 0.867311
vt 0.737493 0.924064
vt 0.770651 0.937952
vt 0.817248 0.910363
vt 0.783907 0.896117
vt 0.737153 0.844505
vt 0.770651 0.854300
vt 0.737582 0.910363
vt 0.770800 0.924931
vt 0.784030 0.924931
vt 0.783938 0.910805
vt 0.146532 0.677013
vt 0.179617 0.689682
vt 0.146319 0.688077
vt 0.770892 0.910805
vt 0.817482 0.936692
vt 0.817337 0.924064
vt 0.146690 0.664390
vt 0.179837 0.678274
vt 0.817677 0.947764
vt 0.784179 0.937952
vt 0.146788 0.650693
vt 0.180001 0.665258
vt 0.915351 0.288764
vt 0.948436 0.301434
vt 0.915138 0.299828
vt 0.146821 0.636448
vt 0.180101 0.651135
vt 0.915509 0.276141
vt 0.948656 0.290025
vt 0.146788 0.622204
vt 0.180135 0.636448
vt 0.915607 0.262444
vt 0.948820 0.277009
vt 0.146690 0.608507
vt 0.180101 0.621761
vt 0.915640 0.248199
vt 0.948920 0.262887
vt 0.146532 0.595883
vt 0.180001 0.607638
vt 0.948954 0.248199
vt 0.146319 0.584819
vt 0.179837 0.594622
vt 0.449449 0.959063
vt 0.449847 0.970725
vt 0.449224 0.970725
vt 0.610510 0.533829
vt 0.597178 0.526922
vt 0.598239 0.525629
vt 0.638620 0.392511
vt 0.653542 0.390846
vt 0.653378 0.392511
vt 0.693759 0.525629
vt 0.681488 0.533829
vt 0.624145 0.539476
vt 0.609721 0.535304
vt 0.624145 0.395390
vt 0.638456 0.390846
vt 0.704195 0.515194
vt 0.694820 0.526922
vt 0.638620 0.542356
vt 0.623659 0.541077
vt 0.610510 0.401038
vt 0.623659 0.393790
vt 0.712394 0.502922
vt 0.705488 0.516255
vt 0.653378 0.542356
vt 0.638456 0.544020
vt 0.598239 0.409237
vt 0.609721 0.399563
vt 0.718042 0.489287
vt 0.713869 0.503711
vt 0.587803 0.419673
vt 0.597178 0.407944
vt 0.720921 0.474813
vt 0.719643 0.489773
vt 0.579604 0.431944
vt 0.586510 0.418612
vt 0.720921 0.460054
vt 0.722586 0.474977
vt 0.573956 0.445579
vt 0.578129 0.431156
vt 0.718042 0.445579
vt 0.722586 0.459890
vt 0.571077 0.460054
vt 0.572355 0.445094
vt 0.712394 0.431944
vt 0.719643 0.445094
vt 0.571077 0.474813
vt 0.569412 0.459890
vt 0.705488 0.418612
vt 0.713869 0.431156
vt 0.573956 0.489287
vt 0.569412 0.474977
vt 0.693759 0.409237
vt 0.704195 0.419673
vt 0.579604 0.502922
vt 0.572355 0.489773
vt 0.681488 0.401038
vt 0.694820 0.407944
vt 0.586510 0.516255
vt 0.578129 0.503711
vt 0.668339 0.393790
vt 0.682276 0.399563
vt 0.653542 0.544020
vt 0.587803 0.515194
vt 0.667853 0.395390
vt 0.570773 0.090622
vt 0.574873 0.105067
vt 0.573716 0.105418
vt 0.477979 0.916290
vt 0.478570 0.931305
vt 0.477947 0.931305
vt 0.492487 0.959056
vt 0.491711 0.945745
vt 0.492334 0.945745
vt 0.449616 0.945758
vt 0.450072 0.959063
vt 0.492692 0.970725
vt 0.491864 0.959056
vt 0.449719 0.931322
vt 0.450239 0.945758
vt 0.463584 0.959063
vt 0.463982 0.970725
vt 0.463360 0.970725
vt 0.449753 0.916308
vt 0.450342 0.931322
vt 0.463751 0.945758
vt 0.464207 0.959063
vt 0.449719 0.901294
vt 0.450376 0.916308
vt 0.463854 0.931322
vt 0.464374 0.945758
vt 0.449616 0.886858
vt 0.450342 0.901294
vt 0.463889 0.916308
vt 0.464477 0.931322
vt 0.449449 0.873553
vt 0.450239 0.886858
vt 0.463854 0.901294
vt 0.464512 0.916308
vt 0.449224 0.861891
vt 0.450072 0.873553
vt 0.463751 0.886858
vt 0.464477 0.901294
vt 0.492487 0.873545
vt 0.492069 0.861891
vt 0.492692 0.861891
vt 0.463584 0.873553
vt 0.464374 0.886858
vt 0.492334 0.886845
vt 0.491864 0.873545
vt 0.477947 0.901278
vt 0.478602 0.916290
vt 0.463360 0.861891
vt 0.464207 0.873553
vt 0.492240 0.901278
vt 0.491711 0.886845
vt 0.477853 0.886845
vt 0.478570 0.901278
vt 0.477701 0.959056
vt 0.478118 0.970725
vt 0.477495 0.970725
vt 0.492208 0.916290
vt 0.491617 0.901278
vt 0.477701 0.873545
vt 0.478476 0.886845
vt 0.477853 0.945745
vt 0.478324 0.959056
vt 0.492240 0.931305
vt 0.491585 0.916290
vt 0.477495 0.861891
vt 0.478324 0.873545
vt 0.478476 0.945745
vt 0.491617 0.931305
vt 0.890665 0.580854
vt 0.930275 0.593027
vt 0.890830 0.593949
vt 0.715230 0.046801
vt 0.705912 0.035025
vt 0.706848 0.034257
vt 0.570773 0.075535
vt 0.571976 0.090503
vt 0.719845 0.061090
vt 0.714162 0.047372
vt 0.573716 0.060739
vt 0.571976 0.075654
vt 0.723946 0.075535
vt 0.721003 0.060739
vt 0.580556 0.047371
vt 0.574873 0.061090
vt 0.723946 0.090622
vt 0.722741 0.075654
vt 0.587871 0.034257
vt 0.579489 0.046801
vt 0.721003 0.105418
vt 0.722741 0.090503
vt 0.598538 0.023590
vt 0.588805 0.035025
vt 0.714162 0.118786
vt 0.719845 0.105067
vt 0.611082 0.015208
vt 0.599305 0.024525
vt 0.639816 0.159665
vt 0.654783 0.158462
vt 0.654903 0.159665
vt 0.706848 0.131900
vt 0.715230 0.119356
vt 0.625020 0.009435
vt 0.611652 0.016275
vt 0.625020 0.156722
vt 0.639934 0.158462
vt 0.696181 0.142568
vt 0.705912 0.131132
vt 0.639816 0.006492
vt 0.625371 0.010593
vt 0.611652 0.149882
vt 0.625371 0.155565
vt 0.683637 0.150949
vt 0.695412 0.141632
vt 0.654903 0.006492
vt 0.639934 0.007696
vt 0.598538 0.142567
vt 0.611082 0.150949
vt 0.669699 0.156722
vt 0.683066 0.149882
vt 0.669347 0.010593
vt 0.654783 0.007696
vt 0.587871 0.131900
vt 0.599305 0.141632
vt 0.669347 0.155565
vt 0.683637 0.015208
vt 0.669699 0.009435
vt 0.579489 0.119356
vt 0.588805 0.131132
vt 0.696181 0.023590
vt 0.683066 0.016275
vt 0.580556 0.118786
vt 0.695412 0.024525
vt 0.449550 0.572529
vt 0.464392 0.567671
vt 0.464577 0.569540
vt 0.897514 0.446112
vt 0.936929 0.430864
vt 0.936964 0.446112
vt 0.929877 0.567671
vt 0.930106 0.579515
vt 0.897379 0.417125
vt 0.897480 0.431334
vt 0.938276 0.008196
vt 0.898636 0.018328
vt 0.898845 0.006492
vt 0.897214 0.404029
vt 0.936824 0.416202
vt 0.938074 0.019668
vt 0.898481 0.031835
vt 0.911806 0.761435
vt 0.951283 0.776210
vt 0.911837 0.776212
vt 0.896993 0.392550
vt 0.936655 0.402690
vt 0.937831 0.046964
vt 0.937924 0.032758
vt 0.911713 0.747229
vt 0.951251 0.760964
vt 0.911563 0.818304
vt 0.950792 0.831494
vt 0.911361 0.829790
vt 0.898354 0.061740
vt 0.898386 0.046493
vt 0.911563 0.734138
vt 0.951156 0.746305
vt 0.911713 0.805203
vt 0.951001 0.819642
vt 0.937831 0.076519
vt 0.937800 0.061741
vt 0.911361 0.722667
vt 0.951001 0.732799
vt 0.911806 0.790990
vt 0.951156 0.806124
vt 0.898481 0.091654
vt 0.898386 0.076988
vt 0.890665 0.665020
vt 0.929877 0.678202
vt 0.890444 0.676498
vt 0.951251 0.791459
vt 0.937924 0.090733
vt 0.898636 0.105172
vt 0.890830 0.651924
vt 0.930106 0.666359
vt 0.938074 0.103834
vt 0.898845 0.117023
vt 0.890931 0.637714
vt 0.930275 0.652846
vt 0.896993 0.499674
vt 0.936655 0.489534
vt 0.936426 0.501378
vt 0.890965 0.622937
vt 0.930380 0.638184
vt 0.897379 0.475099
vt 0.897214 0.488195
vt 0.890931 0.608159
vt 0.930415 0.622937
vt 0.897480 0.460890
vt 0.936824 0.476021
vt 0.930380 0.607689
vt 0.936929 0.461360
vt 0.421635 0.934081
vt 0.420953 0.918466
vt 0.421602 0.918466
vt 0.532654 0.696903
vt 0.523011 0.709189
vt 0.521820 0.707737
vt 0.449550 0.722112
vt 0.464393 0.726971
vt 0.449004 0.723910
vt 0.435395 0.578392
vt 0.449004 0.570732
vt 0.542822 0.685049
vt 0.534105 0.698095
vt 0.479899 0.725101
vt 0.464577 0.725101
vt 0.421464 0.585453
vt 0.434509 0.576736
vt 0.547030 0.670008
vt 0.541166 0.684164
vt 0.494926 0.722112
vt 0.480082 0.726971
vt 0.411821 0.597738
vt 0.422655 0.586904
vt 0.550019 0.654981
vt 0.548826 0.670554
vt 0.509081 0.716249
vt 0.495470 0.723910
vt 0.401653 0.609593
vt 0.410369 0.596547
vt 0.551887 0.639476
vt 0.551887 0.655166
vt 0.509966 0.717906
vt 0.397446 0.624633
vt 0.403309 0.610477
vt 0.550019 0.639660
vt 0.548826 0.624088
vt 0.392588 0.639476
vt 0.395648 0.624088
vt 0.541166 0.610478
vt 0.547030 0.624633
vt 0.394457 0.654981
vt 0.394457 0.639660
vt 0.532654 0.597738
vt 0.542822 0.609593
vt 0.395648 0.670554
vt 0.392588 0.655166
vt 0.521820 0.586904
vt 0.534105 0.596547
vt 0.403309 0.684164
vt 0.397446 0.670008
vt 0.509966 0.576736
vt 0.523011 0.585453
vt 0.411822 0.696903
vt 0.401653 0.685049
vt 0.494926 0.572529
vt 0.509081 0.578392
vt 0.422655 0.707737
vt 0.410369 0.698095
vt 0.480082 0.567671
vt 0.495470 0.570732
vt 0.434509 0.717906
vt 0.421464 0.709189
vt 0.479899 0.569540
vt 0.435395 0.716249
vt 0.564870 0.655166
vt 0.569469 0.670088
vt 0.567931 0.670554
vt 0.435089 0.861891
vt 0.435951 0.874011
vt 0.435302 0.874011
vt 0.435559 0.934081
vt 0.436110 0.949099
vt 0.435461 0.949099
vt 0.421733 0.949099
vt 0.420986 0.934081
vt 0.392821 0.962949
vt 0.393236 0.975078
vt 0.392588 0.975078
vt 0.435592 0.918466
vt 0.436208 0.934081
vt 0.421892 0.962942
vt 0.421084 0.949099
vt 0.392995 0.949112
vt 0.393470 0.962949
vt 0.422105 0.975078
vt 0.421243 0.962942
vt 0.393102 0.934098
vt 0.393644 0.949112
vt 0.407004 0.962949
vt 0.407419 0.975078
vt 0.406770 0.975078
vt 0.393138 0.918484
vt 0.393751 0.934098
vt 0.407178 0.949112
vt 0.407653 0.962949
vt 0.393102 0.902870
vt 0.393787 0.918484
vt 0.407285 0.934098
vt 0.407827 0.949112
vt 0.392995 0.887856
vt 0.393751 0.902870
vt 0.407321 0.918484
vt 0.407934 0.934098
vt 0.392821 0.874019
vt 0.393644 0.887856
vt 0.407285 0.902870
vt 0.407970 0.918484
vt 0.392588 0.861891
vt 0.393470 0.874019
vt 0.407178 0.887856
vt 0.407934 0.902870
vt 0.421892 0.874011
vt 0.421456 0.861891
vt 0.422105 0.861891
vt 0.407004 0.874019
vt 0.407827 0.887856
vt 0.421733 0.887843
vt 0.421243 0.874011
vt 0.435559 0.902853
vt 0.436241 0.918466
vt 0.406770 0.861891
vt 0.407653 0.874019
vt 0.421635 0.902853
vt 0.421084 0.887843
vt 0.435461 0.887843
vt 0.436208 0.902853
vt 0.435302 0.962942
vt 0.435737 0.975078
vt 0.435089 0.975078
vt 0.420986 0.902853
vt 0.436110 0.887843
vt 0.435951 0.962942
vt 0.337449 0.648814
vt 0.376137 0.664337
vt 0.337344 0.663527
vt 0.721109 0.670554
vt 0.713689 0.684293
vt 0.719573 0.670088
vt 0.564870 0.639476
vt 0.566469 0.655009
vt 0.706388 0.698094
vt 0.715105 0.685049
vt 0.569469 0.624555
vt 0.566469 0.639634
vt 0.694276 0.707948
vt 0.705147 0.697076
vt 0.567931 0.624088
vt 0.575353 0.610350
vt 0.682248 0.717905
vt 0.695294 0.709189
vt 0.582652 0.596547
vt 0.573935 0.609593
vt 0.667753 0.723910
vt 0.681492 0.716490
vt 0.593746 0.585453
vt 0.583894 0.597567
vt 0.652365 0.726970
vt 0.667288 0.722373
vt 0.606792 0.576736
vt 0.594766 0.586695
vt 0.636833 0.725373
vt 0.652208 0.725373
vt 0.621287 0.570732
vt 0.607550 0.578153
vt 0.636675 0.726970
vt 0.621754 0.722373
vt 0.706388 0.596547
vt 0.694276 0.586695
vt 0.695294 0.585453
vt 0.636675 0.567671
vt 0.621754 0.572270
vt 0.621287 0.723910
vt 0.607550 0.716490
vt 0.715105 0.609592
vt 0.705147 0.597566
vt 0.652365 0.567671
vt 0.636833 0.569270
vt 0.593746 0.709189
vt 0.606792 0.717906
vt 0.721109 0.624088
vt 0.713689 0.610350
vt 0.667288 0.572270
vt 0.652208 0.569270
vt 0.582652 0.698095
vt 0.594766 0.707948
vt 0.724170 0.639476
vt 0.719573 0.624555
vt 0.667753 0.570732
vt 0.681492 0.578153
vt 0.573935 0.685049
vt 0.583894 0.697076
vt 0.722572 0.655009
vt 0.722572 0.639634
vt 0.682248 0.576736
vt 0.575353 0.684293
vt 0.724170 0.655165
vt 0.403472 0.510737
vt 0.410876 0.524988
vt 0.401911 0.511571
vt 0.130290 0.806037
vt 0.169191 0.820337
vt 0.130395 0.820750
vt 0.376281 0.633513
vt 0.376245 0.649227
vt 0.130120 0.792478
vt 0.169084 0.805227
vt 0.337449 0.618213
vt 0.337484 0.633513
vt 0.129891 0.780593
vt 0.168909 0.791301
vt 0.337344 0.603500
vt 0.376245 0.617799
vt 0.898168 0.734338
vt 0.859596 0.720962
vt 0.898377 0.722461
vt 0.337173 0.589940
vt 0.376137 0.602689
vt 0.859221 0.747080
vt 0.859381 0.733161
vt 0.863328 0.236603
vt 0.902154 0.251902
vt 0.863360 0.251903
vt 0.336944 0.578056
vt 0.375962 0.588764
vt 0.897917 0.762601
vt 0.898012 0.747892
vt 0.863232 0.221894
vt 0.902121 0.236189
vt 0.863076 0.295486
vt 0.901648 0.308876
vt 0.862867 0.307379
vt 0.897884 0.777901
vt 0.859123 0.762187
vt 0.863076 0.208340
vt 0.902023 0.221083
vt 0.863232 0.281921
vt 0.901863 0.296662
vt 0.897917 0.793203
vt 0.859090 0.777900
vt 0.862867 0.196463
vt 0.901863 0.207163
vt 0.863328 0.267205
vt 0.902023 0.282731
vt 0.898012 0.807919
vt 0.859123 0.793615
vt 0.129891 0.891508
vt 0.168909 0.880800
vt 0.168674 0.893006
vt 0.902121 0.267617
vt 0.898168 0.821484
vt 0.859221 0.808728
vt 0.130290 0.866064
vt 0.130120 0.879624
vt 0.898377 0.833376
vt 0.859381 0.822660
vt 0.130395 0.851351
vt 0.169084 0.866875
vt 0.337173 0.677086
vt 0.375727 0.690469
vt 0.336944 0.688971
vt 0.130431 0.836051
vt 0.169191 0.851765
vt 0.375962 0.678263
vt 0.169228 0.836051
vt 0.608075 0.964310
vt 0.608602 0.976792
vt 0.607855 0.976792
vt 0.497890 0.395688
vt 0.513312 0.400170
vt 0.512478 0.401731
vt 0.412245 0.523866
vt 0.422287 0.536399
vt 0.482403 0.392608
vt 0.498403 0.393995
vt 0.512478 0.543803
vt 0.498404 0.551540
vt 0.497890 0.549846
vt 0.436539 0.543803
vt 0.423410 0.535031
vt 0.466613 0.392608
vt 0.482577 0.390846
vt 0.526730 0.536399
vt 0.513312 0.545364
vt 0.451127 0.549846
vt 0.435704 0.545364
vt 0.450613 0.393995
vt 0.466440 0.390846
vt 0.536772 0.523866
vt 0.525607 0.535031
vt 0.466614 0.552926
vt 0.450613 0.551540
vt 0.436539 0.401731
vt 0.451127 0.395688
vt 0.547105 0.511571
vt 0.538140 0.524988
vt 0.482404 0.552926
vt 0.466440 0.554688
vt 0.422287 0.409135
vt 0.435704 0.400170
vt 0.551587 0.496149
vt 0.545545 0.510737
vt 0.482577 0.554688
vt 0.412245 0.421668
vt 0.423410 0.410503
vt 0.554668 0.480662
vt 0.553281 0.496662
vt 0.403472 0.434797
vt 0.410876 0.420546
vt 0.554668 0.464872
vt 0.556429 0.480836
vt 0.397430 0.449385
vt 0.401911 0.433963
vt 0.551587 0.449385
vt 0.556429 0.464699
vt 0.394349 0.464872
vt 0.395736 0.448872
vt 0.545545 0.434797
vt 0.553281 0.448872
vt 0.394349 0.480662
vt 0.392588 0.464699
vt 0.536772 0.421668
vt 0.547105 0.433963
vt 0.397430 0.496149
vt 0.392588 0.480836
vt 0.525607 0.410503
vt 0.538140 0.420546
vt 0.395736 0.496662
vt 0.526729 0.409135
vt 0.483938 0.006492
vt 0.468023 0.008744
vt 0.467801 0.006492
vt 0.977636 0.253153
vt 0.976922 0.237095
vt 0.977670 0.237095
vt 0.608075 0.872844
vt 0.608985 0.887070
vt 0.608238 0.887070
vt 0.608238 0.950073
vt 0.608822 0.964310
vt 0.977670 0.269214
vt 0.976888 0.253153
vt 0.607855 0.860378
vt 0.608822 0.872844
vt 0.608338 0.934627
vt 0.608985 0.950073
vt 0.977770 0.284659
vt 0.976922 0.269214
vt 0.964507 0.964106
vt 0.965014 0.976580
vt 0.964267 0.976580
vt 0.608372 0.918566
vt 0.609086 0.934627
vt 0.977934 0.298897
vt 0.977023 0.284659
vt 0.964686 0.949874
vt 0.965255 0.964106
vt 0.978153 0.311379
vt 0.977186 0.298897
vt 0.964796 0.934432
vt 0.965433 0.949874
vt 0.593798 0.964318
vt 0.594305 0.976792
vt 0.593558 0.976792
vt 0.964833 0.918373
vt 0.965543 0.934432
vt 0.593977 0.950086
vt 0.594546 0.964318
vt 0.964796 0.902314
vt 0.965581 0.918373
vt 0.594087 0.934644
vt 0.594724 0.950086
vt 0.964686 0.886872
vt 0.965543 0.902314
vt 0.594124 0.918585
vt 0.594834 0.934644
vt 0.964507 0.872640
vt 0.965433 0.886872
vt 0.594087 0.902526
vt 0.594872 0.918585
vt 0.964267 0.860166
vt 0.965255 0.872640
vt 0.593977 0.887084
vt 0.594834 0.902526
vt 0.977934 0.207431
vt 0.977406 0.194965
vt 0.978153 0.194965
vt 0.593798 0.872852
vt 0.594724 0.887084
vt 0.977770 0.221657
vt 0.977186 0.207431
vt 0.608338 0.902508
vt 0.609120 0.918566
vt 0.593558 0.860378
vt 0.594546 0.872852
vt 0.977023 0.221657
vt 0.609086 0.902508
vt 0.635356 0.831335
vt 0.683381 0.848427
vt 0.635182 0.845175
vt 0.423648 0.152044
vt 0.438132 0.159014
vt 0.437065 0.161009
vt 0.554641 0.064517
vt 0.546471 0.050675
vt 0.548466 0.049608
vt 0.412237 0.140634
vt 0.425084 0.150295
vt 0.557790 0.080344
vt 0.552476 0.065174
vt 0.405268 0.126150
vt 0.413987 0.139198
vt 0.557790 0.096481
vt 0.555538 0.080566
vt 0.397097 0.112308
vt 0.403272 0.127216
vt 0.552476 0.111651
vt 0.555538 0.096259
vt 0.396201 0.096259
vt 0.399263 0.111651
vt 0.548466 0.127216
vt 0.554641 0.112308
vt 0.393949 0.080344
vt 0.393949 0.096481
vt 0.539501 0.140634
vt 0.546471 0.126150
vt 0.399263 0.065174
vt 0.396201 0.080566
vt 0.528090 0.152044
vt 0.537752 0.139198
vt 0.403272 0.049608
vt 0.397097 0.064517
vt 0.513607 0.159014
vt 0.526655 0.150295
vt 0.412237 0.036191
vt 0.405268 0.050675
vt 0.514673 0.161009
vt 0.499108 0.165019
vt 0.499108 0.011805
vt 0.483716 0.008744
vt 0.423648 0.024780
vt 0.413987 0.037627
vt 0.483938 0.170333
vt 0.499765 0.167185
vt 0.514673 0.015815
vt 0.499765 0.009640
vt 0.438132 0.017811
vt 0.425084 0.026530
vt 0.467801 0.170333
vt 0.483716 0.168081
vt 0.528090 0.024780
vt 0.513607 0.017811
vt 0.437065 0.015815
vt 0.452631 0.011805
vt 0.452631 0.165019
vt 0.468023 0.168081
vt 0.539501 0.036191
vt 0.526655 0.026530
vt 0.451974 0.009640
vt 0.451974 0.167185
vt 0.537752 0.037627
vt 0.274190 0.563574
vt 0.197117 0.469661
vt 0.291031 0.392588
vt 0.318092 0.833185
vt 0.366276 0.816425
vt 0.366315 0.833185
vt 0.635463 0.816317
vt 0.683568 0.833575
vt 0.317949 0.802549
vt 0.318056 0.817567
vt 0.635499 0.800699
vt 0.683683 0.817459
vt 0.317775 0.788709
vt 0.366161 0.800310
vt 0.683683 0.783940
vt 0.683722 0.800699
vt 0.317541 0.776578
vt 0.365975 0.785457
vt 0.635356 0.770064
vt 0.635463 0.785082
vt 0.055208 0.783236
vt 0.006802 0.792105
vt 0.007032 0.779095
vt 0.635182 0.756224
vt 0.683568 0.767824
vt 0.054836 0.809194
vt 0.054994 0.795360
vt 0.068662 0.824208
vt 0.116908 0.839821
vt 0.068695 0.839825
vt 0.634948 0.744093
vt 0.683381 0.752972
vt 0.006527 0.823063
vt 0.006632 0.806951
vt 0.068564 0.809194
vt 0.116872 0.823063
vt 0.068405 0.884311
vt 0.116368 0.900586
vt 0.068191 0.896450
vt 0.054738 0.824208
vt 0.006492 0.839821
vt 0.068405 0.795360
vt 0.116767 0.806951
vt 0.068564 0.870465
vt 0.116597 0.887560
vt 0.054738 0.855444
vt 0.054705 0.839825
vt 0.068191 0.783236
vt 0.116597 0.792105
vt 0.068662 0.855444
vt 0.116767 0.872701
vt 0.006632 0.872702
vt 0.006527 0.856582
vt 0.317775 0.877661
vt 0.365724 0.893930
vt 0.317541 0.889792
vt 0.116872 0.856582
vt 0.054994 0.884311
vt 0.054836 0.870465
vt 0.317949 0.863820
vt 0.365975 0.880912
vt 0.007032 0.900586
vt 0.006802 0.887560
vt 0.318056 0.848803
vt 0.366161 0.866060
vt 0.634948 0.857306
vt 0.683131 0.861445
vt 0.366276 0.849944
vt 0.008547 0.947505
vt 0.010599 0.968381
vt 0.008547 0.968406
vt 0.181762 0.913383
vt 0.184134 0.934283
vt 0.181762 0.934283
vt 0.023583 0.947480
vt 0.025636 0.968406
vt 0.023583 0.968381
vt 0.025636 0.947505
vt 0.027691 0.968381
vt 0.669008 0.176206
vt 0.664900 0.176206
vt 0.666954 0.172649
vt 0.181762 0.947267
vt 0.184134 0.968167
vt 0.181762 0.968167
vt 0.006492 0.947480
vt 0.006492 0.968381
vt 0.899103 0.370158
vt 0.897049 0.366601
vt 0.901157 0.366601
vt 0.370870 0.940849
vt 0.372923 0.961725
vt 0.370870 0.961750
vt 0.057765 0.947480
vt 0.060137 0.968380
vt 0.057765 0.968380
vt 0.514524 0.943309
vt 0.516577 0.964235
vt 0.514524 0.964210
vt 0.516577 0.943334
vt 0.518632 0.964210
vt 0.651916 0.173835
vt 0.649862 0.177392
vt 0.647809 0.173835
vt 0.074856 0.947480
vt 0.077228 0.968380
vt 0.074856 0.968380
vt 0.368815 0.940824
vt 0.368815 0.961725
vt 0.373181 0.751751
vt 0.371127 0.748194
vt 0.375235 0.748194
vt 0.353778 0.906939
vt 0.355831 0.927815
vt 0.353778 0.927840
vt 0.091948 0.947480
vt 0.094319 0.968380
vt 0.091948 0.968380
vt 0.368815 0.906914
vt 0.370868 0.927840
vt 0.368815 0.927815
vt 0.370868 0.906939
vt 0.372923 0.927815
vt 0.684045 0.172649
vt 0.686099 0.176206
vt 0.681991 0.176206
vt 0.109039 0.947480
vt 0.111410 0.968380
vt 0.109039 0.968380
vt 0.351724 0.906914
vt 0.351724 0.927815
vt 0.775482 0.169102
vt 0.773429 0.172659
vt 0.771375 0.169102
vt 0.569278 0.943334
vt 0.571331 0.964210
vt 0.569278 0.964236
vt 0.988047 0.601555
vt 0.990418 0.622455
vt 0.988047 0.622455
vt 0.040674 0.947480
vt 0.042727 0.968406
vt 0.040674 0.968381
vt 0.042727 0.947505
vt 0.044782 0.968381
vt 0.701136 0.172649
vt 0.703190 0.176206
vt 0.699082 0.176206
vt 0.988047 0.635439
vt 0.990418 0.656339
vt 0.988047 0.656339
vt 0.567223 0.943309
vt 0.567223 0.964210
vt 0.926680 0.695929
vt 0.924626 0.692371
vt 0.928734 0.692371
vt 0.552186 0.943334
vt 0.554239 0.964210
vt 0.552186 0.964235
vt 0.814617 0.962351
vt 0.816988 0.983252
vt 0.814617 0.983252
vt 0.006492 0.913570
vt 0.008545 0.934496
vt 0.006492 0.934471
vt 0.008545 0.913595
vt 0.010599 0.934471
vt 0.792574 0.169102
vt 0.790520 0.172659
vt 0.788466 0.169102
vt 0.980956 0.109689
vt 0.983327 0.130589
vt 0.980956 0.130589
vt 0.550132 0.943309
vt 0.550132 0.964210
vt 0.926913 0.176684
vt 0.924860 0.173126
vt 0.928967 0.173126
vt 0.319596 0.906939
vt 0.321649 0.927815
vt 0.319596 0.927840
vt 0.968351 0.147436
vt 0.970723 0.168336
vt 0.968351 0.168336
vt 0.334632 0.906914
vt 0.336685 0.927840
vt 0.334632 0.927815
vt 0.336685 0.906939
vt 0.338740 0.927815
vt 0.615680 0.172649
vt 0.617734 0.176206
vt 0.613626 0.176206
vt 0.973474 0.355769
vt 0.975846 0.376669
vt 0.973474 0.376669
vt 0.317541 0.906914
vt 0.317541 0.927815
vt 0.718227 0.177392
vt 0.716173 0.173835
vt 0.720281 0.173835
vt 0.025638 0.913595
vt 0.027691 0.934471
vt 0.025638 0.934496
vt 0.977581 0.533761
vt 0.979952 0.554661
vt 0.977581 0.554661
vt 0.040674 0.913570
vt 0.042727 0.934496
vt 0.040674 0.934471
vt 0.042727 0.913595
vt 0.044782 0.934471
vt 0.632771 0.177392
vt 0.630717 0.173835
vt 0.634825 0.173835
vt 0.830660 0.959740
vt 0.833032 0.980640
vt 0.830660 0.980640
vt 0.023583 0.913570
vt 0.023583 0.934471
vt 0.809665 0.171473
vt 0.805557 0.171473
vt 0.807611 0.167916
vt 0.059820 0.913595
vt 0.061873 0.934471
vt 0.059820 0.934496
vt 0.991137 0.194965
vt 0.993508 0.215865
vt 0.991137 0.215865
vt 0.074856 0.913569
vt 0.076909 0.934496
vt 0.074856 0.934471
vt 0.076909 0.913595
vt 0.078964 0.934471
vt 0.902461 0.169224
vt 0.900408 0.172782
vt 0.898354 0.169224
vt 0.991137 0.228849
vt 0.993508 0.249749
vt 0.991137 0.249749
vt 0.057765 0.913570
vt 0.057765 0.934471
vt 0.911643 0.694743
vt 0.907535 0.694743
vt 0.909589 0.691186
vt 0.953315 0.147461
vt 0.955368 0.168337
vt 0.953315 0.168362
vt 0.979677 0.494044
vt 0.982049 0.514944
vt 0.979677 0.514944
vt 0.956383 0.355769
vt 0.958436 0.376696
vt 0.956383 0.376670
vt 0.958436 0.355795
vt 0.960491 0.376670
vt 0.178241 0.750965
vt 0.176187 0.747407
vt 0.180295 0.747407
vt 0.911361 0.961462
vt 0.913732 0.982363
vt 0.911361 0.982363
vt 0.951260 0.147436
vt 0.951260 0.168337
vt 0.890444 0.694743
vt 0.892498 0.691186
vt 0.894552 0.694743
vt 0.319596 0.940849
vt 0.317541 0.961725
vt 0.317541 0.940824
vt 0.929087 0.982363
vt 0.926716 0.961462
vt 0.929087 0.961462
vt 0.338740 0.961725
vt 0.336685 0.940849
vt 0.338740 0.940824
vt 0.336685 0.961750
vt 0.334632 0.940824
vt 0.960491 0.341600
vt 0.956383 0.341600
vt 0.958437 0.338043
vt 0.739525 0.983252
vt 0.737153 0.962351
vt 0.739525 0.962351
vt 0.321649 0.940824
vt 0.319596 0.961750
vt 0.822648 0.171473
vt 0.824702 0.167916
vt 0.826756 0.171473
vt 0.353778 0.961750
vt 0.351724 0.940824
vt 0.353778 0.940849
vt 0.993508 0.283632
vt 0.991137 0.262732
vt 0.993508 0.262732
vt 0.133923 0.965514
vt 0.131868 0.944638
vt 0.133923 0.944613
vt 0.131868 0.965539
vt 0.129815 0.944613
vt 0.321649 0.978291
vt 0.317541 0.978291
vt 0.319595 0.974734
vt 0.993508 0.317516
vt 0.991137 0.296616
vt 0.993508 0.296616
vt 0.355831 0.940824
vt 0.843847 0.171473
vt 0.839739 0.171473
vt 0.841793 0.167916
vt 0.094002 0.913595
vt 0.091948 0.934471
vt 0.091948 0.913570
vt 0.754880 0.983252
vt 0.752508 0.962351
vt 0.754880 0.962351
vt 0.537148 0.964210
vt 0.535093 0.943334
vt 0.537148 0.943309
vt 0.535093 0.964236
vt 0.533040 0.943309
vt 0.875976 0.167916
vt 0.878029 0.171473
vt 0.873922 0.171473
vt 0.770235 0.983252
vt 0.767863 0.962351
vt 0.770235 0.962351
vt 0.096055 0.913570
vt 0.094002 0.934496
vt 0.884066 0.366601
vt 0.882012 0.370158
vt 0.879958 0.366601
vt 0.111094 0.913595
vt 0.109039 0.934471
vt 0.109039 0.913570
vt 0.861461 0.985743
vt 0.859090 0.964842
vt 0.861461 0.964842
vt 0.943400 0.342760
vt 0.941345 0.321885
vt 0.943400 0.321859
vt 0.941345 0.342786
vt 0.939292 0.321859
vt 0.858884 0.167916
vt 0.860938 0.171473
vt 0.856830 0.171473
vt 0.876816 0.985743
vt 0.874445 0.964842
vt 0.876816 0.964842
vt 0.113147 0.913570
vt 0.111094 0.934496
vt 0.918248 0.366601
vt 0.916194 0.370158
vt 0.914140 0.366601
vt 0.941347 0.355795
vt 0.939292 0.376670
vt 0.939292 0.355769
vt 0.986078 0.168336
vt 0.983706 0.147436
vt 0.986078 0.147436
vt 0.964597 0.554662
vt 0.962543 0.533787
vt 0.964597 0.533761
vt 0.962543 0.554688
vt 0.960490 0.533761
vt 0.698759 0.973925
vt 0.700813 0.977483
vt 0.696705 0.977483
vt 0.990418 0.588571
vt 0.988047 0.567671
vt 0.990418 0.567671
vt 0.943400 0.355769
vt 0.941347 0.376696
vt 0.341052 0.748194
vt 0.338998 0.751751
vt 0.336944 0.748194
vt 0.148961 0.944635
vt 0.146906 0.965511
vt 0.146906 0.944610
vt 0.990418 0.690222
vt 0.988047 0.669322
vt 0.990418 0.669322
vt 0.168105 0.965511
vt 0.166050 0.944635
vt 0.168105 0.944610
vt 0.166050 0.965536
vt 0.163997 0.944610
vt 0.977582 0.339228
vt 0.975528 0.342786
vt 0.973474 0.339228
vt 0.991201 0.376669
vt 0.988829 0.355769
vt 0.991201 0.355769
vt 0.151014 0.944610
vt 0.148961 0.965536
vt 0.358143 0.748194
vt 0.356089 0.751751
vt 0.354035 0.748194
vt 0.832715 0.946756
vt 0.830660 0.925830
vt 0.832715 0.925855
vt 0.786278 0.983252
vt 0.783907 0.962351
vt 0.786278 0.962351
vt 0.947506 0.554662
vt 0.945451 0.533787
vt 0.947506 0.533761
vt 0.945451 0.554688
vt 0.943398 0.533761
vt 0.715850 0.973925
vt 0.717904 0.977483
vt 0.713796 0.977483
vt 0.801633 0.983252
vt 0.799262 0.962351
vt 0.801633 0.962351
vt 0.834768 0.925830
vt 0.866975 0.366601
vt 0.864921 0.370158
vt 0.862867 0.366601
vt 0.950516 0.454806
vt 0.951787 0.445938
vt 0.951796 0.454806
vt 0.950507 0.445938
vt 0.951759 0.437155
vt 0.950479 0.437155
vt 0.951713 0.428544
vt 0.950433 0.428544
vt 0.951649 0.420186
vt 0.950368 0.420186
vt 0.951567 0.412162
vt 0.950287 0.412162
vt 0.951469 0.404549
vt 0.950189 0.404549
vt 0.951356 0.397421
vt 0.950075 0.397421
vt 0.951228 0.390846
vt 0.182231 0.900400
vt 0.183652 0.893821
vt 0.183512 0.900400
vt 0.182372 0.893821
vt 0.183776 0.886689
vt 0.182496 0.886689
vt 0.183883 0.879072
vt 0.182603 0.879072
vt 0.183972 0.871045
vt 0.182692 0.871045
vt 0.184043 0.862685
vt 0.182762 0.862685
vt 0.184093 0.854072
vt 0.182813 0.854072
vt 0.184124 0.845288
vt 0.182844 0.845288
vt 0.184134 0.836420
vt 0.182854 0.836420
vt 0.184124 0.827551
vt 0.182844 0.827551
vt 0.184093 0.818768
vt 0.182813 0.818768
vt 0.184043 0.810154
vt 0.182762 0.810154
vt 0.183972 0.801794
vt 0.182692 0.801794
vt 0.183883 0.793767
vt 0.182603 0.793767
vt 0.183776 0.786151
vt 0.182496 0.786151
vt 0.183652 0.779019
vt 0.182372 0.779019
vt 0.183512 0.772439
vt 0.953109 0.006492
vt 0.951701 0.013066
vt 0.951829 0.006492
vt 0.952981 0.013066
vt 0.951587 0.020194
vt 0.952867 0.020194
vt 0.951489 0.027807
vt 0.952769 0.027807
vt 0.951408 0.035831
vt 0.952688 0.035831
vt 0.951343 0.044189
vt 0.952624 0.044189
vt 0.951297 0.052801
vt 0.952577 0.052801
vt 0.951269 0.061583
vt 0.952549 0.061583
vt 0.951260 0.070451
vt 0.952540 0.070451
vt 0.951269 0.079321
vt 0.952549 0.079321
vt 0.951297 0.088105
vt 0.952577 0.088105
vt 0.951343 0.096720
vt 0.952624 0.096720
vt 0.951408 0.105083
vt 0.952688 0.105083
vt 0.951489 0.113112
vt 0.952769 0.113112
vt 0.951587 0.120732
vt 0.952867 0.120732
vt 0.951701 0.127868
vt 0.952981 0.127868
vt 0.951829 0.134452
vt 0.943398 0.695632
vt 0.944819 0.689052
vt 0.944679 0.695632
vt 0.943538 0.689052
vt 0.944943 0.681920
vt 0.943663 0.681920
vt 0.945050 0.674304
vt 0.943770 0.674304
vt 0.945139 0.666277
vt 0.943859 0.666277
vt 0.945210 0.657917
vt 0.943929 0.657917
vt 0.945260 0.649303
vt 0.943980 0.649303
vt 0.945291 0.640520
vt 0.944011 0.640520
vt 0.945301 0.631651
vt 0.944021 0.631651
vt 0.945291 0.622783
vt 0.944011 0.622783
vt 0.945260 0.613999
vt 0.943980 0.613999
vt 0.945210 0.605386
vt 0.943929 0.605386
vt 0.945139 0.597026
vt 0.943859 0.597026
vt 0.945050 0.588999
vt 0.943770 0.588999
vt 0.944943 0.581382
vt 0.943663 0.581382
vt 0.944819 0.574250
vt 0.943538 0.574250
vt 0.944679 0.567671
vt 0.949947 0.518807
vt 0.951356 0.512223
vt 0.951228 0.518807
vt 0.950075 0.512223
vt 0.951469 0.505087
vt 0.950189 0.505087
vt 0.951567 0.497467
vt 0.950287 0.497467
vt 0.951649 0.489437
vt 0.950368 0.489437
vt 0.951713 0.481075
vt 0.950433 0.481075
vt 0.951759 0.472460
vt 0.143381 0.174473
vt 0.110141 0.186367
vt 0.126246 0.178980
vt 0.050348 0.019256
vt 0.083588 0.007362
vt 0.067483 0.014748
vt 0.950479 0.472460
vt 0.951787 0.463675
vt 0.950507 0.463675
vt 0.212984 0.143381
vt 0.211752 0.134153
vt 0.215787 0.141701
vt 0.368201 0.050347
vt 0.369433 0.059575
vt 0.365399 0.052027
vt 0.898313 0.900997
vt 0.897042 0.909546
vt 0.897033 0.900997
vt 0.898286 0.892530
vt 0.897006 0.892530
vt 0.898241 0.884226
vt 0.896961 0.884226
vt 0.898179 0.876166
vt 0.896899 0.876166
vt 0.898101 0.868426
vt 0.896821 0.868426
vt 0.898006 0.861081
vt 0.896726 0.861081
vt 0.897897 0.854203
vt 0.896617 0.854203
vt 0.897774 0.847857
vt 0.896493 0.847857
vt 0.967372 0.129831
vt 0.966227 0.123490
vt 0.967507 0.123490
vt 0.966347 0.116615
vt 0.967627 0.116615
vt 0.966450 0.109274
vt 0.967730 0.109274
vt 0.966536 0.101537
vt 0.967816 0.101537
vt 0.966604 0.093478
vt 0.967884 0.093478
vt 0.966653 0.085176
vt 0.967933 0.085176
vt 0.966682 0.076710
vt 0.967962 0.076710
vt 0.966692 0.068161
vt 0.967972 0.068161
vt 0.966682 0.059613
vt 0.967962 0.059613
vt 0.966653 0.051147
vt 0.967933 0.051147
vt 0.966604 0.042845
vt 0.967884 0.042845
vt 0.966536 0.034786
vt 0.967816 0.034786
vt 0.966450 0.027049
vt 0.967730 0.027049
vt 0.966347 0.019708
vt 0.967627 0.019708
vt 0.966227 0.012833
vt 0.967507 0.012833
vt 0.966092 0.006492
vt 0.967372 0.006492
vt 0.973783 0.567671
vt 0.974940 0.574017
vt 0.973660 0.574017
vt 0.974831 0.580896
vt 0.973550 0.580896
vt 0.974736 0.588240
vt 0.973456 0.588240
vt 0.974658 0.595980
vt 0.973377 0.595980
vt 0.974596 0.604041
vt 0.973316 0.604041
vt 0.974551 0.612345
vt 0.973271 0.612345
vt 0.974524 0.620812
vt 0.973244 0.620812
vt 0.974515 0.629361
vt 0.973235 0.629361
vt 0.974524 0.637909
vt 0.973244 0.637909
vt 0.974551 0.646374
vt 0.973271 0.646374
vt 0.974596 0.654675
vt 0.973316 0.654675
vt 0.974658 0.662731
vt 0.973377 0.662731
vt 0.974736 0.670465
vt 0.973456 0.670465
vt 0.974831 0.677803
vt 0.973550 0.677803
vt 0.974940 0.684673
vt 0.973660 0.684673
vt 0.975063 0.691011
vt 0.973783 0.691011
vt 0.950227 0.961475
vt 0.948811 0.967817
vt 0.948946 0.961475
vt 0.950346 0.954600
vt 0.949066 0.954600
vt 0.950450 0.947259
vt 0.949170 0.947259
vt 0.950536 0.939522
vt 0.949256 0.939522
vt 0.950603 0.931464
vt 0.949323 0.931464
vt 0.950652 0.923161
vt 0.949372 0.923161
vt 0.950682 0.914695
vt 0.949402 0.914695
vt 0.950692 0.906147
vt 0.949411 0.906147
vt 0.950682 0.897598
vt 0.949402 0.897598
vt 0.950652 0.889132
vt 0.949372 0.889132
vt 0.950603 0.880830
vt 0.949323 0.880830
vt 0.950536 0.872771
vt 0.949256 0.872771
vt 0.950450 0.865034
vt 0.949170 0.865034
vt 0.950346 0.857693
vt 0.949066 0.857693
vt 0.950227 0.850819
vt 0.948946 0.850819
vt 0.950092 0.844477
vt 0.948811 0.844477
vt 0.897897 0.964859
vt 0.896493 0.971196
vt 0.896617 0.964859
vt 0.898006 0.957989
vt 0.896726 0.957989
vt 0.898101 0.950651
vt 0.896821 0.950651
vt 0.898179 0.942917
vt 0.896899 0.942917
vt 0.898241 0.934860
vt 0.896961 0.934860
vt 0.898286 0.926560
vt 0.897006 0.926560
vt 0.898313 0.918094
vt 0.897033 0.918094
vt 0.898322 0.909546
vt 0.891654 0.351131
vt 0.907367 0.352432
vt 0.891737 0.352431
vt 0.907457 0.321859
vt 0.907457 0.351132
vt 0.896993 0.543633
vt 0.912796 0.514361
vt 0.912796 0.543633
vt 0.878670 0.321859
vt 0.862867 0.351132
vt 0.862867 0.321859
vt 0.175591 0.733238
vt 0.146319 0.703966
vt 0.175591 0.703966
vt 0.366217 0.732724
vt 0.362699 0.706966
vt 0.366217 0.703452
vt 0.920440 0.321859
vt 0.922070 0.348859
vt 0.920440 0.350810
vt 0.878670 0.351131
vt 0.862957 0.352432
vt 0.337105 0.734024
vt 0.336944 0.732724
vt 0.175430 0.702666
vt 0.926488 0.131957
vt 0.930727 0.157006
vt 0.926488 0.157006
vt 0.924860 0.130006
vt 0.924860 0.158957
vt 0.148270 0.761850
vt 0.146319 0.747236
vt 0.148270 0.746222
vt 0.161253 0.746222
vt 0.163204 0.760759
vt 0.161253 0.761850
vt 0.362699 0.729203
vt 0.340462 0.706966
vt 0.336944 0.703452
vt 0.340462 0.729203
vt 0.898354 0.155055
vt 0.911876 0.130006
vt 0.911876 0.155055
vt 0.741169 0.181439
vt 0.736930 0.167916
vt 0.741169 0.167916
vt 0.754152 0.167916
vt 0.758391 0.181439
vt 0.754152 0.181439
vt 0.922070 0.323810
vt 0.926309 0.348859
vt 0.462954 0.742048
vt 0.472543 0.746767
vt 0.462754 0.742712
vt 0.472868 0.746154
vt 0.481352 0.752653
vt 0.481791 0.752116
vt 0.488844 0.760145
vt 0.489379 0.759704
vt 0.494730 0.768954
vt 0.495341 0.768626
vt 0.498784 0.778742
vt 0.499447 0.778540
vt 0.500851 0.789134
vt 0.501541 0.799796
vt 0.500851 0.799729
vt 0.498784 0.810120
vt 0.499447 0.810321
vt 0.494730 0.819908
vt 0.495341 0.820235
vt 0.488843 0.828718
vt 0.489379 0.829158
vt 0.481352 0.836209
vt 0.472868 0.842707
vt 0.472542 0.842095
vt 0.462754 0.846150
vt 0.452429 0.848907
vt 0.452363 0.848217
vt 0.441699 0.848907
vt 0.441768 0.848217
vt 0.431377 0.846150
vt 0.431174 0.846814
vt 0.421588 0.842096
vt 0.421260 0.842707
vt 0.412779 0.836209
vt 0.412337 0.836746
vt 0.405287 0.828718
vt 0.398788 0.820235
vt 0.399401 0.819908
vt 0.395347 0.810120
vt 0.394681 0.810321
vt 0.393280 0.799729
vt 0.392588 0.789065
vt 0.393280 0.789134
vt 0.395347 0.778742
vt 0.398788 0.768626
vt 0.399401 0.768954
vt 0.405287 0.760145
vt 0.404749 0.759704
vt 0.412779 0.752653
vt 0.421260 0.746154
vt 0.421588 0.746767
vt 0.431377 0.742712
vt 0.431174 0.742048
vt 0.441768 0.740645
vt 0.252569 0.920880
vt 0.252221 0.910613
vt 0.252502 0.910613
vt 0.452430 0.739954
vt 0.452363 0.740645
vt 0.833944 0.810166
vt 0.825623 0.816860
vt 0.833050 0.809432
vt 0.211318 0.910622
vt 0.210918 0.901159
vt 0.211199 0.901159
vt 0.265773 0.961977
vt 0.266200 0.970278
vt 0.265919 0.970278
vt 0.252247 0.970278
vt 0.252113 0.961977
vt 0.252393 0.961977
vt 0.211318 0.952519
vt 0.211110 0.942250
vt 0.211391 0.942250
vt 0.265597 0.920880
vt 0.265856 0.931558
vt 0.265575 0.931558
vt 0.197775 0.931571
vt 0.197469 0.920891
vt 0.197750 0.920891
vt 0.252113 0.901153
vt 0.252394 0.901153
vt 0.210758 0.892863
vt 0.211039 0.892863
vt 0.197398 0.970278
vt 0.197277 0.961983
vt 0.197558 0.961983
vt 0.252221 0.952510
vt 0.252502 0.952510
vt 0.211135 0.931571
vt 0.211415 0.931571
vt 0.265878 0.942238
vt 0.265597 0.942238
vt 0.197396 0.910622
vt 0.197677 0.910622
vt 0.251967 0.892863
vt 0.252247 0.892863
vt 0.265919 0.892863
vt 0.266054 0.901153
vt 0.265773 0.901153
vt 0.197396 0.952519
vt 0.197677 0.952519
vt 0.252288 0.942238
vt 0.252569 0.942238
vt 0.211110 0.920891
vt 0.211391 0.920891
vt 0.265945 0.952510
vt 0.265664 0.952510
vt 0.197277 0.901159
vt 0.197558 0.901159
vt 0.211039 0.970278
vt 0.210918 0.961983
vt 0.211199 0.961983
vt 0.265945 0.910613
vt 0.265664 0.910613
vt 0.197469 0.942250
vt 0.197750 0.942250
vt 0.252591 0.931558
vt 0.252288 0.920880
vt 0.252311 0.931558
vt 0.211037 0.910622
vt 0.266054 0.961977
vt 0.197117 0.892863
vt 0.197398 0.892863
vt 0.211037 0.952519
vt 0.265878 0.920880
vt 0.197494 0.931571
vt 0.842906 0.790994
vt 0.843455 0.780544
vt 0.844955 0.780691
vt 0.786264 0.829916
vt 0.776076 0.826715
vt 0.786378 0.828764
vt 0.775739 0.723056
vt 0.766371 0.728183
vt 0.765825 0.727163
vt 0.838886 0.800698
vt 0.839906 0.801244
vt 0.796995 0.829916
vt 0.796882 0.828764
vt 0.757637 0.734019
vt 0.756903 0.733124
vt 0.844013 0.791330
vt 0.807185 0.826715
vt 0.807520 0.827823
vt 0.750210 0.741446
vt 0.749315 0.740712
vt 0.846106 0.780805
vt 0.744374 0.750180
vt 0.743353 0.749635
vt 0.846106 0.770074
vt 0.844955 0.770187
vt 0.740354 0.759885
vt 0.739246 0.759549
vt 0.842906 0.759885
vt 0.844013 0.759549
vt 0.737153 0.770074
vt 0.738305 0.770187
vt 0.839906 0.749635
vt 0.838886 0.750180
vt 0.737153 0.780805
vt 0.738305 0.780691
vt 0.833050 0.741446
vt 0.833944 0.740712
vt 0.740354 0.790993
vt 0.739246 0.791330
vt 0.825623 0.734019
vt 0.826356 0.733124
vt 0.743353 0.801244
vt 0.744374 0.800698
vt 0.816889 0.728183
vt 0.817434 0.727163
vt 0.750210 0.809432
vt 0.749315 0.810166
vt 0.807185 0.724163
vt 0.807520 0.723056
vt 0.757637 0.816859
vt 0.756903 0.817754
vt 0.796995 0.720963
vt 0.796882 0.722114
vt 0.816889 0.822695
vt 0.817434 0.823716
vt 0.766371 0.822695
vt 0.765825 0.823716
vt 0.786264 0.720963
vt 0.786378 0.722114
vt 0.826356 0.817754
vt 0.775739 0.827822
vt 0.776076 0.724163
vt 0.841463 0.760322
vt 0.799151 0.771423
vt 0.837557 0.750891
vt 0.745703 0.750891
vt 0.843455 0.770335
vt 0.741796 0.760322
vt 0.739804 0.770335
vt 0.739804 0.780544
vt 0.831885 0.742403
vt 0.741796 0.790556
vt 0.824666 0.735184
vt 0.745703 0.799988
vt 0.816178 0.729512
vt 0.751374 0.808476
vt 0.806746 0.725606
vt 0.758593 0.815695
vt 0.796734 0.723614
vt 0.806746 0.825273
vt 0.816178 0.821366
vt 0.767081 0.821366
vt 0.786525 0.723614
vt 0.824666 0.815695
vt 0.776513 0.825273
vt 0.776513 0.725606
vt 0.831885 0.808476
vt 0.786525 0.827265
vt 0.767081 0.729512
vt 0.837557 0.799988
vt 0.796734 0.827265
vt 0.758593 0.735184
vt 0.841463 0.790556
vt 0.751374 0.742402
vt 0.797045 0.768857
vt 0.795420 0.768375
vt 0.795658 0.767930
vt 0.783180 0.774600
vt 0.783180 0.776268
vt 0.798224 0.770036
vt 0.783505 0.777904
vt 0.784143 0.779445
vt 0.785070 0.780832
vt 0.794117 0.767292
vt 0.786249 0.782011
vt 0.792481 0.766967
vt 0.795658 0.782938
vt 0.787636 0.782938
vt 0.790813 0.766967
vt 0.797045 0.782011
vt 0.789177 0.783576
vt 0.789177 0.767292
vt 0.798224 0.780832
vt 0.790813 0.783901
vt 0.787636 0.767930
vt 0.799151 0.779445
vt 0.792481 0.783901
vt 0.786249 0.768857
vt 0.799789 0.777904
vt 0.794117 0.783576
vt 0.785070 0.770036
vt 0.800114 0.776268
vt 0.784143 0.771423
vt 0.800114 0.774600
vt 0.783505 0.772964
vt 0.799789 0.772964
vt 0.792432 0.767469
vt 0.790898 0.767825
vt 0.790863 0.767469
vt 0.785460 0.780511
vt 0.793971 0.767775
vt 0.786570 0.781621
vt 0.795420 0.782493
vt 0.787874 0.782493
vt 0.796725 0.781621
vt 0.789324 0.783093
vt 0.789324 0.767775
vt 0.797834 0.780511
vt 0.790863 0.783399
vt 0.787874 0.768375
vt 0.798706 0.779207
vt 0.792432 0.783399
vt 0.786570 0.769247
vt 0.799306 0.777757
vt 0.793971 0.783093
vt 0.785460 0.770356
vt 0.799613 0.776218
vt 0.784589 0.771661
vt 0.799613 0.774649
vt 0.783988 0.773111
vt 0.799306 0.773111
vt 0.783682 0.774649
vt 0.798706 0.771661
vt 0.783682 0.776218
vt 0.797834 0.770356
vt 0.783988 0.777757
vt 0.796725 0.769247
vt 0.784589 0.779207
vt 0.788043 0.768691
vt 0.789458 0.772766
vt 0.786796 0.769523
vt 0.795251 0.782177
vt 0.796498 0.781345
vt 0.788043 0.782177
vt 0.789428 0.782751
vt 0.789428 0.768117
vt 0.797558 0.780285
vt 0.790898 0.783043
vt 0.798390 0.779038
vt 0.792397 0.783043
vt 0.798964 0.777654
vt 0.793867 0.782751
vt 0.785737 0.770583
vt 0.799256 0.776183
vt 0.784904 0.771830
vt 0.799256 0.774685
vt 0.784330 0.773214
vt 0.798964 0.773214
vt 0.784038 0.774685
vt 0.798390 0.771830
vt 0.784038 0.776183
vt 0.797558 0.770583
vt 0.784330 0.777654
vt 0.796498 0.769523
vt 0.784904 0.779038
vt 0.795251 0.768691
vt 0.785737 0.780285
vt 0.793867 0.768117
vt 0.786796 0.781345
vt 0.792397 0.767825
vt 0.535152 0.982099
vt 0.533050 0.981576
vt 0.535162 0.981576
vt 0.794691 0.777061
vt 0.794949 0.776436
vt 0.792649 0.778736
vt 0.788980 0.773245
vt 0.795081 0.775772
vt 0.788604 0.773807
vt 0.795081 0.775096
vt 0.788345 0.774432
vt 0.794949 0.774432
vt 0.788213 0.775096
vt 0.794691 0.773807
vt 0.788213 0.775772
vt 0.794315 0.773245
vt 0.788345 0.776436
vt 0.793836 0.772766
vt 0.788604 0.777061
vt 0.793274 0.772391
vt 0.788980 0.777623
vt 0.792649 0.772132
vt 0.789458 0.778102
vt 0.791985 0.772000
vt 0.793274 0.778477
vt 0.790020 0.778477
vt 0.791309 0.772000
vt 0.793836 0.778102
vt 0.790645 0.778736
vt 0.790645 0.772132
vt 0.794315 0.777623
vt 0.791309 0.778868
vt 0.790020 0.772391
vt 0.791985 0.778868
vt 0.599768 0.175824
vt 0.600643 0.176414
vt 0.599900 0.176487
vt 0.516658 0.980332
vt 0.514548 0.979659
vt 0.516660 0.979659
vt 0.533058 0.980980
vt 0.535170 0.980980
vt 0.514546 0.978986
vt 0.516658 0.978986
vt 0.533063 0.980332
vt 0.535174 0.980332
vt 0.514542 0.978338
vt 0.516654 0.978338
vt 0.533064 0.979659
vt 0.535176 0.979659
vt 0.516646 0.977742
vt 0.514534 0.977742
vt 0.533063 0.978986
vt 0.535174 0.978986
vt 0.514524 0.977219
vt 0.516636 0.977219
vt 0.533058 0.978338
vt 0.535170 0.978338
vt 0.550153 0.977219
vt 0.552256 0.977741
vt 0.550144 0.977742
vt 0.533050 0.977742
vt 0.535162 0.977742
vt 0.552249 0.978338
vt 0.550137 0.978338
vt 0.569356 0.979658
vt 0.567243 0.978985
vt 0.569355 0.978985
vt 0.533040 0.977219
vt 0.535152 0.977219
vt 0.552245 0.978985
vt 0.550133 0.978985
vt 0.567239 0.978338
vt 0.569351 0.978338
vt 0.569335 0.982099
vt 0.567232 0.981576
vt 0.569344 0.981576
vt 0.552244 0.979658
vt 0.550132 0.979658
vt 0.567232 0.977742
vt 0.569344 0.977742
vt 0.567239 0.980979
vt 0.569351 0.980979
vt 0.552245 0.980331
vt 0.550133 0.980332
vt 0.567223 0.977219
vt 0.569335 0.977219
vt 0.567243 0.980332
vt 0.569355 0.980332
vt 0.552249 0.980979
vt 0.550137 0.980979
vt 0.516636 0.982099
vt 0.514534 0.981576
vt 0.516646 0.981576
vt 0.567244 0.979658
vt 0.552256 0.981576
vt 0.550144 0.981576
vt 0.514542 0.980979
vt 0.516654 0.980979
vt 0.552265 0.982099
vt 0.550153 0.982099
vt 0.514546 0.980332
vt 0.336408 0.976332
vt 0.335415 0.975420
vt 0.336399 0.975606
vt 0.593164 0.175824
vt 0.592766 0.174847
vt 0.593423 0.175199
vt 0.600643 0.177237
vt 0.599900 0.177163
vt 0.593798 0.174636
vt 0.593223 0.174163
vt 0.599768 0.177827
vt 0.600482 0.178043
vt 0.593804 0.173581
vt 0.594277 0.174158
vt 0.600168 0.178803
vt 0.599509 0.178452
vt 0.594488 0.173124
vt 0.594839 0.173782
vt 0.596128 0.180259
vt 0.596878 0.181002
vt 0.596055 0.181002
vt 0.599134 0.179014
vt 0.599710 0.179487
vt 0.595464 0.173523
vt 0.595248 0.172809
vt 0.595248 0.180841
vt 0.595464 0.180127
vt 0.599129 0.180069
vt 0.598655 0.179493
vt 0.596055 0.172649
vt 0.596128 0.173391
vt 0.594839 0.179869
vt 0.594488 0.180526
vt 0.598445 0.180526
vt 0.598093 0.179869
vt 0.596878 0.172649
vt 0.596804 0.173391
vt 0.594277 0.179493
vt 0.593804 0.180069
vt 0.597468 0.180127
vt 0.597685 0.180841
vt 0.597685 0.172809
vt 0.597468 0.173523
vt 0.593223 0.179487
vt 0.593798 0.179014
vt 0.596804 0.180259
vt 0.598445 0.173124
vt 0.598093 0.173782
vt 0.593423 0.178452
vt 0.592766 0.178803
vt 0.598655 0.174158
vt 0.599129 0.173581
vt 0.593164 0.177827
vt 0.592451 0.178043
vt 0.599710 0.174163
vt 0.599134 0.174636
vt 0.592290 0.177237
vt 0.593032 0.177163
vt 0.599509 0.175199
vt 0.600168 0.174847
vt 0.592290 0.176414
vt 0.593032 0.176487
vt 0.600482 0.175607
vt 0.592451 0.175607
vt 0.352505 0.980455
vt 0.351744 0.979578
vt 0.352514 0.979671
vt 0.368830 0.975606
vt 0.369805 0.976203
vt 0.368822 0.976331
vt 0.353504 0.977937
vt 0.352519 0.977053
vt 0.353503 0.977118
vt 0.335402 0.974734
vt 0.336387 0.974970
vt 0.368816 0.977118
vt 0.369800 0.977053
vt 0.352514 0.976203
vt 0.353497 0.976331
vt 0.353478 0.980905
vt 0.353489 0.980269
vt 0.369798 0.977937
vt 0.368815 0.977937
vt 0.352505 0.975420
vt 0.353489 0.975606
vt 0.353497 0.979543
vt 0.369800 0.978821
vt 0.368816 0.978756
vt 0.353478 0.974971
vt 0.352493 0.974734
vt 0.352519 0.978821
vt 0.353503 0.978756
vt 0.369805 0.979671
vt 0.368822 0.979543
vt 0.980918 0.845589
vt 0.979947 0.845139
vt 0.980931 0.844953
vt 0.352521 0.977937
vt 0.369814 0.980455
vt 0.368830 0.980269
vt 0.979957 0.844355
vt 0.980940 0.844227
vt 0.368841 0.980905
vt 0.369826 0.981142
vt 0.980945 0.843440
vt 0.979963 0.843505
vt 0.336387 0.980905
vt 0.335415 0.980455
vt 0.336399 0.980269
vt 0.979965 0.842621
vt 0.980947 0.842621
vt 0.335425 0.979672
vt 0.336408 0.979544
vt 0.980945 0.841802
vt 0.979963 0.841737
vt 0.335431 0.978822
vt 0.336414 0.978756
vt 0.979957 0.840887
vt 0.980940 0.841015
vt 0.335433 0.977938
vt 0.336415 0.977938
vt 0.979947 0.840104
vt 0.980931 0.840290
vt 0.335431 0.977054
vt 0.336414 0.977119
vt 0.980918 0.839654
vt 0.979934 0.839417
vt 0.335425 0.976204
vt 0.368841 0.974971
vt 0.369814 0.975420
vt 0.575460 0.181183
vt 0.575867 0.179643
vt 0.576285 0.181019
vt 0.370569 0.977937
vt 0.370570 0.978773
vt 0.351724 0.974906
vt 0.351749 0.978773
vt 0.370576 0.979578
vt 0.979164 0.845653
vt 0.979177 0.845003
vt 0.351751 0.977937
vt 0.370584 0.980319
vt 0.979186 0.844262
vt 0.370596 0.980970
vt 0.979192 0.843458
vt 0.334632 0.980970
vt 0.334645 0.980320
vt 0.979194 0.842621
vt 0.334654 0.979579
vt 0.979192 0.841785
vt 0.334660 0.978774
vt 0.979186 0.840980
vt 0.334662 0.977938
vt 0.979177 0.840239
vt 0.334660 0.977101
vt 0.979164 0.839589
vt 0.334654 0.976297
vt 0.370596 0.974906
vt 0.370584 0.975555
vt 0.334645 0.975556
vt 0.370576 0.976296
vt 0.351749 0.977100
vt 0.334632 0.974906
vt 0.370570 0.977100
vt 0.351744 0.976296
vt 0.352493 0.981142
vt 0.351735 0.980319
vt 0.351735 0.975555
vt 0.926704 0.539996
vt 0.927239 0.539602
vt 0.927239 0.539999
vt 0.572320 0.173601
vt 0.572835 0.175107
vt 0.571726 0.174196
vt 0.577061 0.180697
vt 0.576383 0.179430
vt 0.572525 0.175571
vt 0.571259 0.174895
vt 0.576848 0.179119
vt 0.577760 0.180230
vt 0.570937 0.175671
vt 0.572311 0.176088
vt 0.578354 0.179636
vt 0.577243 0.178724
vt 0.570773 0.176496
vt 0.572202 0.176636
vt 0.578821 0.178937
vt 0.577553 0.178259
vt 0.572202 0.177195
vt 0.570773 0.177336
vt 0.577767 0.177743
vt 0.579143 0.178160
vt 0.572311 0.177743
vt 0.570937 0.178160
vt 0.577876 0.177195
vt 0.579307 0.177336
vt 0.571259 0.178937
vt 0.572525 0.178259
vt 0.579307 0.176496
vt 0.577876 0.176636
vt 0.572835 0.178724
vt 0.571726 0.179636
vt 0.576285 0.172813
vt 0.576383 0.174401
vt 0.575867 0.174187
vt 0.577767 0.176088
vt 0.579143 0.175671
vt 0.573230 0.179119
vt 0.572320 0.180230
vt 0.575460 0.172649
vt 0.575318 0.174078
vt 0.578821 0.174895
vt 0.577553 0.175571
vt 0.573695 0.179430
vt 0.573019 0.180697
vt 0.574760 0.174078
vt 0.574620 0.172649
vt 0.578354 0.174196
vt 0.577243 0.175107
vt 0.574211 0.179643
vt 0.573795 0.181019
vt 0.574211 0.174187
vt 0.573795 0.172813
vt 0.576848 0.174712
vt 0.577760 0.173601
vt 0.574760 0.179753
vt 0.574620 0.181183
vt 0.573019 0.173135
vt 0.573695 0.174401
vt 0.577061 0.173135
vt 0.575318 0.179753
vt 0.573230 0.174712
vt 0.928351 0.539602
vt 0.928709 0.539079
vt 0.928886 0.539598
vt 0.132463 0.931628
vt 0.132998 0.931227
vt 0.132998 0.931624
vt 0.927795 0.539603
vt 0.927795 0.540001
vt 0.133491 0.931220
vt 0.133491 0.931618
vt 0.928351 0.539999
vt 0.133923 0.931212
vt 0.133923 0.931610
vt 0.928886 0.539996
vt 0.147338 0.931616
vt 0.146906 0.931211
vt 0.147338 0.931218
vt 0.929379 0.539592
vt 0.929379 0.539989
vt 0.147831 0.931622
vt 0.147831 0.931224
vt 0.165938 0.931626
vt 0.166494 0.931228
vt 0.166494 0.931625
vt 0.929811 0.539583
vt 0.929811 0.539981
vt 0.148365 0.931625
vt 0.148365 0.931228
vt 0.167029 0.931224
vt 0.167029 0.931622
vt 0.163921 0.931608
vt 0.164354 0.931218
vt 0.164354 0.931616
vt 0.148921 0.931229
vt 0.148921 0.931626
vt 0.167521 0.931218
vt 0.167521 0.931616
vt 0.164847 0.931224
vt 0.164847 0.931622
vt 0.149478 0.931228
vt 0.149478 0.931625
vt 0.167953 0.931211
vt 0.167953 0.931608
vt 0.165382 0.931228
vt 0.165382 0.931625
vt 0.150013 0.931224
vt 0.150013 0.931622
vt 0.129891 0.931610
vt 0.130323 0.931220
vt 0.130323 0.931618
vt 0.165938 0.931229
vt 0.150506 0.931218
vt 0.150506 0.931616
vt 0.130816 0.931227
vt 0.130816 0.931624
vt 0.150938 0.931211
vt 0.150938 0.931608
vt 0.131351 0.931230
vt 0.131351 0.931628
vt 0.925779 0.539981
vt 0.926211 0.539592
vt 0.926211 0.539989
vt 0.131907 0.931232
vt 0.131907 0.931629
vt 0.926704 0.539598
vt 0.132463 0.931230
vt 0.166404 0.930708
vt 0.166379 0.905995
vt 0.166851 0.930705
vt 0.436488 0.184423
vt 0.436947 0.183909
vt 0.436947 0.184378
vt 0.409822 0.184963
vt 0.409232 0.185321
vt 0.409368 0.184873
vt 0.437039 0.184837
vt 0.436597 0.184972
vt 0.165938 0.930709
vt 0.409876 0.184407
vt 0.409413 0.184407
vt 0.148456 0.930708
vt 0.409822 0.183851
vt 0.409368 0.183941
vt 0.148922 0.930709
vt 0.450573 0.184423
vt 0.450022 0.184837
vt 0.450113 0.184378
vt 0.409659 0.183316
vt 0.409232 0.183493
vt 0.149388 0.930708
vt 0.450113 0.183909
vt 0.450573 0.183865
vt 0.165023 0.930706
vt 0.165472 0.930708
vt 0.149836 0.930706
vt 0.450464 0.183316
vt 0.450022 0.183450
vt 0.423077 0.183316
vt 0.423368 0.183941
vt 0.422914 0.183851
vt 0.130580 0.930702
vt 0.130993 0.930707
vt 0.423323 0.184407
vt 0.422860 0.184407
vt 0.131441 0.930710
vt 0.423368 0.184873
vt 0.422914 0.184964
vt 0.131907 0.930711
vt 0.423504 0.185321
vt 0.423077 0.185498
vt 0.132373 0.930710
vt 0.926881 0.539079
vt 0.927329 0.539082
vt 0.132821 0.930707
vt 0.927795 0.539083
vt 0.133234 0.930702
vt 0.928261 0.539082
vt 0.436597 0.183316
vt 0.436488 0.183865
vt 0.394366 0.183573
vt 0.395992 0.183733
vt 0.395831 0.185359
vt 0.164248 0.930694
vt 0.165295 0.905993
vt 0.164610 0.930701
vt 0.148697 0.905996
vt 0.148923 0.905997
vt 0.166578 0.905993
vt 0.167264 0.930701
vt 0.165494 0.905995
vt 0.149148 0.905996
vt 0.166753 0.905990
vt 0.167626 0.930694
vt 0.165711 0.905996
vt 0.149365 0.905995
vt 0.130218 0.930695
vt 0.131265 0.905993
vt 0.165937 0.905997
vt 0.149565 0.905993
vt 0.150249 0.930701
vt 0.131465 0.905995
vt 0.149740 0.905990
vt 0.150611 0.930694
vt 0.131682 0.905997
vt 0.926106 0.539066
vt 0.927153 0.514364
vt 0.926468 0.539073
vt 0.131907 0.905997
vt 0.927353 0.514367
vt 0.132132 0.905997
vt 0.927570 0.514368
vt 0.132349 0.905995
vt 0.927795 0.514369
vt 0.132549 0.905993
vt 0.928020 0.514368
vt 0.132724 0.905990
vt 0.133596 0.930695
vt 0.928237 0.514367
vt 0.147233 0.930694
vt 0.148281 0.905993
vt 0.147595 0.930701
vt 0.928437 0.514364
vt 0.929122 0.539073
vt 0.148481 0.905995
vt 0.148008 0.930705
vt 0.166162 0.905996
vt 0.928612 0.514361
vt 0.929484 0.539066
vt 0.859533 0.899843
vt 0.859090 0.850013
vt 0.697158 0.805708
vt 0.696911 0.752791
vt 0.720937 0.869771
vt 0.720711 0.895174
vt 0.721125 0.958788
vt 0.911567 0.857314
vt 0.662416 0.964642
vt 0.676476 0.964642
vt 0.980716 0.390846
vt 0.980956 0.096705
vt 0.966694 0.390846
vt 0.964267 0.847183
vt 0.958284 0.693891
vt 0.961938 0.321185
vt 0.527564 0.930325
vt 0.541199 0.860378
vt 0.567223 0.930325
vt 0.830660 0.912846
vt 0.583914 0.742018
vt 0.593691 0.746068
vt 0.602489 0.751947
vt 0.609972 0.759430
vt 0.615851 0.768228
vt 0.619900 0.778005
vt 0.621965 0.788383
vt 0.621965 0.798965
vt 0.619900 0.809344
vt 0.615851 0.819120
vt 0.609972 0.827919
vt 0.602489 0.835402
vt 0.593690 0.841281
vt 0.583914 0.845330
vt 0.573535 0.847395
vt 0.552575 0.845330
vt 0.542798 0.841281
vt 0.534000 0.835402
vt 0.526517 0.827919
vt 0.520638 0.819120
vt 0.516589 0.809344
vt 0.514524 0.798965
vt 0.516589 0.778005
vt 0.520638 0.768228
vt 0.526517 0.759430
vt 0.534000 0.751947
vt 0.542798 0.746068
vt 0.552575 0.742018
vt 0.562953 0.739954
vt 0.292935 0.969203
vt 0.238183 0.969203
vt 0.224399 0.969203
vt 0.279952 0.892863
vt 0.979633 0.826434
vt 0.978823 0.860166
vt 0.635208 0.874428
vt 0.648964 0.874428
vt 0.948436 0.194965
vt 0.770450 0.842899
vt 0.784380 0.949368
vt 0.179617 0.583214
vt 0.492069 0.970725
vt 0.449847 0.861891
vt 0.463982 0.861891
vt 0.478118 0.861891
vt 0.890444 0.569375
vt 0.936426 0.390846
vt 0.950792 0.720962
vt 0.938276 0.115319
vt 0.435737 0.861891
vt 0.421456 0.975078
vt 0.393236 0.861891
vt 0.407419 0.861891
vt 0.168674 0.779095
vt 0.375727 0.576558
vt 0.901648 0.194965
vt 0.859596 0.834873
vt 0.608602 0.860378
vt 0.977406 0.311379
vt 0.965014 0.860166
vt 0.594305 0.860378
vt 0.307548 0.395873
vt 0.323107 0.402318
vt 0.337109 0.411674
vt 0.349018 0.423582
vt 0.358374 0.437585
vt 0.364818 0.453144
vt 0.368104 0.469661
vt 0.368104 0.486501
vt 0.364818 0.503018
vt 0.358374 0.518577
vt 0.349017 0.532580
vt 0.337109 0.544488
vt 0.323107 0.553844
vt 0.307548 0.560289
vt 0.291031 0.563574
vt 0.257673 0.560289
vt 0.242114 0.553844
vt 0.228112 0.544488
vt 0.216204 0.532580
vt 0.206848 0.518577
vt 0.200403 0.503019
vt 0.197117 0.486502
vt 0.200403 0.453144
vt 0.206848 0.437585
vt 0.216204 0.423582
vt 0.228112 0.411674
vt 0.242114 0.402318
vt 0.257673 0.395873
vt 0.274190 0.392588
vt 0.365724 0.772439
vt 0.683131 0.739954
vt 0.116368 0.779095
vt 0.055208 0.896450
vt 0.010599 0.947480
vt 0.184134 0.913383
vt 0.027691 0.947480
vt 0.669008 0.173835
vt 0.666954 0.177392
vt 0.664900 0.173835
vt 0.184134 0.947267
vt 0.901157 0.368972
vt 0.897049 0.368972
vt 0.899103 0.365415
vt 0.372923 0.940824
vt 0.060137 0.947480
vt 0.518632 0.943309
vt 0.649862 0.172649
vt 0.651916 0.176206
vt 0.647809 0.176206
vt 0.077228 0.947480
vt 0.375235 0.750565
vt 0.371127 0.750565
vt 0.373181 0.747008
vt 0.355831 0.906914
vt 0.094319 0.947480
vt 0.372923 0.906914
vt 0.681991 0.173835
vt 0.686099 0.173835
vt 0.684045 0.177392
vt 0.111410 0.947480
vt 0.773429 0.167916
vt 0.775482 0.171473
vt 0.771375 0.171473
vt 0.571331 0.943309
vt 0.990418 0.601555
vt 0.044782 0.947480
vt 0.699082 0.173835
vt 0.703190 0.173835
vt 0.701136 0.177392
vt 0.990418 0.635439
vt 0.928734 0.694743
vt 0.924626 0.694743
vt 0.926680 0.691186
vt 0.554239 0.943309
vt 0.816988 0.962351
vt 0.010599 0.913570
vt 0.790520 0.167916
vt 0.792574 0.171473
vt 0.788466 0.171473
vt 0.983327 0.109689
vt 0.928967 0.175498
vt 0.924860 0.175498
vt 0.926913 0.171940
vt 0.321649 0.906914
vt 0.970723 0.147436
vt 0.338740 0.906914
vt 0.613626 0.173835
vt 0.617734 0.173835
vt 0.615680 0.177392
vt 0.975846 0.355769
vt 0.720281 0.176206
vt 0.716173 0.176206
vt 0.718227 0.172649
vt 0.027691 0.913570
vt 0.979952 0.533761
vt 0.044782 0.913570
vt 0.634825 0.176206
vt 0.630717 0.176206
vt 0.632771 0.172649
vt 0.833032 0.959740
vt 0.809665 0.169102
vt 0.807611 0.172659
vt 0.805557 0.169102
vt 0.061873 0.913569
vt 0.993508 0.194965
vt 0.078964 0.913570
vt 0.900408 0.168039
vt 0.902461 0.171596
vt 0.898354 0.171596
vt 0.993508 0.228849
vt 0.911643 0.692371
vt 0.909589 0.695929
vt 0.907535 0.692371
vt 0.955368 0.147436
vt 0.982049 0.494044
vt 0.960491 0.355769
vt 0.180295 0.749779
vt 0.176187 0.749779
vt 0.178241 0.746222
vt 0.913732 0.961462
vt 0.892498 0.695929
vt 0.890444 0.692371
vt 0.894552 0.692371
vt 0.926716 0.982363
vt 0.334632 0.961725
vt 0.960491 0.339228
vt 0.958437 0.342786
vt 0.956383 0.339228
vt 0.737153 0.983252
vt 0.321649 0.961725
vt 0.824702 0.172659
vt 0.822648 0.169102
vt 0.826756 0.169102
vt 0.351724 0.961725
vt 0.991137 0.283632
vt 0.129815 0.965514
vt 0.321649 0.975920
vt 0.319595 0.979477
vt 0.317541 0.975920
vt 0.991137 0.317516
vt 0.355831 0.961725
vt 0.843847 0.169102
vt 0.841793 0.172659
vt 0.839739 0.169102
vt 0.752508 0.983252
vt 0.533040 0.964210
vt 0.873922 0.169102
vt 0.878029 0.169102
vt 0.875976 0.172659
vt 0.767863 0.983252
vt 0.096055 0.934471
vt 0.882012 0.365415
vt 0.884066 0.368973
vt 0.879958 0.368973
vt 0.859090 0.985743
vt 0.939292 0.342760
vt 0.856830 0.169102
vt 0.860938 0.169102
vt 0.858884 0.172659
vt 0.874445 0.985743
vt 0.113147 0.934471
vt 0.916194 0.365415
vt 0.918248 0.368973
vt 0.914140 0.368973
vt 0.983706 0.168336
vt 0.960490 0.554662
vt 0.696705 0.975111
vt 0.700813 0.975111
vt 0.698759 0.978668
vt 0.988047 0.588571
vt 0.943400 0.376670
vt 0.338998 0.747008
vt 0.341052 0.750565
vt 0.336944 0.750565
vt 0.988047 0.690222
vt 0.163997 0.965511
vt 0.975528 0.338042
vt 0.977582 0.341600
vt 0.973474 0.341600
vt 0.988829 0.376669
vt 0.151014 0.965511
vt 0.356089 0.747008
vt 0.358143 0.750565
vt 0.354035 0.750565
vt 0.830660 0.946731
vt 0.783907 0.983252
vt 0.943398 0.554662
vt 0.713796 0.975111
vt 0.717904 0.975111
vt 0.715850 0.978668
vt 0.799262 0.983252
vt 0.834768 0.946731
vt 0.864921 0.365415
vt 0.866975 0.368972
vt 0.862867 0.368972
vt 0.949947 0.390846
vt 0.182232 0.772439
vt 0.953109 0.134452
vt 0.943398 0.567671
vt 0.092585 0.009755
vt 0.084067 0.010594
vt 0.092425 0.006492
vt 0.101304 0.006492
vt 0.110141 0.007362
vt 0.118850 0.009094
vt 0.127347 0.011672
vt 0.135550 0.015070
vt 0.143381 0.019256
vt 0.150764 0.024189
vt 0.157628 0.029822
vt 0.163907 0.036101
vt 0.169540 0.042965
vt 0.174473 0.050348
vt 0.178659 0.058179
vt 0.182057 0.066382
vt 0.184634 0.074879
vt 0.186367 0.083588
vt 0.187237 0.092425
vt 0.187237 0.101304
vt 0.186367 0.110141
vt 0.184634 0.118850
vt 0.182057 0.127347
vt 0.178659 0.135550
vt 0.174473 0.143381
vt 0.169540 0.150764
vt 0.163907 0.157628
vt 0.157628 0.163907
vt 0.150764 0.169540
vt 0.135550 0.178659
vt 0.127347 0.182057
vt 0.118849 0.184635
vt 0.101304 0.187237
vt 0.092424 0.187237
vt 0.083588 0.186367
vt 0.074879 0.184634
vt 0.066382 0.182057
vt 0.058178 0.178659
vt 0.050347 0.174473
vt 0.042964 0.169540
vt 0.036100 0.163907
vt 0.029822 0.157628
vt 0.024189 0.150764
vt 0.019256 0.143381
vt 0.015070 0.135550
vt 0.011672 0.127347
vt 0.009094 0.118850
vt 0.007362 0.110141
vt 0.006492 0.101304
vt 0.006492 0.092425
vt 0.007362 0.083588
vt 0.009094 0.074879
vt 0.011672 0.066382
vt 0.015070 0.058178
vt 0.019256 0.050347
vt 0.024189 0.042964
vt 0.029822 0.036101
vt 0.036101 0.029822
vt 0.042965 0.024189
vt 0.052027 0.022058
vt 0.044911 0.026813
vt 0.038295 0.032243
vt 0.101144 0.009755
vt 0.109661 0.010594
vt 0.032243 0.038295
vt 0.118056 0.012264
vt 0.026813 0.044911
vt 0.022058 0.052027
vt 0.126246 0.014748
vt 0.134153 0.018024
vt 0.018024 0.059575
vt 0.141701 0.022058
vt 0.014748 0.067483
vt 0.012264 0.075673
vt 0.148818 0.026813
vt 0.155434 0.032243
vt 0.010594 0.084067
vt 0.009755 0.092585
vt 0.161486 0.038295
vt 0.009755 0.101144
vt 0.166915 0.044911
vt 0.171670 0.052027
vt 0.010594 0.109661
vt 0.012264 0.118056
vt 0.175705 0.059576
vt 0.178980 0.067483
vt 0.014748 0.126246
vt 0.181465 0.075673
vt 0.018024 0.134153
vt 0.022058 0.141701
vt 0.183135 0.084067
vt 0.183973 0.092585
vt 0.026813 0.148818
vt 0.032243 0.155434
vt 0.183973 0.101144
vt 0.038295 0.161486
vt 0.183135 0.109661
vt 0.181465 0.118056
vt 0.044911 0.166915
vt 0.052027 0.171671
vt 0.178980 0.126246
vt 0.175705 0.134153
vt 0.059575 0.175705
vt 0.171670 0.141702
vt 0.067483 0.178980
vt 0.075673 0.181465
vt 0.166915 0.148818
vt 0.161486 0.155434
vt 0.084067 0.183135
vt 0.092585 0.183974
vt 0.155434 0.161486
vt 0.101144 0.183974
vt 0.148818 0.166916
vt 0.141701 0.171671
vt 0.109661 0.183135
vt 0.118056 0.181465
vt 0.134153 0.175705
vt 0.059576 0.018024
vt 0.058179 0.015070
vt 0.066382 0.011672
vt 0.074879 0.009094
vt 0.075673 0.012264
vt 0.261212 0.178980
vt 0.269402 0.181465
vt 0.268608 0.184634
vt 0.260111 0.182057
vt 0.251907 0.178659
vt 0.244076 0.174473
vt 0.236693 0.169540
vt 0.229829 0.163907
vt 0.223551 0.157628
vt 0.217918 0.150764
vt 0.208799 0.135550
vt 0.205401 0.127347
vt 0.202823 0.118850
vt 0.201091 0.110141
vt 0.200220 0.101304
vt 0.200220 0.092425
vt 0.201091 0.083588
vt 0.202823 0.074879
vt 0.205993 0.075673
vt 0.204323 0.084067
vt 0.203484 0.092585
vt 0.253304 0.175705
vt 0.245756 0.171670
vt 0.203484 0.101144
vt 0.238640 0.166915
vt 0.204323 0.109661
vt 0.205993 0.118056
vt 0.232024 0.161486
vt 0.225972 0.155434
vt 0.208477 0.126246
vt 0.220542 0.148818
vt 0.208477 0.067483
vt 0.205400 0.066382
vt 0.208798 0.058179
vt 0.212984 0.050348
vt 0.217917 0.042965
vt 0.223550 0.036101
vt 0.229829 0.029822
vt 0.236693 0.024189
vt 0.244076 0.019256
vt 0.251907 0.015070
vt 0.260110 0.011672
vt 0.268607 0.009094
vt 0.277316 0.007362
vt 0.286153 0.006492
vt 0.295032 0.006492
vt 0.303869 0.007362
vt 0.312578 0.009094
vt 0.321075 0.011672
vt 0.329278 0.015070
vt 0.337109 0.019256
vt 0.344492 0.024189
vt 0.351356 0.029822
vt 0.357635 0.036101
vt 0.363268 0.042964
vt 0.372387 0.058178
vt 0.375785 0.066382
vt 0.378363 0.074879
vt 0.380095 0.083588
vt 0.380965 0.092425
vt 0.380965 0.101304
vt 0.380095 0.110141
vt 0.378363 0.118850
vt 0.375785 0.127347
vt 0.372387 0.135550
vt 0.368202 0.143381
vt 0.363268 0.150764
vt 0.357635 0.157628
vt 0.351357 0.163907
vt 0.344493 0.169540
vt 0.337110 0.174473
vt 0.329279 0.178659
vt 0.321075 0.182057
vt 0.312578 0.184634
vt 0.303870 0.186367
vt 0.295033 0.187237
vt 0.286153 0.187237
vt 0.277317 0.186367
vt 0.277796 0.183135
vt 0.286314 0.183973
vt 0.211752 0.059576
vt 0.215787 0.052027
vt 0.294873 0.183973
vt 0.220542 0.044911
vt 0.303390 0.183135
vt 0.311784 0.181465
vt 0.225971 0.038295
vt 0.232023 0.032243
vt 0.319975 0.178980
vt 0.238639 0.026813
vt 0.327882 0.175705
vt 0.335430 0.171670
vt 0.245756 0.022058
vt 0.253304 0.018024
vt 0.342546 0.166915
vt 0.349162 0.161486
vt 0.261211 0.014748
vt 0.355214 0.155434
vt 0.269401 0.012264
vt 0.277796 0.010594
vt 0.360644 0.148818
vt 0.365399 0.141701
vt 0.286313 0.009755
vt 0.294872 0.009755
vt 0.369434 0.134153
vt 0.303390 0.010594
vt 0.372709 0.126246
vt 0.375193 0.118056
vt 0.311784 0.012264
vt 0.319974 0.014748
vt 0.376863 0.109661
vt 0.377702 0.101144
vt 0.327881 0.018024
vt 0.377702 0.092585
vt 0.335430 0.022058
vt 0.342546 0.026813
vt 0.376863 0.084067
vt 0.375193 0.075673
vt 0.349162 0.032243
vt 0.355214 0.038295
vt 0.372709 0.067483
vt 0.360644 0.044911
vt 0.966092 0.129831
vt 0.975063 0.567671
vt 0.950092 0.967817
vt 0.897774 0.971196
vt 0.891654 0.321859
vt 0.896993 0.514361
vt 0.146319 0.733238
vt 0.878587 0.352431
vt 0.366056 0.734024
vt 0.146479 0.702666
vt 0.930727 0.131957
vt 0.146319 0.760759
vt 0.163204 0.747236
vt 0.898354 0.130006
vt 0.736930 0.181439
vt 0.758391 0.167916
vt 0.926309 0.323810
vt 0.501541 0.789065
vt 0.481791 0.836746
vt 0.462954 0.846814
vt 0.404749 0.829158
vt 0.392588 0.799796
vt 0.394681 0.778541
vt 0.412337 0.752116
vt 0.441699 0.739954
vt 0.251967 0.970278
vt 0.197117 0.970278
vt 0.266200 0.892863
vt 0.210758 0.970278
vt 0.533040 0.982099
vt 0.552265 0.977219
vt 0.567223 0.982099
vt 0.514524 0.982099
vt 0.979934 0.845825
vt 0.335402 0.981142
vt 0.369826 0.974734
vt 0.351724 0.980970
vt 0.146906 0.931608
vt 0.163921 0.931211
vt 0.129891 0.931212
vt 0.925779 0.539583
vt 0.409659 0.185498
vt 0.450464 0.184972
vt 0.423504 0.183493
vt 0.437039 0.183450
vt 0.395643 0.185485
vt 0.395434 0.185572
vt 0.395212 0.185616
vt 0.394985 0.185616
vt 0.394763 0.185572
vt 0.394554 0.185485
vt 0.394366 0.185359
vt 0.394205 0.185199
vt 0.394080 0.185011
vt 0.393993 0.184802
vt 0.393949 0.184579
vt 0.393949 0.184353
vt 0.393993 0.184131
vt 0.394080 0.183922
vt 0.394205 0.183733
vt 0.394554 0.183447
vt 0.394763 0.183361
vt 0.394985 0.183316
vt 0.395212 0.183316
vt 0.395434 0.183361
vt 0.395643 0.183447
vt 0.395831 0.183573
vt 0.396117 0.183922
vt 0.396204 0.184131
vt 0.396248 0.184353
vt 0.396248 0.184579
vt 0.396204 0.184802
vt 0.396117 0.185011
vt 0.395992 0.185199
vt 0.165119 0.905990
vt 0.131090 0.905990
vt 0.926978 0.514361
vt 0.148106 0.905990
s 0
usemtl Material.001
f 1/1/1 4/2/1 3/3/1
f 4/2/2 5/4/2 3/3/2
f 6/5/3 7/6/3 5/4/3
f 8/7/4 9/8/4 7/6/4
f 10/9/5 11/10/5 9/11/5
f 12/12/6 13/13/6 11/10/6
f 14/14/7 15/15/7 13/13/7
f 15/15/8 18/16/8 17/17/8
f 18/16/9 19/18/9 17/17/9
f 20/19/10 21/20/10 19/18/10
f 22/21/11 23/22/11 21/20/11
f 23/22/12 26/23/12 25/24/12
f 26/25/13 27/26/13 25/27/13
f 27/26/14 30/28/14 29/29/14
f 30/28/15 31/30/15 29/29/15
f 31/30/16 34/31/16 33/32/16
f 34/31/17 35/33/17 33/32/17
f 36/34/18 37/35/18 35/33/18
f 38/36/19 39/37/19 37/35/19
f 40/38/20 41/39/20 39/37/20
f 42/40/21 43/41/21 41/42/21
f 44/43/22 45/44/22 43/41/22
f 46/45/23 47/46/23 45/44/23
f 48/47/24 49/48/24 47/46/24
f 50/49/25 51/50/25 49/48/25
f 52/51/26 53/52/26 51/50/26
f 54/53/27 55/54/27 53/52/27
f 55/54/28 58/55/28 57/56/28
f 58/57/29 59/58/29 57/59/29
f 60/60/30 61/61/30 59/58/30
f 30/62/31 80/63/31 32/64/31
f 62/65/32 63/66/32 61/61/32
f 64/67/33 1/1/33 63/66/33
f 43/68/34 343/69/34 342/70/34
f 80/71/35 113/72/35 81/73/35
f 48/74/36 89/75/36 50/76/36
f 6/77/37 65/78/37 67/79/37
f 22/80/38 76/81/38 24/82/38
f 40/83/39 85/84/39 42/85/39
f 60/86/40 93/87/40 94/88/40
f 14/89/41 72/90/41 16/91/41
f 32/64/42 81/92/42 34/93/42
f 50/76/43 90/94/43 52/95/43
f 8/96/44 67/79/44 68/97/44
f 24/82/45 77/98/45 26/99/45
f 42/85/46 86/100/46 44/101/46
f 62/102/47 94/88/47 95/103/47
f 18/104/48 72/90/48 73/105/48
f 34/93/49 82/106/49 36/107/49
f 52/95/50 91/108/50 54/109/50
f 8/96/51 69/110/51 10/111/51
f 28/112/52 77/98/52 78/113/52
f 44/101/53 87/114/53 46/115/53
f 62/102/54 96/116/54 64/117/54
f 20/118/55 73/105/55 74/119/55
f 38/120/56 82/106/56 83/121/56
f 56/122/57 91/108/57 92/123/57
f 12/124/58 69/110/58 70/125/58
f 28/112/59 79/126/59 30/62/59
f 46/115/60 88/127/60 48/74/60
f 4/128/61 66/129/61 65/78/61
f 2/130/62 96/116/62 66/129/62
f 22/80/63 74/119/63 75/131/63
f 38/120/64 84/132/64 40/83/64
f 56/122/65 93/87/65 58/133/65
f 14/89/66 70/125/66 71/134/66
f 116/135/67 147/136/67 148/137/67
f 67/138/68 100/139/68 68/140/68
f 94/141/69 127/142/69 95/143/69
f 81/73/70 114/144/70 82/145/70
f 68/140/71 101/146/71 69/147/71
f 95/143/72 128/148/72 96/149/72
f 82/145/73 115/150/73 83/151/73
f 69/152/74 102/153/74 70/154/74
f 96/149/75 98/155/75 66/156/75
f 83/151/76 116/157/76 84/158/76
f 70/154/77 103/159/77 71/160/77
f 84/158/78 117/161/78 85/162/78
f 71/160/79 104/163/79 72/164/79
f 85/165/80 118/166/80 86/167/80
f 72/164/81 105/168/81 73/169/81
f 86/167/82 119/170/82 87/171/82
f 73/169/83 106/172/83 74/173/83
f 87/171/84 120/174/84 88/175/84
f 74/173/85 107/176/85 75/177/85
f 88/175/86 121/178/86 89/179/86
f 75/177/87 108/180/87 76/181/87
f 89/179/88 122/182/88 90/183/88
f 76/181/89 109/184/89 77/185/89
f 90/183/90 123/186/90 91/187/90
f 77/188/91 110/189/91 78/190/91
f 91/187/92 124/191/92 92/192/92
f 78/190/93 111/193/93 79/194/93
f 66/156/94 97/195/94 65/196/94
f 92/192/95 125/197/95 93/198/95
f 79/194/96 112/199/96 80/71/96
f 65/196/97 99/200/97 67/138/97
f 93/201/98 126/202/98 94/141/98
f 150/203/82 183/204/82 151/205/82
f 102/206/99 135/207/99 103/208/99
f 117/209/100 148/137/100 149/210/100
f 104/211/101 135/207/101 136/212/101
f 117/209/102 150/213/102 118/214/102
f 104/211/103 137/215/103 105/216/103
f 119/217/104 150/213/104 151/218/104
f 105/216/105 138/219/105 106/220/105
f 119/217/106 152/221/106 120/222/106
f 106/220/107 139/223/107 107/224/107
f 121/225/108 152/221/108 153/226/108
f 108/227/109 139/223/109 140/228/109
f 122/229/110 153/226/110 154/230/110
f 109/231/111 140/228/111 141/232/111
f 122/229/112 155/233/112 123/234/112
f 109/231/113 142/235/113 110/236/113
f 123/234/114 156/237/114 124/238/114
f 110/236/115 143/239/115 111/240/115
f 97/241/116 130/242/116 129/243/116
f 125/244/117 156/237/117 157/245/117
f 112/246/118 143/239/118 144/247/118
f 97/241/119 131/248/119 99/249/119
f 125/244/120 158/250/120 126/251/120
f 112/246/121 145/252/121 113/253/121
f 99/249/122 132/254/122 100/255/122
f 127/256/123 158/250/123 159/257/123
f 113/253/124 146/258/124 114/259/124
f 101/260/125 132/254/125 133/261/125
f 128/262/126 159/257/126 160/263/126
f 114/259/127 147/136/127 115/264/127
f 101/260/128 134/265/128 102/206/128
f 128/262/129 130/242/129 98/266/129
f 185/267/130 218/268/130 186/269/130
f 137/270/83 170/271/83 138/272/83
f 151/205/84 184/273/84 152/274/84
f 138/272/85 171/275/85 139/276/85
f 152/274/86 185/277/86 153/278/86
f 139/276/87 172/279/87 140/280/87
f 153/278/88 186/281/88 154/282/88
f 140/280/89 173/283/89 141/284/89
f 154/282/90 187/285/90 155/286/90
f 141/287/91 174/288/91 142/289/91
f 155/286/92 188/290/92 156/291/92
f 142/289/93 175/292/93 143/293/93
f 130/294/94 161/295/94 129/296/94
f 156/291/95 189/297/95 157/298/95
f 143/293/96 176/299/96 144/300/96
f 129/296/97 163/301/97 131/302/97
f 157/303/98 190/304/98 158/305/98
f 144/300/35 177/306/35 145/307/35
f 131/302/68 164/308/68 132/309/68
f 158/305/69 191/310/69 159/311/69
f 145/307/70 178/312/70 146/313/70
f 132/309/71 165/314/71 133/315/71
f 159/311/72 192/316/72 160/317/72
f 146/313/73 179/318/73 147/319/73
f 133/320/74 166/321/74 134/322/74
f 160/317/75 162/323/75 130/294/75
f 147/319/76 180/324/76 148/325/76
f 134/322/77 167/326/77 135/327/77
f 148/325/78 181/328/78 149/329/78
f 135/327/79 168/330/79 136/331/79
f 149/332/80 182/333/80 150/203/80
f 136/331/81 169/334/81 137/270/81
f 214/335/80 245/336/80 246/337/80
f 172/338/131 205/339/131 173/340/131
f 186/269/132 219/341/132 187/342/132
f 174/343/133 205/339/133 206/344/133
f 188/345/134 219/341/134 220/346/134
f 174/343/135 207/347/135 175/348/135
f 162/349/136 193/350/136 161/351/136
f 188/345/137 221/352/137 189/353/137
f 175/348/138 208/354/138 176/355/138
f 161/351/139 195/356/139 163/357/139
f 190/358/140 221/352/140 222/359/140
f 176/355/141 209/360/141 177/361/141
f 164/362/142 195/356/142 196/363/142
f 191/364/143 222/359/143 223/365/143
f 177/361/144 210/366/144 178/367/144
f 164/362/145 197/368/145 165/369/145
f 191/364/146 224/370/146 192/371/146
f 179/372/147 210/366/147 211/373/147
f 166/374/148 197/368/148 198/375/148
f 192/371/149 194/376/149 162/349/149
f 179/372/150 212/377/150 180/378/150
f 167/379/151 198/375/151 199/380/151
f 180/378/152 213/381/152 181/382/152
f 167/379/153 200/383/153 168/384/153
f 181/382/154 214/385/154 182/386/154
f 168/384/155 201/387/155 169/388/155
f 183/389/156 214/385/156 215/390/156
f 169/388/157 202/391/157 170/392/157
f 184/393/158 215/390/158 216/394/158
f 171/395/159 202/391/159 203/396/159
f 184/393/160 217/397/160 185/267/160
f 171/395/161 204/398/161 172/338/161
f 248/399/162 281/400/162 249/401/162
f 200/402/81 233/403/81 201/404/81
f 215/405/82 246/337/82 247/406/82
f 201/404/83 234/407/83 202/408/83
f 216/409/84 247/406/84 248/410/84
f 202/408/85 235/411/85 203/412/85
f 216/409/86 249/413/86 217/414/86
f 204/415/87 235/411/87 236/416/87
f 217/414/88 250/417/88 218/418/88
f 205/419/89 236/416/89 237/420/89
f 218/418/90 251/421/90 219/422/90
f 206/423/91 237/424/91 238/425/91
f 219/422/92 252/426/92 220/427/92
f 207/428/93 238/425/93 239/429/93
f 194/430/94 225/431/94 193/432/94
f 220/427/95 253/433/95 221/434/95
f 208/435/96 239/429/96 240/436/96
f 193/432/97 227/437/97 195/438/97
f 221/439/98 254/440/98 222/441/98
f 209/442/35 240/436/35 241/443/35
f 195/438/68 228/444/68 196/445/68
f 222/441/69 255/446/69 223/447/69
f 210/448/70 241/443/70 242/449/70
f 196/445/71 229/450/71 197/451/71
f 223/447/72 256/452/72 224/453/72
f 211/454/73 242/449/73 243/455/73
f 197/456/74 230/457/74 198/458/74
f 224/453/75 226/459/75 194/430/75
f 212/460/76 243/455/76 244/461/76
f 198/458/77 231/462/77 199/463/77
f 213/464/78 244/461/78 245/465/78
f 199/463/79 232/466/79 200/402/79
f 283/467/92 316/468/92 284/469/92
f 236/470/163 267/471/163 268/472/163
f 250/473/164 281/400/164 282/474/164
f 237/475/165 268/472/165 269/476/165
f 250/473/166 283/477/166 251/478/166
f 237/475/167 270/479/167 238/480/167
f 251/478/168 284/481/168 252/482/168
f 239/483/169 270/479/169 271/484/169
f 226/485/170 257/486/170 225/487/170
f 252/482/171 285/488/171 253/489/171
f 240/490/172 271/484/172 272/491/172
f 225/487/173 259/492/173 227/493/173
f 253/489/174 286/494/174 254/495/174
f 240/490/175 273/496/175 241/497/175
f 227/493/176 260/498/176 228/499/176
f 254/495/177 287/500/177 255/501/177
f 242/502/178 273/496/178 274/503/178
f 229/504/179 260/498/179 261/505/179
f 256/506/180 287/500/180 288/507/180
f 242/502/181 275/508/181 243/509/181
f 229/504/182 262/510/182 230/511/182
f 256/506/183 258/512/183 226/485/183
f 244/513/184 275/508/184 276/514/184
f 230/511/185 263/515/185 231/516/185
f 245/517/186 276/514/186 277/518/186
f 232/519/187 263/515/187 264/520/187
f 245/517/188 278/521/188 246/522/188
f 232/519/189 265/523/189 233/524/189
f 246/522/190 279/525/190 247/526/190
f 234/527/191 265/523/191 266/528/191
f 247/526/192 280/529/192 248/399/192
f 234/527/193 267/471/193 235/530/193
f 307/531/194 299/532/194 291/533/194
f 270/534/93 303/535/93 271/536/93
f 258/537/94 289/538/94 257/539/94
f 284/469/95 317/540/95 285/541/95
f 271/536/96 304/542/96 272/543/96
f 257/539/97 291/544/97 259/545/97
f 285/546/98 318/547/98 286/548/98
f 272/543/35 305/549/35 273/550/35
f 259/545/68 292/551/68 260/552/68
f 286/548/69 319/553/69 287/554/69
f 273/550/70 306/555/70 274/556/70
f 260/552/71 293/557/71 261/558/71
f 287/554/72 320/559/72 288/560/72
f 274/556/73 307/561/73 275/562/73
f 261/563/74 294/564/74 262/565/74
f 288/560/75 290/566/75 258/537/75
f 275/562/76 308/567/76 276/568/76
f 262/565/77 295/569/77 263/570/77
f 276/568/78 309/571/78 277/572/78
f 263/570/79 296/573/79 264/574/79
f 277/575/80 310/576/80 278/577/80
f 264/574/81 297/578/81 265/579/81
f 278/577/82 311/580/82 279/581/82
f 265/579/83 298/582/83 266/583/83
f 279/581/84 312/584/84 280/585/84
f 266/583/85 299/586/85 267/587/85
f 280/585/86 313/588/86 281/589/86
f 267/587/87 300/590/87 268/591/87
f 281/589/88 314/592/88 282/593/88
f 268/591/89 301/594/89 269/595/89
f 282/593/90 315/596/90 283/467/90
f 269/597/91 302/598/91 270/534/91
f 341/599/78 372/600/78 340/601/78
f 63/602/195 351/603/195 61/604/195
f 19/605/196 329/606/196 17/607/196
f 37/608/197 338/609/197 35/610/197
f 55/611/198 347/612/198 53/613/198
f 11/614/199 325/615/199 9/616/199
f 29/617/200 334/618/200 27/619/200
f 47/620/201 343/69/201 45/621/201
f 1/622/202 322/623/202 321/624/202
f 1/622/203 352/625/203 63/602/203
f 21/626/204 330/627/204 19/605/204
f 39/628/205 339/629/205 37/608/205
f 55/611/206 349/630/206 348/631/206
f 11/614/207 327/632/207 326/633/207
f 31/634/208 335/635/208 29/617/208
f 49/636/209 344/637/209 47/620/209
f 5/638/210 322/623/210 3/639/210
f 23/640/211 331/641/211 21/626/211
f 39/628/212 341/642/212 340/643/212
f 59/644/213 349/630/213 57/645/213
f 15/646/214 327/632/214 13/647/214
f 33/648/215 336/649/215 31/634/215
f 51/650/216 345/651/216 49/636/216
f 7/652/217 323/653/217 5/638/217
f 23/640/218 333/654/218 332/655/218
f 43/68/219 341/642/219 41/656/219
f 61/604/220 350/657/220 59/644/220
f 17/607/221 328/658/221 15/646/221
f 35/610/222 337/659/222 33/648/222
f 53/613/223 346/660/223 51/650/223
f 9/616/224 324/661/224 7/652/224
f 25/662/225 334/618/225 333/654/225
f 376/663/226 407/664/226 375/665/226
f 328/666/79 359/667/79 327/668/79
f 342/669/80 373/670/80 341/671/80
f 329/672/81 360/673/81 328/666/81
f 343/674/82 374/675/82 342/669/82
f 330/676/83 361/677/83 329/672/83
f 344/678/84 375/679/84 343/674/84
f 331/680/85 362/681/85 330/676/85
f 345/682/86 376/683/86 344/678/86
f 332/684/87 363/685/87 331/680/87
f 346/686/88 377/687/88 345/682/88
f 333/688/89 364/689/89 332/684/89
f 347/690/90 378/691/90 346/686/90
f 334/692/91 365/693/91 333/694/91
f 348/695/92 379/696/92 347/690/92
f 335/697/93 366/698/93 334/692/93
f 322/699/94 353/700/94 321/701/94
f 349/702/95 380/703/95 348/695/95
f 336/704/96 367/705/96 335/697/96
f 323/706/97 354/707/97 322/699/97
f 350/708/98 381/709/98 349/710/98
f 337/711/35 368/712/35 336/704/35
f 324/713/68 355/714/68 323/706/68
f 351/715/69 382/716/69 350/708/69
f 338/717/70 369/718/70 337/711/70
f 325/719/71 356/720/71 324/713/71
f 352/721/72 383/722/72 351/715/72
f 339/723/73 370/724/73 338/717/73
f 326/725/74 357/726/74 325/727/74
f 321/701/75 384/728/75 352/721/75
f 340/601/76 371/729/76 339/723/76
f 327/668/77 358/730/77 326/725/77
f 411/731/227 442/732/227 410/733/227
f 363/734/228 394/735/228 362/736/228
f 377/737/229 408/738/229 376/663/229
f 364/739/230 395/740/230 363/734/230
f 378/741/231 409/742/231 377/737/231
f 364/739/232 397/743/232 396/744/232
f 379/745/233 410/746/233 378/741/233
f 366/747/234 397/743/234 365/748/234
f 380/749/235 411/750/235 379/745/235
f 367/751/236 398/752/236 366/747/236
f 354/753/237 385/754/237 353/755/237
f 380/749/238 413/756/238 412/757/238
f 368/758/239 399/759/239 367/751/239
f 355/760/240 386/761/240 354/753/240
f 382/762/241 413/756/241 381/763/241
f 369/764/242 400/765/242 368/758/242
f 356/766/243 387/767/243 355/760/243
f 382/762/244 415/768/244 414/769/244
f 370/770/245 401/771/245 369/764/245
f 357/772/246 388/773/246 356/766/246
f 384/774/247 415/768/247 383/775/247
f 371/776/248 402/777/248 370/770/248
f 358/778/249 389/779/249 357/772/249
f 353/755/250 416/780/250 384/774/250
f 372/781/251 403/782/251 371/776/251
f 359/783/252 390/784/252 358/778/252
f 372/781/253 405/785/253 404/786/253
f 360/787/254 391/788/254 359/783/254
f 374/789/255 405/785/255 373/790/255
f 361/791/256 392/792/256 360/787/256
f 375/665/257 406/793/257 374/789/257
f 362/736/258 393/794/258 361/791/258
f 418/795/259 451/796/259 450/797/259
f 398/798/260 429/799/260 397/800/260
f 412/801/261 443/802/261 411/731/261
f 399/803/262 430/804/262 398/798/262
f 386/805/263 417/806/263 385/807/263
f 413/808/264 444/809/264 412/801/264
f 400/810/265 431/811/265 399/803/265
f 387/812/266 418/813/266 386/805/266
f 414/814/267 445/815/267 413/816/267
f 401/817/268 432/818/268 400/810/268
f 388/819/269 419/820/269 387/812/269
f 415/821/270 446/822/270 414/814/270
f 402/823/271 433/824/271 401/817/271
f 389/825/272 420/826/272 388/819/272
f 416/827/273 447/828/273 415/821/273
f 402/823/274 435/829/274 434/830/274
f 390/831/275 421/832/275 389/833/275
f 416/827/276 417/806/276 448/834/276
f 404/835/277 435/829/277 403/836/277
f 391/837/278 422/838/278 390/831/278
f 405/839/279 436/840/279 404/835/279
f 392/841/280 423/842/280 391/837/280
f 406/843/281 437/844/281 405/845/281
f 393/846/282 424/847/282 392/841/282
f 407/848/283 438/849/283 406/843/283
f 394/850/284 425/851/284 393/846/284
f 408/852/285 439/853/285 407/848/285
f 395/854/286 426/855/286 394/850/286
f 409/856/287 440/857/287 408/852/287
f 396/858/288 427/859/288 395/854/288
f 410/733/289 441/860/289 409/856/289
f 397/861/290 428/862/290 396/858/290
f 454/863/74 485/864/74 453/865/74
f 446/866/291 477/867/291 445/868/291
f 433/869/292 464/870/292 432/871/292
f 420/872/293 451/796/293 419/873/293
f 447/874/294 478/875/294 446/866/294
f 434/876/295 465/877/295 433/869/295
f 421/878/296 452/879/296 420/872/296
f 448/880/297 479/881/297 447/874/297
f 435/882/298 466/883/298 434/876/298
f 422/884/299 453/885/299 421/878/299
f 417/886/300 480/887/300 448/880/300
f 436/888/301 467/889/301 435/882/301
f 423/890/302 454/891/302 422/884/302
f 437/892/303 468/893/303 436/888/303
f 424/894/304 455/895/304 423/890/304
f 438/896/305 469/897/305 437/892/305
f 425/898/306 456/899/306 424/894/306
f 439/900/307 470/901/307 438/896/307
f 426/902/308 457/903/308 425/898/308
f 440/904/309 471/905/309 439/900/309
f 427/906/310 458/907/310 426/902/310
f 441/908/311 472/909/311 440/904/311
f 427/906/312 460/910/312 459/911/312
f 442/912/313 473/913/313 441/908/313
f 429/914/314 460/910/314 428/915/314
f 443/916/315 474/917/315 442/912/315
f 430/918/316 461/919/316 429/914/316
f 443/916/317 476/920/317 475/921/317
f 430/918/318 463/922/318 462/923/318
f 418/795/319 449/924/319 417/886/319
f 445/868/320 476/920/320 444/925/320
f 432/871/321 463/922/321 431/926/321
f 489/927/322 520/928/322 488/929/322
f 449/930/75 512/931/75 480/932/75
f 468/933/76 499/934/76 467/935/76
f 455/936/77 486/937/77 454/863/77
f 469/938/78 500/939/78 468/933/78
f 456/940/79 487/941/79 455/936/79
f 470/942/80 501/943/80 469/944/80
f 457/945/81 488/946/81 456/940/81
f 471/947/82 502/948/82 470/942/82
f 458/949/83 489/950/83 457/945/83
f 472/951/84 503/952/84 471/947/84
f 459/953/85 490/954/85 458/949/85
f 473/955/86 504/956/86 472/951/86
f 460/957/87 491/958/87 459/953/87
f 474/959/88 505/960/88 473/955/88
f 461/961/89 492/962/89 460/957/89
f 475/963/90 506/964/90 474/959/90
f 462/965/91 493/966/91 461/967/91
f 476/968/92 507/969/92 475/963/92
f 463/970/93 494/971/93 462/965/93
f 450/972/94 481/973/94 449/930/94
f 477/974/95 508/975/95 476/968/95
f 464/976/96 495/977/96 463/970/96
f 451/978/97 482/979/97 450/972/97
f 478/980/98 509/981/98 477/982/98
f 465/983/35 496/984/35 464/976/35
f 452/985/68 483/986/68 451/978/68
f 479/987/69 510/988/69 478/980/69
f 466/989/70 497/990/70 465/983/70
f 453/991/71 484/992/71 452/985/71
f 480/932/72 511/993/72 479/987/72
f 467/935/73 498/994/73 466/989/73
f 524/995/323 555/996/323 523/997/323
f 503/998/324 534/999/324 502/1000/324
f 490/1001/325 521/1002/325 489/927/325
f 503/998/326 536/1003/326 535/1004/326
f 491/1005/327 522/1006/327 490/1001/327
f 505/1007/328 536/1003/328 504/1008/328
f 491/1005/329 524/1009/329 523/1010/329
f 506/1011/330 537/1012/330 505/1007/330
f 493/1013/331 524/1009/331 492/1014/331
f 507/1015/332 538/1016/332 506/1011/332
f 494/1017/333 525/1018/333 493/1013/333
f 507/1015/334 540/1019/334 539/1020/334
f 495/1021/335 526/1022/335 494/1017/335
f 482/1023/336 513/1024/336 481/1025/336
f 509/1026/337 540/1019/337 508/1027/337
f 496/1028/338 527/1029/338 495/1021/338
f 483/1030/339 514/1031/339 482/1023/339
f 510/1032/340 541/1033/340 509/1026/340
f 497/1034/341 528/1035/341 496/1028/341
f 483/1030/342 516/1036/342 515/1037/342
f 511/1038/343 542/1039/343 510/1032/343
f 498/1040/344 529/1041/344 497/1034/344
f 485/1042/345 516/1036/345 484/1043/345
f 512/1044/346 543/1045/346 511/1038/346
f 498/1040/347 531/1046/347 530/1047/347
f 486/1048/348 517/1049/348 485/1042/348
f 481/1025/349 544/1050/349 512/1044/349
f 500/1051/350 531/1046/350 499/1052/350
f 487/1053/351 518/1054/351 486/1048/351
f 501/1055/352 532/1056/352 500/1051/352
f 487/1053/353 520/928/353 519/1057/353
f 502/1000/354 533/1058/354 501/1055/354
f 559/1059/355 590/1060/355 558/1061/355
f 537/1062/356 570/1063/356 569/1064/356
f 524/995/357 557/1065/357 556/1066/357
f 539/1067/358 570/1063/358 538/1068/358
f 525/1069/359 558/1070/359 557/1071/359
f 540/1072/360 571/1073/360 539/1067/360
f 526/1074/361 559/1075/361 558/1070/361
f 514/1076/362 545/1077/362 513/1078/362
f 541/1079/363 572/1080/363 540/1072/363
f 528/1081/364 559/1075/364 527/1082/364
f 515/1083/365 546/1084/365 514/1076/365
f 542/1085/366 573/1086/366 541/1087/366
f 528/1081/367 561/1088/367 560/1089/367
f 516/1090/368 547/1091/368 515/1083/368
f 543/1092/369 574/1093/369 542/1085/369
f 530/1094/370 561/1088/370 529/1095/370
f 517/1096/371 548/1097/371 516/1090/371
f 544/1098/372 575/1099/372 543/1092/372
f 530/1094/373 563/1100/373 562/1101/373
f 518/1102/374 549/1103/374 517/1104/374
f 513/1078/375 576/1105/375 544/1098/375
f 531/1106/376 564/1107/376 563/1100/376
f 519/1108/377 550/1109/377 518/1102/377
f 532/1110/378 565/1111/378 564/1107/378
f 520/1112/379 551/1113/379 519/1108/379
f 533/1114/380 566/1115/380 565/1116/380
f 521/1117/381 552/1118/381 520/1112/381
f 535/1119/382 566/1115/382 534/1120/382
f 522/1121/383 553/1122/383 521/1117/383
f 536/1123/384 567/1124/384 535/1119/384
f 523/997/385 554/1125/385 522/1121/385
f 536/1123/386 569/1064/386 568/1126/386
f 594/1127/70 625/1128/70 593/1129/70
f 546/1130/387 577/1131/387 545/1132/387
f 572/1133/388 605/1134/388 604/1135/388
f 560/1136/389 591/1137/389 559/1059/389
f 546/1130/390 579/1138/390 578/1139/390
f 574/1140/391 605/1134/391 573/1141/391
f 560/1136/392 593/1142/392 592/1143/392
f 548/1144/393 579/1138/393 547/1145/393
f 575/1146/394 606/1147/394 574/1140/394
f 562/1148/395 593/1142/395 561/1149/395
f 549/1150/396 580/1151/396 548/1144/396
f 576/1152/397 607/1153/397 575/1146/397
f 562/1148/398 595/1154/398 594/1155/398
f 549/1150/399 582/1156/399 581/1157/399
f 545/1132/400 608/1158/400 576/1152/400
f 564/1159/401 595/1154/401 563/1160/401
f 550/1161/402 583/1162/402 582/1156/402
f 564/1159/403 597/1163/403 596/1164/403
f 552/1165/404 583/1162/404 551/1166/404
f 566/1167/405 597/1163/405 565/1168/405
f 553/1169/406 584/1170/406 552/1165/406
f 566/1167/407 599/1171/407 598/1172/407
f 554/1173/408 585/1174/408 553/1169/408
f 568/1175/409 599/1171/409 567/1176/409
f 554/1173/410 587/1177/410 586/1178/410
f 569/1179/411 600/1180/411 568/1175/411
f 556/1181/412 587/1177/412 555/1182/412
f 570/1183/413 601/1184/413 569/1179/413
f 556/1181/414 589/1185/414 588/1186/414
f 570/1183/415 603/1187/415 602/1188/415
f 558/1061/416 589/1185/416 557/1189/416
f 572/1133/417 603/1187/417 571/1190/417
f 629/1191/418 660/1192/418 628/1193/418
f 581/1194/71 612/1195/71 580/1196/71
f 608/1197/72 639/1198/72 607/1199/72
f 595/1200/73 626/1201/73 594/1127/73
f 582/1202/74 613/1203/74 581/1204/74
f 577/1205/75 640/1206/75 608/1197/75
f 596/1207/76 627/1208/76 595/1200/76
f 583/1209/77 614/1210/77 582/1202/77
f 597/1211/78 628/1212/78 596/1207/78
f 584/1213/79 615/1214/79 583/1209/79
f 598/1215/80 629/1216/80 597/1217/80
f 585/1218/81 616/1219/81 584/1213/81
f 599/1220/82 630/1221/82 598/1215/82
f 586/1222/83 617/1223/83 585/1218/83
f 600/1224/84 631/1225/84 599/1220/84
f 587/1226/85 618/1227/85 586/1222/85
f 601/1228/86 632/1229/86 600/1224/86
f 588/1230/87 619/1231/87 587/1226/87
f 602/1232/88 633/1233/88 601/1228/88
f 589/1234/89 620/1235/89 588/1230/89
f 603/1236/90 634/1237/90 602/1232/90
f 590/1238/91 621/1239/91 589/1240/91
f 604/1241/92 635/1242/92 603/1236/92
f 591/1243/93 622/1244/93 590/1238/93
f 578/1245/94 609/1246/94 577/1205/94
f 605/1247/95 636/1248/95 604/1241/95
f 592/1249/96 623/1250/96 591/1243/96
f 579/1251/97 610/1252/97 578/1245/97
f 606/1253/98 637/1254/98 605/1255/98
f 593/1129/35 624/1256/35 592/1249/35
f 580/1196/68 611/1257/68 579/1251/68
f 607/1199/69 638/1258/69 606/1253/69
f 664/1259/419 695/1260/419 663/1261/419
f 615/1262/420 648/1263/420 647/1264/420
f 630/1265/421 661/1266/421 629/1191/421
f 617/1267/422 648/1263/422 616/1268/422
f 630/1265/423 663/1269/423 662/1270/423
f 617/1267/424 650/1271/424 649/1272/424
f 631/1273/425 664/1274/425 663/1269/425
f 619/1275/426 650/1271/426 618/1276/426
f 633/1277/427 664/1274/427 632/1278/427
f 620/1279/428 651/1280/428 619/1275/428
f 634/1281/429 665/1282/429 633/1277/429
f 621/1283/430 652/1284/430 620/1279/430
f 635/1285/431 666/1286/431 634/1281/431
f 621/1283/432 654/1287/432 653/1288/432
f 636/1289/433 667/1290/433 635/1285/433
f 622/1291/434 655/1292/434 654/1287/434
f 610/1293/435 641/1294/435 609/1295/435
f 637/1296/436 668/1297/436 636/1289/436
f 623/1298/437 656/1299/437 655/1292/437
f 611/1300/438 642/1301/438 610/1293/438
f 638/1302/439 669/1303/439 637/1296/439
f 625/1304/440 656/1299/440 624/1305/440
f 612/1306/441 643/1307/441 611/1300/441
f 638/1302/442 671/1308/442 670/1309/442
f 626/1310/443 657/1311/443 625/1304/443
f 613/1312/444 644/1313/444 612/1306/444
f 639/1314/445 672/1315/445 671/1308/445
f 627/1316/446 658/1317/446 626/1310/446
f 613/1312/447 646/1318/447 645/1319/447
f 609/1295/448 672/1315/448 640/1320/448
f 628/1193/449 659/1321/449 627/1316/449
f 615/1262/450 646/1318/450 614/1322/450
f 698/1323/451 731/1324/451 730/1325/451
f 651/1326/452 682/1327/452 650/1328/452
f 664/1259/453 697/1329/453 696/1330/453
f 652/1331/454 683/1332/454 651/1326/454
f 666/1333/455 697/1329/455 665/1334/455
f 653/1335/456 684/1336/456 652/1331/456
f 667/1337/457 698/1338/457 666/1333/457
f 654/1339/458 685/1340/458 653/1341/458
f 668/1342/459 699/1343/459 667/1337/459
f 654/1339/460 687/1344/460 686/1345/460
f 642/1346/461 673/1347/461 641/1348/461
f 669/1349/462 700/1350/462 668/1342/462
f 656/1351/463 687/1344/463 655/1352/463
f 643/1353/464 674/1354/464 642/1346/464
f 670/1355/465 701/1356/465 669/1357/465
f 657/1358/466 688/1359/466 656/1351/466
f 644/1360/467 675/1361/467 643/1353/467
f 671/1362/468 702/1363/468 670/1355/468
f 658/1364/469 689/1365/469 657/1358/469
f 645/1366/470 676/1367/470 644/1360/470
f 672/1368/471 703/1369/471 671/1362/471
f 659/1370/472 690/1371/472 658/1364/472
f 645/1372/473 678/1373/473 677/1374/473
f 641/1348/474 704/1375/474 672/1368/474
f 660/1376/475 691/1377/475 659/1370/475
f 647/1378/476 678/1373/476 646/1379/476
f 661/1380/477 692/1381/477 660/1376/477
f 648/1382/478 679/1383/478 647/1378/478
f 662/1384/479 693/1385/479 661/1386/479
f 649/1387/480 680/1388/480 648/1382/480
f 663/1261/481 694/1389/481 662/1384/481
f 649/1387/482 682/1327/482 681/1390/482
f 734/1391/98 765/1392/98 733/1393/98
f 686/1394/483 717/1395/483 685/1396/483
f 699/1397/484 732/1398/484 731/1324/484
f 687/1399/485 718/1400/485 686/1394/485
f 674/1401/486 705/1402/486 673/1403/486
f 701/1404/487 732/1398/487 700/1405/487
f 688/1406/488 719/1407/488 687/1399/488
f 674/1401/489 707/1408/489 706/1409/489
f 702/1410/490 733/1411/490 701/1404/490
f 688/1406/491 721/1412/491 720/1413/491
f 676/1414/492 707/1408/492 675/1415/492
f 703/1416/493 734/1417/493 702/1410/493
f 690/1418/494 721/1412/494 689/1419/494
f 676/1414/495 709/1420/495 708/1421/495
f 704/1422/496 735/1423/496 703/1416/496
f 690/1418/497 723/1424/497 722/1425/497
f 678/1426/498 709/1420/498 677/1427/498
f 704/1422/499 705/1402/499 736/1428/499
f 692/1429/500 723/1424/500 691/1430/500
f 679/1431/501 710/1432/501 678/1426/501
f 693/1433/502 724/1434/502 692/1429/502
f 680/1435/503 711/1436/503 679/1431/503
f 694/1437/504 725/1438/504 693/1433/504
f 681/1439/505 712/1440/505 680/1435/505
f 695/1441/506 726/1442/506 694/1437/506
f 682/1443/507 713/1444/507 681/1439/507
f 696/1445/508 727/1446/508 695/1441/508
f 683/1447/509 714/1448/509 682/1443/509
f 697/1449/510 728/1450/510 696/1445/510
f 684/1451/511 715/1452/511 683/1447/511
f 698/1323/512 729/1453/512 697/1449/512
f 684/1451/513 717/1395/513 716/1454/513
f 737/1455/514 800/1456/514 768/1457/514
f 721/1458/35 752/1459/35 720/1460/35
f 708/1461/68 739/1462/68 707/1463/68
f 735/1464/69 766/1465/69 734/1391/69
f 722/1466/70 753/1467/70 721/1458/70
f 709/1468/71 740/1469/71 708/1461/71
f 736/1470/72 767/1471/72 735/1464/72
f 723/1472/73 754/1473/73 722/1466/73
f 710/1474/74 741/1475/74 709/1476/74
f 705/1477/75 768/1478/75 736/1470/75
f 724/1479/76 755/1480/76 723/1472/76
f 711/1481/77 742/1482/77 710/1474/77
f 725/1483/78 756/1484/78 724/1479/78
f 712/1485/79 743/1486/79 711/1481/79
f 726/1487/80 757/1488/80 725/1489/80
f 713/1490/81 744/1491/81 712/1485/81
f 727/1492/82 758/1493/82 726/1487/82
f 714/1494/83 745/1495/83 713/1490/83
f 728/1496/84 759/1497/84 727/1492/84
f 715/1498/85 746/1499/85 714/1494/85
f 729/1500/86 760/1501/86 728/1496/86
f 716/1502/87 747/1503/87 715/1498/87
f 730/1504/88 761/1505/88 729/1500/88
f 717/1506/89 748/1507/89 716/1502/89
f 731/1508/90 762/1509/90 730/1504/90
f 718/1510/91 749/1511/91 717/1512/91
f 732/1513/92 763/1514/92 731/1508/92
f 719/1515/93 750/1516/93 718/1510/93
f 706/1517/94 737/1518/94 705/1477/94
f 733/1519/95 764/1520/95 732/1513/95
f 720/1460/96 751/1521/96 719/1515/96
f 707/1463/97 738/1522/97 706/1517/97
f 791/1523/515 822/1524/515 790/1525/515
f 756/1526/516 787/1527/516 755/1528/516
f 743/1529/517 774/1530/517 742/1531/517
f 757/1532/518 788/1533/518 756/1526/518
f 744/1534/519 775/1535/519 743/1529/519
f 757/1532/520 790/1536/520 789/1537/520
f 745/1538/521 776/1539/521 744/1534/521
f 759/1540/522 790/1536/522 758/1541/522
f 745/1538/523 778/1542/523 777/1543/523
f 759/1540/524 792/1544/524 791/1545/524
f 747/1546/525 778/1542/525 746/1547/525
f 761/1548/526 792/1544/526 760/1549/526
f 748/1550/527 779/1551/527 747/1546/527
f 761/1548/528 794/1552/528 793/1553/528
f 749/1554/529 780/1555/529 748/1550/529
f 763/1556/530 794/1552/530 762/1557/530
f 749/1554/531 782/1558/531 781/1559/531
f 764/1560/532 795/1561/532 763/1556/532
f 750/1562/533 783/1563/533 782/1558/533
f 737/1455/534 770/1564/534 769/1565/534
f 765/1566/535 796/1567/535 764/1560/535
f 752/1568/536 783/1563/536 751/1569/536
f 739/1570/537 770/1564/537 738/1571/537
f 765/1566/538 798/1572/538 797/1573/538
f 753/1574/539 784/1575/539 752/1568/539
f 740/1576/540 771/1577/540 739/1570/540
f 766/1578/541 799/1579/541 798/1572/541
f 753/1574/542 786/1580/542 785/1581/542
f 741/1582/543 772/1583/543 740/1576/543
f 768/1457/544 799/1579/544 767/1584/544
f 755/1528/545 786/1580/545 754/1585/545
f 742/1531/546 773/1586/546 741/1582/546
f 816/1587/547 824/1588/547 832/1589/547
f 777/1590/548 810/1591/548 809/1592/548
f 792/1593/549 823/1594/549 791/1523/549
f 779/1595/550 810/1591/550 778/1596/550
f 793/1597/551 824/1598/551 792/1593/551
f 780/1599/552 811/1600/552 779/1595/552
f 793/1597/553 826/1601/553 825/1602/553
f 781/1603/554 812/1604/554 780/1599/554
f 795/1605/555 826/1601/555 794/1606/555
f 781/1607/556 814/1608/556 813/1609/556
f 796/1610/557 827/1611/557 795/1605/557
f 783/1612/558 814/1608/558 782/1613/558
f 770/1614/559 801/1615/559 769/1616/559
f 797/1617/560 828/1618/560 796/1610/560
f 783/1612/561 816/1619/561 815/1620/561
f 771/1621/562 802/1622/562 770/1614/562
f 798/1623/563 829/1624/563 797/1625/563
f 784/1626/564 817/1627/564 816/1619/564
f 772/1628/565 803/1629/565 771/1621/565
f 799/1630/566 830/1631/566 798/1623/566
f 786/1632/567 817/1627/567 785/1633/567
f 773/1634/568 804/1635/568 772/1628/568
f 800/1636/569 831/1637/569 799/1630/569
f 786/1632/570 819/1638/570 818/1639/570
f 774/1640/571 805/1641/571 773/1642/571
f 769/1616/572 832/1643/572 800/1636/572
f 788/1644/573 819/1638/573 787/1645/573
f 775/1646/574 806/1647/574 774/1640/574
f 788/1644/575 821/1648/575 820/1649/575
f 776/1650/576 807/1651/576 775/1646/576
f 789/1652/577 822/1524/577 821/1653/577
f 776/1650/578 809/1592/578 808/1654/578
f 834/1655/579 835/1656/579 833/1657/579
f 836/1658/580 837/1659/580 835/1660/580
f 838/1661/581 839/1662/581 837/1663/581
f 840/1664/582 841/1665/582 839/1662/582
f 834/1666/194 842/1667/194 838/1668/194
f 842/1669/583 843/1670/583 841/1671/583
f 844/1672/584 833/1657/584 843/1673/584
f 835/1674/547 839/1675/547 843/1676/547
f 846/1677/579 847/1678/579 845/1679/579
f 848/1680/580 849/1681/580 847/1682/580
f 850/1683/581 851/1684/581 849/1685/581
f 852/1686/582 853/1687/582 851/1684/582
f 846/1688/194 854/1689/194 850/1690/194
f 854/1691/583 855/1692/583 853/1693/583
f 856/1694/584 845/1679/584 855/1695/584
f 847/1696/547 851/1697/547 855/1698/547
f 858/1699/579 859/1700/579 857/1701/579
f 860/1702/580 861/1703/580 859/1704/580
f 862/1705/581 863/1706/581 861/1707/581
f 864/1708/582 865/1709/582 863/1706/582
f 858/1710/194 866/1711/194 862/1712/194
f 866/1713/583 867/1714/583 865/1715/583
f 868/1716/584 857/1701/584 867/1717/584
f 859/1718/547 863/1719/547 867/1720/547
f 870/1721/579 871/1722/579 869/1723/579
f 872/1724/580 873/1725/580 871/1726/580
f 874/1727/581 875/1728/581 873/1729/581
f 876/1730/582 877/1731/582 875/1728/582
f 870/1732/194 878/1733/194 874/1734/194
f 878/1735/583 879/1736/583 877/1737/583
f 880/1738/584 869/1723/584 879/1739/584
f 871/1740/547 875/1741/547 879/1742/547
f 882/1743/579 883/1744/579 881/1745/579
f 884/1746/580 885/1747/580 883/1748/580
f 886/1749/581 887/1750/581 885/1751/581
f 888/1752/582 889/1753/582 887/1750/582
f 882/1754/194 890/1755/194 886/1756/194
f 890/1757/583 891/1758/583 889/1759/583
f 892/1760/584 881/1745/584 891/1761/584
f 883/1762/547 887/1763/547 891/1764/547
f 894/1765/579 895/1766/579 893/1767/579
f 896/1768/580 897/1769/580 895/1770/580
f 898/1771/581 899/1772/581 897/1773/581
f 900/1774/582 901/1775/582 899/1772/582
f 894/1776/194 902/1777/194 898/1778/194
f 902/1779/583 903/1780/583 901/1781/583
f 904/1782/584 893/1767/584 903/1783/584
f 895/1784/547 899/1785/547 903/1786/547
f 906/1787/579 907/1788/579 905/1789/579
f 908/1790/580 909/1791/580 907/1792/580
f 910/1793/581 911/1794/581 909/1795/581
f 912/1796/582 913/1797/582 911/1794/582
f 906/1798/194 914/1799/194 910/1800/194
f 914/1801/583 915/1802/583 913/1803/583
f 916/1804/584 905/1789/584 915/1805/584
f 907/1806/547 911/1807/547 915/1808/547
f 918/1809/579 919/1810/579 917/1811/579
f 920/1812/580 921/1813/580 919/1814/580
f 922/1815/581 923/1816/581 921/1817/581
f 924/1818/582 925/1819/582 923/1816/582
f 918/1820/194 926/1821/194 922/1822/194
f 926/1823/583 927/1824/583 925/1825/583
f 928/1826/584 917/1811/584 927/1827/584
f 919/1828/547 923/1829/547 927/1830/547
f 930/1831/579 931/1832/579 929/1833/579
f 932/1834/580 933/1835/580 931/1836/580
f 934/1837/581 935/1838/581 933/1839/581
f 936/1840/582 937/1841/582 935/1838/582
f 930/1842/194 938/1843/194 934/1844/194
f 938/1845/583 939/1846/583 937/1847/583
f 940/1848/584 929/1833/584 939/1849/584
f 931/1850/547 935/1851/547 939/1852/547
f 941/1853/584 944/1854/584 943/1855/584
f 944/1856/583 945/1857/583 943/1858/583
f 946/1859/582 947/1860/582 945/1861/582
f 948/1862/581 949/1863/581 947/1860/581
f 942/1864/547 950/1865/547 946/1866/547
f 950/1867/580 951/1868/580 949/1869/580
f 951/1870/579 942/1871/579 941/1853/579
f 943/1872/194 947/1873/194 951/1874/194
f 954/1875/584 955/1876/584 953/1877/584
f 956/1878/583 957/1879/583 955/1880/583
f 958/1881/582 959/1882/582 957/1883/582
f 960/1884/581 961/1885/581 959/1882/581
f 954/1886/547 962/1887/547 958/1888/547
f 962/1889/580 963/1890/580 961/1891/580
f 963/1892/579 954/1875/579 953/1877/579
f 955/1893/194 959/1894/194 963/1895/194
f 965/1896/584 968/1897/584 967/1898/584
f 968/1899/583 969/1900/583 967/1901/583
f 970/1902/582 971/1903/582 969/1904/582
f 972/1905/581 973/1906/581 971/1903/581
f 966/1907/547 974/1908/547 970/1909/547
f 974/1910/580 975/1911/580 973/1912/580
f 975/1913/579 966/1914/579 965/1896/579
f 967/1915/194 971/1916/194 975/1917/194
f 977/1918/584 980/1919/584 979/1920/584
f 980/1921/583 981/1922/583 979/1923/583
f 982/1924/582 983/1925/582 981/1926/582
f 984/1927/581 985/1928/581 983/1925/581
f 978/1929/547 986/1930/547 982/1931/547
f 986/1932/580 987/1933/580 985/1934/580
f 987/1935/579 978/1936/579 977/1918/579
f 979/1937/194 983/1938/194 987/1939/194
f 989/1940/584 992/1941/584 991/1942/584
f 992/1943/583 993/1944/583 991/1945/583
f 994/1946/582 995/1947/582 993/1948/582
f 996/1949/581 997/1950/581 995/1947/581
f 990/1951/547 998/1952/547 994/1953/547
f 998/1954/580 999/1955/580 997/1956/580
f 999/1957/579 990/1958/579 989/1940/579
f 991/1959/194 995/1960/194 999/1961/194
f 1001/1962/584 1004/1963/584 1003/1964/584
f 1004/1965/583 1005/1966/583 1003/1967/583
f 1006/1968/582 1007/1969/582 1005/1970/582
f 1008/1971/581 1009/1972/581 1007/1969/581
f 1002/1973/547 1010/1974/547 1006/1975/547
f 1010/1976/580 1011/1977/580 1009/1978/580
f 1011/1979/579 1002/1980/579 1001/1962/579
f 1003/1981/194 1007/1982/194 1011/1983/194
f 1014/1984/584 1015/1985/584 1013/1986/584
f 1016/1987/583 1017/1988/583 1015/1989/583
f 1018/1990/582 1019/1991/582 1017/1992/582
f 1020/1993/581 1021/1994/581 1019/1991/581
f 1014/1995/547 1022/1996/547 1018/1997/547
f 1022/1998/580 1023/1999/580 1021/2000/580
f 1023/2001/579 1014/1984/579 1013/1986/579
f 1015/2002/194 1019/2003/194 1023/2004/194
f 1026/2005/585 1027/2006/585 1025/2007/585
f 1028/2008/586 1029/2009/586 1027/2006/586
f 1030/2010/587 1031/2011/587 1029/2009/587
f 1032/2012/588 1033/2013/588 1031/2011/588
f 1034/2014/589 1035/2015/589 1033/2013/589
f 1036/2016/590 1037/2017/590 1035/2015/590
f 1038/2018/591 1039/2019/591 1037/2017/591
f 1040/2020/592 1041/2021/592 1039/2019/592
f 1042/2022/593 1043/2023/593 1041/2024/593
f 1044/2025/594 1045/2026/594 1043/2023/594
f 1046/2027/595 1047/2028/595 1045/2026/595
f 1048/2029/596 1049/2030/596 1047/2028/596
f 1050/2031/597 1051/2032/597 1049/2030/597
f 1052/2033/598 1053/2034/598 1051/2032/598
f 1054/2035/599 1055/2036/599 1053/2034/599
f 1056/2037/600 1057/2038/600 1055/2036/600
f 1058/2039/601 1059/2040/601 1057/2038/601
f 1060/2041/602 1061/2042/602 1059/2040/602
f 1062/2043/603 1063/2044/603 1061/2042/603
f 1064/2045/604 1065/2046/604 1063/2044/604
f 1066/2047/605 1067/2048/605 1065/2046/605
f 1068/2049/606 1069/2050/606 1067/2048/606
f 1070/2051/607 1071/2052/607 1069/2050/607
f 1072/2053/608 1073/2054/608 1071/2052/608
f 1074/2055/609 1075/2056/609 1073/2057/609
f 1076/2058/610 1077/2059/610 1075/2056/610
f 1078/2060/611 1079/2061/611 1077/2059/611
f 1080/2062/612 1081/2063/612 1079/2061/612
f 1082/2064/613 1083/2065/613 1081/2063/613
f 1084/2066/614 1085/2067/614 1083/2065/614
f 1086/2068/615 1087/2069/615 1085/2067/615
f 1088/2070/616 1089/2071/616 1087/2069/616
f 1090/2072/617 1091/2073/617 1089/2071/617
f 1092/2074/618 1093/2075/618 1091/2073/618
f 1094/2076/619 1095/2077/619 1093/2075/619
f 1096/2078/620 1097/2079/620 1095/2077/620
f 1098/2080/621 1099/2081/621 1097/2079/621
f 1100/2082/622 1101/2083/622 1099/2081/622
f 1102/2084/623 1103/2085/623 1101/2083/623
f 1104/2086/624 1105/2087/624 1103/2085/624
f 1106/2088/625 1107/2089/625 1105/2090/625
f 1108/2091/626 1109/2092/626 1107/2089/626
f 1110/2093/627 1111/2094/627 1109/2092/627
f 1112/2095/628 1113/2096/628 1111/2094/628
f 1114/2097/629 1115/2098/629 1113/2096/629
f 1116/2099/630 1117/2100/630 1115/2098/630
f 1118/2101/631 1119/2102/631 1117/2100/631
f 1120/2103/632 1121/2104/632 1119/2102/632
f 1122/2105/633 1123/2106/633 1121/2104/633
f 1124/2107/634 1125/2108/634 1123/2106/634
f 1126/2109/635 1127/2110/635 1125/2108/635
f 1128/2111/636 1129/2112/636 1127/2110/636
f 1130/2113/637 1131/2114/637 1129/2112/637
f 1132/2115/638 1133/2116/638 1131/2114/638
f 1134/2117/639 1135/2118/639 1133/2116/639
f 1136/2119/640 1137/2120/640 1135/2118/640
f 1138/2121/641 1139/2122/641 1137/2123/641
f 1140/2124/642 1141/2125/642 1139/2122/642
f 1142/2126/643 1143/2127/643 1141/2125/643
f 1144/2128/644 1145/2129/644 1143/2127/644
f 1146/2130/645 1147/2131/645 1145/2129/645
f 1148/2132/646 1149/2133/646 1147/2131/646
f 1110/2134/194 1102/2135/194 1168/2136/194
f 1046/2137/194 1038/2138/194 1191/2139/194
f 1150/2140/647 1151/2141/647 1149/2133/647
f 1152/2142/648 1025/2007/648 1151/2141/648
f 1055/2143/547 1265/2144/547 1277/2145/547
f 1119/2146/547 1272/2147/547 1279/2148/547
f 1196/2149/617 1257/2150/617 1217/2151/617
f 1216/2152/618 1217/2151/618 1218/2153/618
f 1208/2154/619 1218/2153/619 1221/2155/619
f 1188/2156/620 1221/2155/620 1219/2157/620
f 1189/2158/621 1219/2157/621 1220/2159/621
f 1192/2160/622 1220/2159/622 1258/2161/622
f 1190/2162/623 1258/2161/623 1261/2163/623
f 1191/2164/649 1261/2163/649 1259/2165/649
f 1191/2166/650 1222/2167/650 1209/2168/650
f 1209/2168/626 1223/2169/626 1212/2170/626
f 1212/2170/627 1226/2171/627 1210/2172/627
f 1210/2172/628 1224/2173/628 1183/2174/628
f 1183/2174/629 1225/2175/629 1184/2176/629
f 1184/2176/630 1260/2177/630 1187/2178/630
f 1187/2178/631 1277/2179/631 1186/2180/631
f 1186/2180/632 1265/2181/632 1185/2182/632
f 1185/2182/633 1230/2183/633 1211/2184/633
f 1211/2184/634 1229/2185/634 1215/2186/634
f 1215/2186/635 1231/2187/635 1206/2188/635
f 1206/2188/636 1228/2189/636 1181/2190/636
f 1181/2190/637 1227/2191/637 1180/2192/637
f 1180/2192/638 1264/2193/638 1182/2194/638
f 1182/2194/639 1266/2195/639 1179/2196/639
f 1179/2196/651 1263/2197/651 1178/2198/651
f 1178/2199/652 1235/2200/652 1205/2201/652
f 1205/2201/642 1234/2202/642 1207/2203/642
f 1207/2203/643 1236/2204/643 1204/2205/643
f 1204/2205/644 1233/2206/644 1176/2207/644
f 1176/2207/645 1232/2208/645 1175/2209/645
f 1175/2209/646 1262/2210/646 1177/2211/646
f 1177/2211/647 1278/2212/647 1174/2213/647
f 1174/2213/648 1270/2214/648 1173/2215/648
f 1173/2215/585 1240/2216/585 1203/2217/585
f 1203/2217/586 1239/2218/586 1214/2219/586
f 1214/2219/587 1241/2220/587 1201/2221/587
f 1201/2221/588 1238/2222/588 1171/2223/588
f 1171/2223/589 1237/2224/589 1170/2225/589
f 1170/2225/590 1269/2226/590 1172/2227/590
f 1172/2227/591 1271/2228/591 1169/2229/591
f 1169/2229/653 1268/2230/653 1168/2231/653
f 1200/2232/593 1268/2233/593 1245/2234/593
f 1202/2235/594 1245/2234/594 1244/2236/594
f 1199/2237/595 1244/2236/595 1246/2238/595
f 1166/2239/596 1246/2238/596 1243/2240/596
f 1165/2241/597 1243/2240/597 1242/2242/597
f 1167/2243/598 1242/2242/598 1267/2244/598
f 1164/2245/599 1267/2244/599 1279/2246/599
f 1163/2247/600 1279/2246/600 1272/2248/600
f 1198/2249/601 1272/2248/601 1247/2250/601
f 1213/2251/602 1247/2250/602 1248/2252/602
f 1193/2253/603 1248/2252/603 1251/2254/603
f 1158/2255/604 1251/2254/604 1249/2256/604
f 1159/2257/605 1249/2256/605 1250/2258/605
f 1162/2259/606 1250/2258/606 1273/2260/606
f 1160/2261/607 1273/2260/607 1276/2262/607
f 1161/2263/608 1276/2262/608 1274/2264/608
f 1194/2265/654 1274/2266/654 1252/2267/654
f 1197/2268/610 1252/2267/610 1253/2269/610
f 1195/2270/611 1253/2269/611 1256/2271/611
f 1153/2272/612 1256/2271/612 1254/2273/612
f 1154/2274/613 1254/2273/613 1255/2275/613
f 1157/2276/614 1255/2275/614 1275/2277/614
f 1155/2278/615 1275/2277/615 1280/2279/615
f 1156/2280/616 1280/2279/616 1257/2150/616
f 1284/2281/655 1289/2282/655 1292/2283/655
f 1284/2281/656 1287/2284/656 1283/2285/656
f 1288/2286/580 1285/2287/580 1287/2288/580
f 1286/2289/657 1281/2290/657 1285/2291/657
f 1287/2292/547 1281/2293/547 1283/2294/547
f 1284/2295/658 1299/2296/658 1288/2297/658
f 1292/2298/659 1295/2299/659 1291/2300/659
f 1282/2301/660 1290/2302/660 1281/2290/660
f 1284/2295/661 1291/2303/661 1282/2304/661
f 1281/2293/662 1289/2305/662 1283/2294/662
f 1294/2306/194 1301/2307/194 1293/2308/194
f 1290/2309/663 1293/2308/663 1289/2310/663
f 1289/2311/664 1296/2312/664 1292/2313/664
f 1291/2314/665 1294/2315/665 1290/2316/665
f 1298/2317/194 1300/2318/194 1299/2296/194
f 1286/2319/666 1299/2296/666 1300/2318/666
f 1284/2295/667 1297/2320/667 1298/2317/667
f 1286/2319/668 1297/2320/668 1282/2304/668
f 1303/2321/583 1301/2322/583 1302/2323/583
f 1293/2324/657 1304/2325/657 1296/2326/657
f 1295/2327/656 1302/2328/656 1294/2329/656
f 1296/2330/547 1303/2331/547 1295/2299/547
f 1306/2332/669 1307/2333/669 1305/2334/669
f 1308/2335/670 1309/2336/670 1307/2333/670
f 1310/2337/671 1311/2338/671 1309/2336/671
f 1312/2339/672 1313/2340/672 1311/2338/672
f 1314/2341/673 1315/2342/673 1313/2340/673
f 1316/2343/674 1317/2344/674 1315/2342/674
f 1317/2344/675 1320/2345/675 1319/2346/675
f 1320/2345/676 1321/2347/676 1319/2346/676
f 1322/2348/677 1323/2349/677 1321/2347/677
f 1324/2350/678 1325/2351/678 1323/2349/678
f 1326/2352/679 1327/2353/679 1325/2351/679
f 1327/2353/680 1330/2354/680 1329/2355/680
f 1330/2354/681 1331/2356/681 1329/2355/681
f 1331/2356/682 1334/2357/682 1333/2358/682
f 1333/2358/683 1336/2359/683 1335/2360/683
f 1336/2359/684 1337/2361/684 1335/2360/684
f 1338/2362/685 1339/2363/685 1337/2361/685
f 1340/2364/686 1341/2365/686 1339/2363/686
f 1342/2366/687 1343/2367/687 1341/2365/687
f 1343/2367/688 1346/2368/688 1345/2369/688
f 1346/2368/689 1347/2370/689 1345/2369/689
f 1348/2371/690 1349/2372/690 1347/2370/690
f 1349/2372/691 1352/2373/691 1351/2374/691
f 1352/2373/692 1353/2375/692 1351/2374/692
f 1353/2375/693 1356/2376/693 1355/2377/693
f 1356/2376/694 1357/2378/694 1355/2377/694
f 1358/2379/695 1359/2380/695 1357/2378/695
f 1359/2380/696 1362/2381/696 1361/2382/696
f 1362/2381/697 1363/2383/697 1361/2382/697
f 1364/2384/698 1365/2385/698 1363/2383/698
f 1308/2386/97 1371/2387/97 1310/2388/97
f 1365/2385/699 1368/2389/699 1367/2390/699
f 1368/2389/700 1305/2334/700 1367/2390/700
f 1335/2360/547 1351/2374/547 1367/2390/547
f 1372/2391/701 1403/2392/701 1404/2393/701
f 1326/2394/87 1380/2395/87 1328/2396/87
f 1344/2397/78 1389/2398/78 1346/2399/78
f 1362/2400/98 1398/2401/98 1364/2402/98
f 1318/2403/79 1376/2404/79 1320/2405/79
f 1336/2406/35 1385/2407/35 1338/2408/35
f 1354/2409/88 1394/2410/88 1356/2411/88
f 1310/2388/68 1372/2412/68 1312/2413/68
f 1328/2396/89 1381/2414/89 1330/2415/89
f 1346/2416/80 1390/2417/80 1348/2418/80
f 1364/2402/69 1399/2419/69 1366/2420/69
f 1320/2405/81 1377/2421/81 1322/2422/81
f 1338/2408/70 1386/2423/70 1340/2424/70
f 1356/2411/90 1395/2425/90 1358/2426/90
f 1312/2413/71 1373/2427/71 1314/2428/71
f 1330/2429/91 1382/2430/91 1332/2431/91
f 1348/2418/82 1391/2432/82 1350/2433/82
f 1366/2420/72 1400/2434/72 1368/2435/72
f 1322/2422/83 1378/2436/83 1324/2437/83
f 1340/2424/73 1387/2438/73 1342/2439/73
f 1358/2426/92 1396/2440/92 1360/2441/92
f 1314/2442/74 1374/2443/74 1316/2444/74
f 1332/2431/93 1383/2445/93 1334/2446/93
f 1350/2433/84 1392/2447/84 1352/2448/84
f 1306/2449/94 1369/2450/94 1308/2386/94
f 1368/2435/75 1370/2451/75 1306/2449/75
f 1324/2437/85 1379/2452/85 1326/2394/85
f 1342/2439/76 1388/2453/76 1344/2397/76
f 1360/2441/95 1397/2454/95 1362/2455/95
f 1316/2444/77 1375/2456/77 1318/2403/77
f 1334/2446/96 1384/2457/96 1336/2406/96
f 1352/2448/86 1393/2458/86 1354/2409/86
f 1406/2459/702 1439/2460/702 1407/2461/702
f 1399/2462/703 1430/2463/703 1431/2464/703
f 1385/2465/704 1418/2466/704 1386/2467/704
f 1372/2391/705 1405/2468/705 1373/2469/705
f 1400/2470/706 1431/2464/706 1432/2471/706
f 1386/2467/707 1419/2472/707 1387/2473/707
f 1373/2469/708 1406/2459/708 1374/2474/708
f 1400/2470/709 1402/2475/709 1370/2476/709
f 1387/2473/710 1420/2477/710 1388/2478/710
f 1375/2479/711 1406/2459/711 1407/2461/711
f 1388/2478/712 1421/2480/712 1389/2481/712
f 1376/2482/713 1407/2461/713 1408/2483/713
f 1389/2481/714 1422/2484/714 1390/2485/714
f 1376/2482/715 1409/2486/715 1377/2487/715
f 1391/2488/716 1422/2484/716 1423/2489/716
f 1378/2490/717 1409/2486/717 1410/2491/717
f 1392/2492/718 1423/2489/718 1424/2493/718
f 1378/2490/719 1411/2494/719 1379/2495/719
f 1392/2492/720 1425/2496/720 1393/2497/720
f 1379/2495/721 1412/2498/721 1380/2499/721
f 1394/2500/722 1425/2496/722 1426/2501/722
f 1380/2499/723 1413/2502/723 1381/2503/723
f 1394/2500/724 1427/2504/724 1395/2505/724
f 1381/2503/725 1414/2506/725 1382/2507/725
f 1395/2505/726 1428/2508/726 1396/2509/726
f 1383/2510/727 1414/2506/727 1415/2511/727
f 1370/2476/728 1401/2512/728 1369/2513/728
f 1396/2509/729 1429/2514/729 1397/2515/729
f 1384/2516/730 1415/2511/730 1416/2517/730
f 1369/2513/731 1403/2392/731 1371/2518/731
f 1397/2515/732 1430/2463/732 1398/2519/732
f 1384/2516/733 1417/2520/733 1385/2465/733
f 1441/2521/734 1474/2522/734 1442/2523/734
f 1420/2477/735 1453/2524/735 1421/2480/735
f 1407/2461/736 1440/2525/736 1408/2483/736
f 1421/2480/737 1454/2526/737 1422/2484/737
f 1408/2483/738 1441/2521/738 1409/2486/738
f 1422/2484/739 1455/2527/739 1423/2489/739
f 1409/2486/740 1442/2523/740 1410/2491/740
f 1423/2489/741 1456/2528/741 1424/2493/741
f 1410/2491/742 1443/2529/742 1411/2494/742
f 1424/2493/743 1457/2530/743 1425/2496/743
f 1411/2494/744 1444/2531/744 1412/2498/744
f 1425/2496/745 1458/2532/745 1426/2501/745
f 1412/2498/746 1445/2533/746 1413/2502/746
f 1426/2501/747 1459/2534/747 1427/2504/747
f 1413/2502/748 1446/2535/748 1414/2506/748
f 1427/2504/749 1460/2536/749 1428/2508/749
f 1414/2506/750 1447/2537/750 1415/2511/750
f 1401/2512/751 1434/2538/751 1433/2539/751
f 1428/2508/752 1461/2540/752 1429/2514/752
f 1415/2511/753 1448/2541/753 1416/2517/753
f 1401/2512/754 1435/2542/754 1403/2392/754
f 1429/2514/755 1462/2543/755 1430/2463/755
f 1416/2517/756 1449/2544/756 1417/2520/756
f 1403/2392/757 1436/2545/757 1404/2393/757
f 1430/2463/758 1463/2546/758 1431/2464/758
f 1418/2466/759 1449/2544/759 1450/2547/759
f 1404/2393/760 1437/2548/760 1405/2468/760
f 1431/2464/761 1464/2549/761 1432/2471/761
f 1418/2466/762 1451/2550/762 1419/2472/762
f 1405/2468/763 1438/2551/763 1406/2459/763
f 1432/2471/764 1434/2538/764 1402/2475/764
f 1419/2472/765 1452/2552/765 1420/2477/765
f 1476/2553/766 1509/2554/766 1477/2555/766
f 1456/2528/767 1487/2556/767 1488/2557/767
f 1442/2523/768 1475/2558/768 1443/2529/768
f 1457/2530/769 1488/2557/769 1489/2559/769
f 1443/2529/770 1476/2553/770 1444/2531/770
f 1457/2530/771 1490/2560/771 1458/2532/771
f 1444/2531/772 1477/2555/772 1445/2533/772
f 1458/2532/773 1491/2561/773 1459/2534/773
f 1446/2535/774 1477/2555/774 1478/2562/774
f 1460/2536/775 1491/2561/775 1492/2563/775
f 1447/2537/776 1478/2562/776 1479/2564/776
f 1434/2538/777 1465/2565/777 1433/2539/777
f 1460/2536/778 1493/2566/778 1461/2540/778
f 1447/2537/779 1480/2567/779 1448/2541/779
f 1433/2539/780 1467/2568/780 1435/2542/780
f 1462/2543/781 1493/2566/781 1494/2569/781
f 1448/2541/782 1481/2570/782 1449/2544/782
f 1435/2542/783 1468/2571/783 1436/2545/783
f 1462/2543/784 1495/2572/784 1463/2546/784
f 1449/2544/785 1482/2573/785 1450/2547/785
f 1436/2545/786 1469/2574/786 1437/2548/786
f 1463/2546/787 1496/2575/787 1464/2549/787
f 1450/2547/788 1483/2576/788 1451/2550/788
f 1437/2548/789 1470/2577/789 1438/2551/789
f 1434/2538/790 1496/2575/790 1466/2578/790
f 1452/2552/791 1483/2576/791 1484/2579/791
f 1438/2551/792 1471/2580/792 1439/2460/792
f 1453/2524/793 1484/2579/793 1485/2581/793
f 1439/2460/794 1472/2582/794 1440/2525/794
f 1454/2526/795 1485/2581/795 1486/2583/795
f 1440/2525/796 1473/2584/796 1441/2521/796
f 1454/2526/797 1487/2556/797 1455/2527/797
f 1511/2585/798 1544/2586/798 1512/2587/798
f 1490/2560/799 1523/2588/799 1491/2561/799
f 1478/2562/800 1509/2554/800 1510/2589/800
f 1491/2561/801 1524/2590/801 1492/2563/801
f 1479/2564/802 1510/2589/802 1511/2585/802
f 1466/2578/803 1497/2591/803 1465/2565/803
f 1492/2563/804 1525/2592/804 1493/2566/804
f 1479/2564/805 1512/2587/805 1480/2567/805
f 1465/2565/806 1499/2593/806 1467/2568/806
f 1494/2569/807 1525/2592/807 1526/2594/807
f 1481/2570/808 1512/2587/808 1513/2595/808
f 1467/2568/809 1500/2596/809 1468/2571/809
f 1494/2569/810 1527/2597/810 1495/2572/810
f 1481/2570/811 1514/2598/811 1482/2573/811
f 1468/2571/812 1501/2599/812 1469/2574/812
f 1495/2572/813 1528/2600/813 1496/2575/813
f 1483/2576/814 1514/2598/814 1515/2601/814
f 1470/2577/815 1501/2599/815 1502/2602/815
f 1496/2575/816 1498/2603/816 1466/2578/816
f 1484/2579/817 1515/2601/817 1516/2604/817
f 1470/2577/818 1503/2605/818 1471/2580/818
f 1484/2579/819 1517/2606/819 1485/2581/819
f 1471/2580/820 1504/2607/820 1472/2582/820
f 1485/2581/821 1518/2608/821 1486/2583/821
f 1473/2584/822 1504/2607/822 1505/2609/822
f 1487/2556/823 1518/2608/823 1519/2610/823
f 1473/2584/824 1506/2611/824 1474/2522/824
f 1488/2557/825 1519/2610/825 1520/2612/825
f 1475/2558/826 1506/2611/826 1507/2613/826
f 1488/2557/827 1521/2614/827 1489/2559/827
f 1475/2558/828 1508/2615/828 1476/2553/828
f 1490/2560/829 1521/2614/829 1522/2616/829
f 1546/2617/830 1579/2618/830 1547/2619/830
f 1499/2593/831 1529/2620/831 1531/2621/831
f 1526/2594/832 1557/2622/832 1558/2623/832
f 1513/2595/833 1544/2586/833 1545/2624/833
f 1499/2593/834 1532/2625/834 1500/2596/834
f 1527/2597/835 1558/2623/835 1559/2626/835
f 1513/2595/836 1546/2617/836 1514/2598/836
f 1500/2596/837 1533/2627/837 1501/2599/837
f 1528/2600/838 1559/2626/838 1560/2628/838
f 1514/2598/839 1547/2619/839 1515/2601/839
f 1502/2602/840 1533/2627/840 1534/2629/840
f 1498/2603/841 1560/2628/841 1530/2630/841
f 1515/2601/842 1548/2631/842 1516/2604/842
f 1502/2602/843 1535/2632/843 1503/2605/843
f 1516/2604/844 1549/2633/844 1517/2606/844
f 1503/2605/845 1536/2634/845 1504/2607/845
f 1517/2606/846 1550/2635/846 1518/2608/846
f 1504/2607/847 1537/2636/847 1505/2609/847
f 1518/2608/848 1551/2637/848 1519/2610/848
f 1505/2609/849 1538/2638/849 1506/2611/849
f 1520/2612/850 1551/2637/850 1552/2639/850
f 1507/2613/851 1538/2638/851 1539/2640/851
f 1521/2614/852 1552/2639/852 1553/2641/852
f 1507/2613/853 1540/2642/853 1508/2615/853
f 1521/2614/854 1554/2643/854 1522/2616/854
f 1508/2615/855 1541/2644/855 1509/2554/855
f 1522/2616/856 1555/2645/856 1523/2588/856
f 1510/2589/857 1541/2644/857 1542/2646/857
f 1523/2588/858 1556/2647/858 1524/2590/858
f 1511/2585/859 1542/2646/859 1543/2648/859
f 1498/2603/860 1529/2620/860 1497/2591/860
f 1524/2590/861 1557/2622/861 1525/2592/861
f 1581/2649/80 1614/2650/80 1582/2651/80
f 1534/2629/862 1565/2652/862 1566/2653/862
f 1560/2628/863 1562/2654/863 1530/2630/863
f 1547/2619/864 1580/2655/864 1548/2631/864
f 1534/2629/865 1567/2656/865 1535/2632/865
f 1548/2631/866 1581/2657/866 1549/2633/866
f 1535/2632/867 1568/2658/867 1536/2634/867
f 1549/2633/868 1582/2659/868 1550/2635/868
f 1536/2634/869 1569/2660/869 1537/2636/869
f 1550/2635/870 1583/2661/870 1551/2637/870
f 1537/2636/871 1570/2662/871 1538/2638/871
f 1552/2639/872 1583/2661/872 1584/2663/872
f 1539/2640/873 1570/2662/873 1571/2664/873
f 1552/2639/874 1585/2665/874 1553/2641/874
f 1540/2642/875 1571/2664/875 1572/2666/875
f 1553/2641/876 1586/2667/876 1554/2643/876
f 1540/2642/877 1573/2668/877 1541/2644/877
f 1554/2643/878 1587/2669/878 1555/2645/878
f 1542/2646/879 1573/2668/879 1574/2670/879
f 1556/2647/880 1587/2669/880 1588/2671/880
f 1542/2646/881 1575/2672/881 1543/2648/881
f 1530/2630/882 1561/2673/882 1529/2620/882
f 1556/2647/883 1589/2674/883 1557/2622/883
f 1543/2648/884 1576/2675/884 1544/2586/884
f 1531/2621/885 1561/2673/885 1563/2676/885
f 1558/2623/886 1589/2674/886 1590/2677/886
f 1544/2586/887 1577/2678/887 1545/2624/887
f 1532/2625/888 1563/2676/888 1564/2679/888
f 1558/2623/889 1591/2680/889 1559/2626/889
f 1545/2624/890 1578/2681/890 1546/2617/890
f 1532/2625/891 1565/2652/891 1533/2627/891
f 1559/2626/892 1592/2682/892 1560/2628/892
f 1616/2683/893 1649/2684/893 1617/2685/893
f 1568/2686/81 1601/2687/81 1569/2688/81
f 1582/2651/82 1615/2689/82 1583/2690/82
f 1569/2688/83 1602/2691/83 1570/2692/83
f 1583/2690/84 1616/2693/84 1584/2694/84
f 1570/2692/85 1603/2695/85 1571/2696/85
f 1584/2694/86 1617/2697/86 1585/2698/86
f 1572/2699/87 1603/2695/87 1604/2700/87
f 1585/2698/88 1618/2701/88 1586/2702/88
f 1572/2699/89 1605/2703/89 1573/2704/89
f 1586/2702/90 1619/2705/90 1587/2706/90
f 1573/2707/91 1606/2708/91 1574/2709/91
f 1587/2706/92 1620/2710/92 1588/2711/92
f 1574/2709/93 1607/2712/93 1575/2713/93
f 1562/2714/94 1593/2715/94 1561/2716/94
f 1588/2711/95 1621/2717/95 1589/2718/95
f 1575/2713/96 1608/2719/96 1576/2720/96
f 1561/2716/97 1595/2721/97 1563/2722/97
f 1589/2723/98 1622/2724/98 1590/2725/98
f 1576/2720/35 1609/2726/35 1577/2727/35
f 1563/2722/68 1596/2728/68 1564/2729/68
f 1590/2725/69 1623/2730/69 1591/2731/69
f 1577/2727/70 1610/2732/70 1578/2733/70
f 1564/2729/71 1597/2734/71 1565/2735/71
f 1591/2731/72 1624/2736/72 1592/2737/72
f 1578/2733/73 1611/2738/73 1579/2739/73
f 1565/2740/74 1598/2741/74 1566/2742/74
f 1592/2737/75 1594/2743/75 1562/2714/75
f 1579/2739/76 1612/2744/76 1580/2745/76
f 1566/2742/77 1599/2746/77 1567/2747/77
f 1580/2745/78 1613/2748/78 1581/2749/78
f 1567/2747/79 1600/2750/79 1568/2686/79
f 1651/2751/894 1684/2752/894 1652/2753/894
f 1603/2754/895 1636/2755/895 1604/2756/895
f 1617/2685/896 1650/2757/896 1618/2758/896
f 1605/2759/897 1636/2755/897 1637/2760/897
f 1619/2761/898 1650/2757/898 1651/2762/898
f 1605/2759/899 1638/2763/899 1606/2764/899
f 1619/2761/900 1652/2765/900 1620/2766/900
f 1606/2764/901 1639/2767/901 1607/2768/901
f 1593/2769/902 1626/2770/902 1625/2771/902
f 1621/2772/903 1652/2765/903 1653/2773/903
f 1608/2774/904 1639/2767/904 1640/2775/904
f 1593/2769/905 1627/2776/905 1595/2777/905
f 1621/2772/906 1654/2778/906 1622/2779/906
f 1608/2774/907 1641/2780/907 1609/2781/907
f 1596/2782/908 1627/2776/908 1628/2783/908
f 1622/2779/909 1655/2784/909 1623/2785/909
f 1609/2781/910 1642/2786/910 1610/2787/910
f 1597/2788/911 1628/2783/911 1629/2789/911
f 1624/2790/912 1655/2784/912 1656/2791/912
f 1610/2787/913 1643/2792/913 1611/2793/913
f 1597/2788/914 1630/2794/914 1598/2795/914
f 1594/2796/915 1656/2791/915 1626/2770/915
f 1611/2793/916 1644/2797/916 1612/2798/916
f 1599/2799/917 1630/2794/917 1631/2800/917
f 1613/2801/918 1644/2797/918 1645/2802/918
f 1600/2803/919 1631/2800/919 1632/2804/919
f 1613/2801/920 1646/2805/920 1614/2806/920
f 1600/2803/921 1633/2807/921 1601/2808/921
f 1615/2809/922 1646/2805/922 1647/2810/922
f 1601/2808/923 1634/2811/923 1602/2812/923
f 1615/2809/924 1648/2813/924 1616/2683/924
f 1602/2812/925 1635/2814/925 1603/2754/925
f 1686/2815/926 1719/2816/926 1687/2817/926
f 1638/2818/927 1671/2819/927 1639/2820/927
f 1626/2821/928 1657/2822/928 1625/2823/928
f 1652/2753/929 1685/2824/929 1653/2825/929
f 1640/2826/930 1671/2819/930 1672/2827/930
f 1625/2823/931 1659/2828/931 1627/2829/931
f 1653/2830/932 1686/2815/932 1654/2831/932
f 1640/2826/933 1673/2832/933 1641/2833/933
f 1627/2829/934 1660/2834/934 1628/2835/934
f 1655/2836/935 1686/2815/935 1687/2817/935
f 1641/2833/936 1674/2837/936 1642/2838/936
f 1629/2839/937 1660/2834/937 1661/2840/937
f 1655/2836/938 1688/2841/938 1656/2842/938
f 1642/2838/939 1675/2843/939 1643/2844/939
f 1629/2845/940 1662/2846/940 1630/2847/940
f 1656/2842/941 1658/2848/941 1626/2821/941
f 1643/2844/942 1676/2849/942 1644/2850/942
f 1630/2847/943 1663/2851/943 1631/2852/943
f 1645/2853/944 1676/2849/944 1677/2854/944
f 1632/2855/945 1663/2851/945 1664/2856/945
f 1645/2857/946 1678/2858/946 1646/2859/946
f 1632/2855/947 1665/2860/947 1633/2861/947
f 1646/2859/948 1679/2862/948 1647/2863/948
f 1634/2864/949 1665/2860/949 1666/2865/949
f 1647/2863/950 1680/2866/950 1648/2867/950
f 1634/2864/951 1667/2868/951 1635/2869/951
f 1648/2867/952 1681/2870/952 1649/2871/952
f 1635/2869/953 1668/2872/953 1636/2873/953
f 1649/2871/954 1682/2874/954 1650/2875/954
f 1637/2876/955 1668/2872/955 1669/2877/955
f 1651/2751/956 1682/2874/956 1683/2878/956
f 1637/2879/957 1670/2880/957 1638/2818/957
f 1708/2881/958 1741/2882/958 1709/2883/958
f 1674/2837/959 1705/2884/959 1706/2885/959
f 1660/2834/960 1693/2886/960 1661/2840/960
f 1687/2817/961 1720/2887/961 1688/2841/961
f 1675/2843/962 1706/2885/962 1707/2888/962
f 1662/2846/963 1693/2889/963 1694/2890/963
f 1688/2841/964 1690/2891/964 1658/2848/964
f 1676/2849/965 1707/2888/965 1708/2892/965
f 1662/2846/966 1695/2893/966 1663/2851/966
f 1677/2854/967 1708/2892/967 1709/2894/967
f 1663/2851/968 1696/2895/968 1664/2856/968
f 1678/2858/969 1709/2896/969 1710/2897/969
f 1664/2856/970 1697/2898/970 1665/2860/970
f 1679/2862/971 1710/2897/971 1711/2899/971
f 1665/2860/972 1698/2900/972 1666/2865/972
f 1680/2866/973 1711/2899/973 1712/2901/973
f 1667/2868/974 1698/2900/974 1699/2902/974
f 1681/2870/975 1712/2901/975 1713/2903/975
f 1668/2872/976 1699/2902/976 1700/2904/976
f 1681/2870/977 1714/2905/977 1682/2874/977
f 1668/2872/978 1701/2906/978 1669/2877/978
f 1682/2874/979 1715/2907/979 1683/2878/979
f 1670/2880/980 1701/2908/980 1702/2909/980
f 1683/2878/981 1716/2910/981 1684/2752/981
f 1671/2819/982 1702/2909/982 1703/2911/982
f 1658/2848/983 1689/2912/983 1657/2822/983
f 1684/2752/984 1717/2913/984 1685/2824/984
f 1672/2827/985 1703/2911/985 1704/2914/985
f 1657/2822/986 1691/2915/986 1659/2828/986
f 1685/2916/987 1718/2917/987 1686/2815/987
f 1673/2832/988 1704/2914/988 1705/2884/988
f 1659/2828/989 1692/2918/989 1660/2834/989
f 1743/2919/84 1776/2920/84 1744/2921/84
f 1695/2922/990 1728/2923/990 1696/2924/990
f 1710/2925/991 1741/2882/991 1742/2926/991
f 1696/2924/992 1729/2927/992 1697/2928/992
f 1710/2925/993 1743/2929/993 1711/2930/993
f 1698/2931/994 1729/2927/994 1730/2932/994
f 1712/2933/995 1743/2929/995 1744/2934/995
f 1699/2935/996 1730/2932/996 1731/2936/996
f 1713/2937/997 1744/2934/997 1745/2938/997
f 1699/2935/998 1732/2939/998 1700/2940/998
f 1713/2937/999 1746/2941/999 1714/2942/999
f 1700/2940/1000 1733/2943/1000 1701/2944/1000
f 1714/2942/1001 1747/2945/1001 1715/2946/1001
f 1702/2947/1002 1733/2943/1002 1734/2948/1002
f 1716/2949/1003 1747/2945/1003 1748/2950/1003
f 1702/2947/1004 1735/2951/1004 1703/2952/1004
f 1689/2953/1005 1722/2954/1005 1721/2955/1005
f 1716/2949/1006 1749/2956/1006 1717/2957/1006
f 1703/2952/1007 1736/2958/1007 1704/2959/1007
f 1691/2960/1008 1721/2955/1008 1723/2961/1008
f 1718/2962/1009 1749/2956/1009 1750/2963/1009
f 1704/2959/1010 1737/2964/1010 1705/2965/1010
f 1691/2960/1011 1724/2966/1011 1692/2967/1011
f 1719/2968/1012 1750/2963/1012 1751/2969/1012
f 1705/2965/1013 1738/2970/1013 1706/2971/1013
f 1692/2967/1014 1725/2972/1014 1693/2973/1014
f 1719/2968/1015 1752/2974/1015 1720/2975/1015
f 1706/2971/1016 1739/2976/1016 1707/2977/1016
f 1694/2978/1017 1725/2972/1017 1726/2979/1017
f 1720/2975/1018 1722/2954/1018 1690/2980/1018
f 1707/2977/1019 1740/2981/1019 1708/2881/1019
f 1694/2978/1020 1727/2982/1020 1695/2922/1020
f 1778/2983/1021 1811/2984/1021 1779/2985/1021
f 1730/2986/85 1763/2987/85 1731/2988/85
f 1744/2921/86 1777/2989/86 1745/2990/86
f 1731/2988/87 1764/2991/87 1732/2992/87
f 1745/2990/88 1778/2983/88 1746/2993/88
f 1732/2992/89 1765/2994/89 1733/2995/89
f 1746/2993/90 1779/2985/90 1747/2996/90
f 1734/2997/91 1765/2998/91 1766/2999/91
f 1747/2996/92 1780/3000/92 1748/3001/92
f 1735/3002/93 1766/2999/93 1767/3003/93
f 1722/3004/94 1753/3005/94 1721/3006/94
f 1748/3001/95 1781/3007/95 1749/3008/95
f 1736/3009/96 1767/3003/96 1768/3010/96
f 1721/3006/97 1755/3011/97 1723/3012/97
f 1749/3013/98 1782/3014/98 1750/3015/98
f 1736/3009/35 1769/3016/35 1737/3017/35
f 1723/3012/68 1756/3018/68 1724/3019/68
f 1750/3015/69 1783/3020/69 1751/3021/69
f 1737/3017/70 1770/3022/70 1738/3023/70
f 1724/3019/71 1757/3024/71 1725/3025/71
f 1751/3021/72 1784/3026/72 1752/3027/72
f 1738/3023/73 1771/3028/73 1739/3029/73
f 1725/3030/74 1758/3031/74 1726/3032/74
f 1752/3027/75 1754/3033/75 1722/3004/75
f 1739/3029/76 1772/3034/76 1740/3035/76
f 1726/3032/77 1759/3036/77 1727/3037/77
f 1740/3035/78 1773/3038/78 1741/3039/78
f 1727/3037/79 1760/3040/79 1728/3041/79
f 1741/3042/80 1774/3043/80 1742/3044/80
f 1728/3041/81 1761/3045/81 1729/3046/81
f 1742/3044/82 1775/3047/82 1743/2919/82
f 1729/3046/83 1762/3048/83 1730/2986/83
f 1785/3049/1022 1819/3050/1022 1787/3051/1022
f 1766/3052/1023 1797/3053/1023 1798/3054/1023
f 1780/3055/1024 1811/3056/1024 1812/3057/1024
f 1766/3052/1025 1799/3058/1025 1767/3059/1025
f 1753/3005/1026 1786/3060/1026 1785/3049/1026
f 1781/3061/1027 1812/3057/1027 1813/3062/1027
f 1767/3003/1028 1800/3063/1028 1768/3010/1028
f 1755/3011/1029 1785/3049/1029 1787/3051/1029
f 1782/3064/1030 1813/3062/1030 1814/3065/1030
f 1768/3010/1031 1801/3066/1031 1769/3016/1031
f 1756/3067/1032 1787/3068/1032 1788/3069/1032
f 1783/3070/1033 1814/3065/1033 1815/3071/1033
f 1769/3016/1034 1802/3072/1034 1770/3022/1034
f 1756/3067/1035 1789/3073/1035 1757/3074/1035
f 1784/3026/1036 1815/3075/1036 1816/3076/1036
f 1770/3022/1037 1803/3077/1037 1771/3028/1037
f 1758/3078/1038 1789/3073/1038 1790/3079/1038
f 1754/3033/1039 1816/3076/1039 1786/3060/1039
f 1771/3080/1040 1804/3081/1040 1772/3082/1040
f 1759/3036/1041 1790/3083/1041 1791/3084/1041
f 1772/3082/1042 1805/3085/1042 1773/3086/1042
f 1759/3036/1043 1792/3087/1043 1760/3040/1043
f 1773/3086/1044 1806/3088/1044 1774/3089/1044
f 1761/3045/1045 1792/3087/1045 1793/3090/1045
f 1774/3089/1046 1807/3091/1046 1775/3092/1046
f 1761/3045/1047 1794/3093/1047 1762/3048/1047
f 1776/2920/1048 1807/3094/1048 1808/3095/1048
f 1763/2987/1049 1794/3093/1049 1795/3096/1049
f 1776/2920/1050 1809/3097/1050 1777/2989/1050
f 1763/2987/1051 1796/3098/1051 1764/2991/1051
f 1777/2989/1052 1810/3099/1052 1778/2983/1052
f 1764/3100/1053 1797/3053/1053 1765/3101/1053
f 1835/3102/194 1827/3103/194 1819/3104/194
f 1813/3105/1054 1846/3106/1054 1814/3107/1054
f 1801/3066/1055 1832/3108/1055 1833/3109/1055
f 1787/3051/1056 1820/3110/1056 1788/3111/1056
f 1814/3107/1057 1847/3112/1057 1815/3075/1057
f 1801/3066/1058 1834/3113/1058 1802/3072/1058
f 1788/3111/1059 1821/3114/1059 1789/3115/1059
f 1815/3075/1060 1848/3116/1060 1816/3076/1060
f 1803/3077/1061 1834/3113/1061 1835/3117/1061
f 1789/3118/1062 1822/3119/1062 1790/3083/1062
f 1816/3076/1063 1818/3120/1063 1786/3060/1063
f 1803/3077/1064 1836/3121/1064 1804/3122/1064
f 1790/3083/1065 1823/3123/1065 1791/3084/1065
f 1804/3122/1066 1837/3124/1066 1805/3125/1066
f 1791/3084/1067 1824/3126/1067 1792/3087/1067
f 1805/3127/1068 1838/3128/1068 1806/3129/1068
f 1792/3087/1069 1825/3130/1069 1793/3090/1069
f 1806/3129/1070 1839/3131/1070 1807/3094/1070
f 1793/3090/1071 1826/3132/1071 1794/3093/1071
f 1807/3094/1072 1840/3133/1072 1808/3095/1072
f 1794/3093/1073 1827/3134/1073 1795/3096/1073
f 1808/3095/1074 1841/3135/1074 1809/3097/1074
f 1795/3096/1075 1828/3136/1075 1796/3098/1075
f 1809/3097/1076 1842/3137/1076 1810/3099/1076
f 1796/3098/1077 1829/3138/1077 1797/3139/1077
f 1810/3099/1078 1843/3140/1078 1811/2984/1078
f 1797/3141/1079 1830/3142/1079 1798/3143/1079
f 1811/2984/1080 1844/3144/1080 1812/3145/1080
f 1798/3143/1081 1831/3146/1081 1799/3147/1081
f 1786/3060/1082 1817/3148/1082 1785/3049/1082
f 1812/3145/1083 1845/3149/1083 1813/3150/1083
f 1800/3063/1084 1831/3146/1084 1832/3108/1084
f 1/1/1 2/3151/1 4/2/1
f 4/2/2 6/5/2 5/4/2
f 6/5/3 8/7/3 7/6/3
f 8/7/4 10/3152/4 9/8/4
f 10/9/5 12/12/5 11/10/5
f 12/12/6 14/14/6 13/13/6
f 14/14/7 16/3153/7 15/15/7
f 15/15/8 16/3153/8 18/16/8
f 18/16/9 20/19/9 19/18/9
f 20/19/10 22/21/10 21/20/10
f 22/21/11 24/3154/11 23/22/11
f 23/22/12 24/3154/12 26/23/12
f 26/25/13 28/3155/13 27/26/13
f 27/26/14 28/3155/14 30/28/14
f 30/28/15 32/3156/15 31/30/15
f 31/30/16 32/3156/16 34/31/16
f 34/31/17 36/34/17 35/33/17
f 36/34/18 38/36/18 37/35/18
f 38/36/19 40/38/19 39/37/19
f 40/38/20 42/3157/20 41/39/20
f 42/40/21 44/43/21 43/41/21
f 44/43/22 46/45/22 45/44/22
f 46/45/23 48/47/23 47/46/23
f 48/47/24 50/49/24 49/48/24
f 50/49/25 52/51/25 51/50/25
f 52/51/26 54/53/26 53/52/26
f 54/53/27 56/3158/27 55/54/27
f 55/54/28 56/3158/28 58/55/28
f 58/57/29 60/60/29 59/58/29
f 60/60/30 62/65/30 61/61/30
f 30/62/31 79/126/31 80/63/31
f 62/65/32 64/67/32 63/66/32
f 64/67/33 2/3151/33 1/1/33
f 43/68/34 45/621/34 343/69/34
f 80/71/35 112/199/35 113/72/35
f 48/74/36 88/127/36 89/75/36
f 6/77/37 4/128/37 65/78/37
f 22/80/38 75/131/38 76/81/38
f 40/83/39 84/132/39 85/84/39
f 60/86/40 58/133/40 93/87/40
f 14/89/41 71/134/41 72/90/41
f 32/64/42 80/63/42 81/92/42
f 50/76/43 89/75/43 90/94/43
f 8/96/44 6/77/44 67/79/44
f 24/82/45 76/81/45 77/98/45
f 42/85/46 85/84/46 86/100/46
f 62/102/47 60/86/47 94/88/47
f 18/104/48 16/91/48 72/90/48
f 34/93/1085 81/92/1085 82/106/1085
f 52/95/50 90/94/50 91/108/50
f 8/96/51 68/97/51 69/110/51
f 28/112/52 26/99/52 77/98/52
f 44/101/53 86/100/53 87/114/53
f 62/102/54 95/103/54 96/116/54
f 20/118/55 18/104/55 73/105/55
f 38/120/56 36/107/56 82/106/56
f 56/122/57 54/109/57 91/108/57
f 12/124/58 10/111/58 69/110/58
f 28/112/59 78/113/59 79/126/59
f 46/115/60 87/114/60 88/127/60
f 4/128/61 2/130/61 66/129/61
f 2/130/1086 64/117/1086 96/116/1086
f 22/80/63 20/118/63 74/119/63
f 38/120/64 83/121/64 84/132/64
f 56/122/65 92/123/65 93/87/65
f 14/89/66 12/124/66 70/125/66
f 116/135/67 115/264/67 147/136/67
f 67/138/68 99/200/68 100/139/68
f 94/141/69 126/202/69 127/142/69
f 81/73/70 113/72/70 114/144/70
f 68/140/71 100/139/71 101/146/71
f 95/143/72 127/142/72 128/148/72
f 82/145/73 114/144/73 115/150/73
f 69/152/74 101/3159/74 102/153/74
f 96/149/75 128/148/75 98/155/75
f 83/151/76 115/150/76 116/157/76
f 70/154/77 102/153/77 103/159/77
f 84/158/78 116/157/78 117/161/78
f 71/160/79 103/159/79 104/163/79
f 85/165/80 117/3160/80 118/166/80
f 72/164/81 104/163/81 105/168/81
f 86/167/82 118/166/82 119/170/82
f 73/169/83 105/168/83 106/172/83
f 87/171/84 119/170/84 120/174/84
f 74/173/85 106/172/85 107/176/85
f 88/175/86 120/174/86 121/178/86
f 75/177/87 107/176/87 108/180/87
f 89/179/88 121/178/88 122/182/88
f 76/181/89 108/180/89 109/184/89
f 90/183/90 122/182/90 123/186/90
f 77/188/91 109/3161/91 110/189/91
f 91/187/92 123/186/92 124/191/92
f 78/190/93 110/189/93 111/193/93
f 66/156/94 98/155/94 97/195/94
f 92/192/95 124/191/95 125/197/95
f 79/194/96 111/193/96 112/199/96
f 65/196/97 97/195/97 99/200/97
f 93/201/98 125/3162/98 126/202/98
f 150/203/82 182/333/82 183/204/82
f 102/206/99 134/265/99 135/207/99
f 117/209/100 116/135/100 148/137/100
f 104/211/101 103/208/101 135/207/101
f 117/209/102 149/210/102 150/213/102
f 104/211/103 136/212/103 137/215/103
f 119/217/104 118/214/104 150/213/104
f 105/216/105 137/215/105 138/219/105
f 119/217/106 151/218/106 152/221/106
f 106/220/107 138/219/107 139/223/107
f 121/225/108 120/222/108 152/221/108
f 108/227/109 107/224/109 139/223/109
f 122/229/110 121/225/110 153/226/110
f 109/231/111 108/227/111 140/228/111
f 122/229/112 154/230/112 155/233/112
f 109/231/113 141/232/113 142/235/113
f 123/234/114 155/233/114 156/237/114
f 110/236/115 142/235/115 143/239/115
f 97/241/116 98/266/116 130/242/116
f 125/244/117 124/238/117 156/237/117
f 112/246/118 111/240/118 143/239/118
f 97/241/119 129/243/119 131/248/119
f 125/244/120 157/245/120 158/250/120
f 112/246/121 144/247/121 145/252/121
f 99/249/122 131/248/122 132/254/122
f 127/256/123 126/251/123 158/250/123
f 113/253/124 145/252/124 146/258/124
f 101/260/125 100/255/125 132/254/125
f 128/262/126 127/256/126 159/257/126
f 114/259/127 146/258/127 147/136/127
f 101/260/128 133/261/128 134/265/128
f 128/262/129 160/263/129 130/242/129
f 185/267/130 217/397/130 218/268/130
f 137/270/83 169/334/83 170/271/83
f 151/205/84 183/204/84 184/273/84
f 138/272/85 170/271/85 171/275/85
f 152/274/86 184/273/86 185/277/86
f 139/276/87 171/275/87 172/279/87
f 153/278/88 185/277/88 186/281/88
f 140/280/89 172/279/89 173/283/89
f 154/282/90 186/281/90 187/285/90
f 141/287/91 173/3163/91 174/288/91
f 155/286/92 187/285/92 188/290/92
f 142/289/93 174/288/93 175/292/93
f 130/294/94 162/323/94 161/295/94
f 156/291/95 188/290/95 189/297/95
f 143/293/96 175/292/96 176/299/96
f 129/296/97 161/295/97 163/301/97
f 157/303/98 189/3164/98 190/304/98
f 144/300/35 176/299/35 177/306/35
f 131/302/68 163/301/68 164/308/68
f 158/305/69 190/304/69 191/310/69
f 145/307/70 177/306/70 178/312/70
f 132/309/71 164/308/71 165/314/71
f 159/311/72 191/310/72 192/316/72
f 146/313/73 178/312/73 179/318/73
f 133/320/74 165/3165/74 166/321/74
f 160/317/75 192/316/75 162/323/75
f 147/319/76 179/318/76 180/324/76
f 134/322/77 166/321/77 167/326/77
f 148/325/78 180/324/78 181/328/78
f 135/327/79 167/326/79 168/330/79
f 149/332/80 181/3166/80 182/333/80
f 136/331/81 168/330/81 169/334/81
f 214/335/80 213/3167/80 245/336/80
f 172/338/131 204/398/131 205/339/131
f 186/269/132 218/268/132 219/341/132
f 174/343/1087 173/340/1087 205/339/1087
f 188/345/134 187/342/134 219/341/134
f 174/343/135 206/344/135 207/347/135
f 162/349/1088 194/376/1088 193/350/1088
f 188/345/137 220/346/137 221/352/137
f 175/348/138 207/347/138 208/354/138
f 161/351/139 193/350/139 195/356/139
f 190/358/1089 189/353/1089 221/352/1089
f 176/355/141 208/354/141 209/360/141
f 164/362/142 163/357/142 195/356/142
f 191/364/143 190/358/143 222/359/143
f 177/361/1090 209/360/1090 210/366/1090
f 164/362/1091 196/363/1091 197/368/1091
f 191/364/146 223/365/146 224/370/146
f 179/372/147 178/367/147 210/366/147
f 166/374/148 165/369/148 197/368/148
f 192/371/149 224/370/149 194/376/149
f 179/372/150 211/373/150 212/377/150
f 167/379/151 166/374/151 198/375/151
f 180/378/1092 212/377/1092 213/381/1092
f 167/379/153 199/380/153 200/383/153
f 181/382/154 213/381/154 214/385/154
f 168/384/155 200/383/155 201/387/155
f 183/389/156 182/386/156 214/385/156
f 169/388/157 201/387/157 202/391/157
f 184/393/158 183/389/158 215/390/158
f 171/395/159 170/392/159 202/391/159
f 184/393/160 216/394/160 217/397/160
f 171/395/161 203/396/161 204/398/161
f 248/399/162 280/529/162 281/400/162
f 200/402/81 232/466/81 233/403/81
f 215/405/82 214/335/82 246/337/82
f 201/404/83 233/403/83 234/407/83
f 216/409/84 215/405/84 247/406/84
f 202/408/85 234/407/85 235/411/85
f 216/409/86 248/410/86 249/413/86
f 204/415/87 203/412/87 235/411/87
f 217/414/88 249/413/88 250/417/88
f 205/419/89 204/415/89 236/416/89
f 218/418/90 250/417/90 251/421/90
f 206/423/91 205/3168/91 237/424/91
f 219/422/92 251/421/92 252/426/92
f 207/428/93 206/423/93 238/425/93
f 194/430/94 226/459/94 225/431/94
f 220/427/95 252/426/95 253/433/95
f 208/435/96 207/428/96 239/429/96
f 193/432/97 225/431/97 227/437/97
f 221/439/98 253/3169/98 254/440/98
f 209/442/35 208/435/35 240/436/35
f 195/438/68 227/437/68 228/444/68
f 222/441/69 254/440/69 255/446/69
f 210/448/70 209/442/70 241/443/70
f 196/445/71 228/444/71 229/450/71
f 223/447/72 255/446/72 256/452/72
f 211/454/73 210/448/73 242/449/73
f 197/456/74 229/3170/74 230/457/74
f 224/453/75 256/452/75 226/459/75
f 212/460/76 211/454/76 243/455/76
f 198/458/77 230/457/77 231/462/77
f 213/464/78 212/460/78 244/461/78
f 199/463/79 231/462/79 232/466/79
f 283/467/92 315/596/92 316/468/92
f 236/470/163 235/530/163 267/471/163
f 250/473/1093 249/401/1093 281/400/1093
f 237/475/165 236/470/165 268/472/165
f 250/473/1094 282/474/1094 283/477/1094
f 237/475/167 269/476/167 270/479/167
f 251/478/168 283/477/168 284/481/168
f 239/483/169 238/480/169 270/479/169
f 226/485/170 258/512/170 257/486/170
f 252/482/171 284/481/171 285/488/171
f 240/490/172 239/483/172 271/484/172
f 225/487/173 257/486/173 259/492/173
f 253/489/174 285/488/174 286/494/174
f 240/490/175 272/491/175 273/496/175
f 227/493/176 259/492/176 260/498/176
f 254/495/177 286/494/177 287/500/177
f 242/502/178 241/497/178 273/496/178
f 229/504/179 228/499/179 260/498/179
f 256/506/180 255/501/180 287/500/180
f 242/502/181 274/503/181 275/508/181
f 229/504/182 261/505/182 262/510/182
f 256/506/183 288/507/183 258/512/183
f 244/513/184 243/509/184 275/508/184
f 230/511/185 262/510/185 263/515/185
f 245/517/186 244/513/186 276/514/186
f 232/519/1095 231/516/1095 263/515/1095
f 245/517/188 277/518/188 278/521/188
f 232/519/1096 264/520/1096 265/523/1096
f 246/522/190 278/521/190 279/525/190
f 234/527/191 233/524/191 265/523/191
f 247/526/192 279/525/192 280/529/192
f 234/527/1097 266/528/1097 267/471/1097
f 291/533/194 289/3171/194 290/3172/194
f 290/3172/194 320/3173/194 319/3174/194
f 319/3174/194 318/3175/194 317/3176/194
f 317/3176/194 316/3177/194 315/3178/194
f 315/3178/194 314/3179/194 313/3180/194
f 313/3180/194 312/3181/194 311/3182/194
f 311/3182/194 310/3183/194 309/3184/194
f 309/3184/194 308/3185/194 307/531/194
f 307/531/194 306/3186/194 305/3187/194
f 305/3187/194 304/3188/194 303/3189/194
f 303/3189/194 302/3190/194 301/3191/194
f 301/3191/194 300/3192/194 299/532/194
f 299/532/194 298/3193/194 297/3194/194
f 297/3194/194 296/3195/194 295/3196/194
f 295/3196/194 294/3197/194 293/3198/194
f 293/3198/194 292/3199/194 291/533/194
f 291/533/194 290/3172/194 319/3174/194
f 319/3174/194 317/3176/194 315/3178/194
f 315/3178/194 313/3180/194 311/3182/194
f 311/3182/194 309/3184/194 307/531/194
f 307/531/194 305/3187/194 303/3189/194
f 303/3189/194 301/3191/194 299/532/194
f 299/532/194 297/3194/194 295/3196/194
f 295/3196/194 293/3198/194 291/533/194
f 291/533/194 319/3174/194 315/3178/194
f 315/3178/194 311/3182/194 307/531/194
f 307/531/194 303/3189/194 299/532/194
f 299/532/194 295/3196/194 291/533/194
f 291/533/194 315/3178/194 307/531/194
f 270/534/93 302/598/93 303/535/93
f 258/537/94 290/566/94 289/538/94
f 284/469/95 316/468/95 317/540/95
f 271/536/96 303/535/96 304/542/96
f 257/539/97 289/538/97 291/544/97
f 285/546/98 317/3200/98 318/547/98
f 272/543/35 304/542/35 305/549/35
f 259/545/68 291/544/68 292/551/68
f 286/548/69 318/547/69 319/553/69
f 273/550/70 305/549/70 306/555/70
f 260/552/71 292/551/71 293/557/71
f 287/554/72 319/553/72 320/559/72
f 274/556/73 306/555/73 307/561/73
f 261/563/74 293/3201/74 294/564/74
f 288/560/75 320/559/75 290/566/75
f 275/562/76 307/561/76 308/567/76
f 262/565/77 294/564/77 295/569/77
f 276/568/78 308/567/78 309/571/78
f 263/570/79 295/569/79 296/573/79
f 277/575/80 309/3202/80 310/576/80
f 264/574/81 296/573/81 297/578/81
f 278/577/82 310/576/82 311/580/82
f 265/579/83 297/578/83 298/582/83
f 279/581/84 311/580/84 312/584/84
f 266/583/85 298/582/85 299/586/85
f 280/585/86 312/584/86 313/588/86
f 267/587/87 299/586/87 300/590/87
f 281/589/88 313/588/88 314/592/88
f 268/591/89 300/590/89 301/594/89
f 282/593/90 314/592/90 315/596/90
f 269/597/91 301/3203/91 302/598/91
f 341/599/78 373/3204/78 372/600/78
f 63/602/195 352/625/195 351/603/195
f 19/605/196 330/627/196 329/606/196
f 37/608/197 339/629/197 338/609/197
f 55/611/198 348/631/198 347/612/198
f 11/614/199 326/633/199 325/615/199
f 29/617/200 335/635/200 334/618/200
f 47/620/201 344/637/201 343/69/201
f 1/622/202 3/639/202 322/623/202
f 1/622/203 321/624/203 352/625/203
f 21/626/204 331/641/204 330/627/204
f 39/628/205 340/643/205 339/629/205
f 55/611/206 57/645/206 349/630/206
f 11/614/207 13/647/207 327/632/207
f 31/634/208 336/649/208 335/635/208
f 49/636/209 345/651/209 344/637/209
f 5/638/210 323/653/210 322/623/210
f 23/640/211 332/655/211 331/641/211
f 39/628/212 41/656/212 341/642/212
f 59/644/213 350/657/213 349/630/213
f 15/646/214 328/658/214 327/632/214
f 33/648/215 337/659/215 336/649/215
f 51/650/216 346/660/216 345/651/216
f 7/652/217 324/661/217 323/653/217
f 23/640/218 25/662/218 333/654/218
f 43/68/219 342/70/219 341/642/219
f 61/604/220 351/603/220 350/657/220
f 17/607/221 329/606/221 328/658/221
f 35/610/222 338/609/222 337/659/222
f 53/613/223 347/612/223 346/660/223
f 9/616/224 325/615/224 324/661/224
f 25/662/225 27/619/225 334/618/225
f 376/663/226 408/738/226 407/664/226
f 328/666/79 360/673/79 359/667/79
f 342/669/80 374/675/80 373/670/80
f 329/672/81 361/677/81 360/673/81
f 343/674/82 375/679/82 374/675/82
f 330/676/83 362/681/83 361/677/83
f 344/678/84 376/683/84 375/679/84
f 331/680/85 363/685/85 362/681/85
f 345/682/86 377/687/86 376/683/86
f 332/684/87 364/689/87 363/685/87
f 346/686/88 378/691/88 377/687/88
f 333/688/89 365/3205/89 364/689/89
f 347/690/90 379/696/90 378/691/90
f 334/692/91 366/698/91 365/693/91
f 348/695/92 380/703/92 379/696/92
f 335/697/93 367/705/93 366/698/93
f 322/699/94 354/707/94 353/700/94
f 349/702/95 381/3206/95 380/703/95
f 336/704/96 368/712/96 367/705/96
f 323/706/97 355/714/97 354/707/97
f 350/708/98 382/716/98 381/709/98
f 337/711/35 369/718/35 368/712/35
f 324/713/68 356/720/68 355/714/68
f 351/715/69 383/722/69 382/716/69
f 338/717/70 370/724/70 369/718/70
f 325/719/71 357/3207/71 356/720/71
f 352/721/72 384/728/72 383/722/72
f 339/723/73 371/729/73 370/724/73
f 326/725/74 358/730/74 357/726/74
f 321/701/75 353/700/75 384/728/75
f 340/601/76 372/600/76 371/729/76
f 327/668/77 359/667/77 358/730/77
f 411/731/227 443/802/227 442/732/227
f 363/734/228 395/740/228 394/735/228
f 377/737/229 409/742/229 408/738/229
f 364/739/230 396/744/230 395/740/230
f 378/741/231 410/746/231 409/742/231
f 364/739/232 365/748/232 397/743/232
f 379/745/233 411/750/233 410/746/233
f 366/747/234 398/752/234 397/743/234
f 380/749/235 412/757/235 411/750/235
f 367/751/236 399/759/236 398/752/236
f 354/753/237 386/761/237 385/754/237
f 380/749/238 381/763/238 413/756/238
f 368/758/239 400/765/239 399/759/239
f 355/760/240 387/767/240 386/761/240
f 382/762/241 414/769/241 413/756/241
f 369/764/242 401/771/242 400/765/242
f 356/766/243 388/773/243 387/767/243
f 382/762/244 383/775/244 415/768/244
f 370/770/245 402/777/245 401/771/245
f 357/772/246 389/779/246 388/773/246
f 384/774/247 416/780/247 415/768/247
f 371/776/248 403/782/248 402/777/248
f 358/778/249 390/784/249 389/779/249
f 353/755/250 385/754/250 416/780/250
f 372/781/251 404/786/251 403/782/251
f 359/783/252 391/788/252 390/784/252
f 372/781/253 373/790/253 405/785/253
f 360/787/254 392/792/254 391/788/254
f 374/789/255 406/793/255 405/785/255
f 361/791/256 393/794/256 392/792/256
f 375/665/257 407/664/257 406/793/257
f 362/736/258 394/735/258 393/794/258
f 418/795/259 419/873/259 451/796/259
f 398/798/260 430/804/260 429/799/260
f 412/801/261 444/809/261 443/802/261
f 399/803/262 431/811/262 430/804/262
f 386/805/263 418/813/263 417/806/263
f 413/808/264 445/3208/264 444/809/264
f 400/810/265 432/818/265 431/811/265
f 387/812/266 419/820/266 418/813/266
f 414/814/267 446/822/267 445/815/267
f 401/817/268 433/824/268 432/818/268
f 388/819/269 420/826/269 419/820/269
f 415/821/270 447/828/270 446/822/270
f 402/823/271 434/830/271 433/824/271
f 389/825/272 421/3209/272 420/826/272
f 416/827/273 448/834/273 447/828/273
f 402/823/274 403/836/274 435/829/274
f 390/831/275 422/838/275 421/832/275
f 416/827/276 385/807/276 417/806/276
f 404/835/277 436/840/277 435/829/277
f 391/837/278 423/842/278 422/838/278
f 405/839/279 437/3210/279 436/840/279
f 392/841/280 424/847/280 423/842/280
f 406/843/281 438/849/281 437/844/281
f 393/846/282 425/851/282 424/847/282
f 407/848/283 439/853/283 438/849/283
f 394/850/284 426/855/284 425/851/284
f 408/852/285 440/857/285 439/853/285
f 395/854/286 427/859/286 426/855/286
f 409/856/287 441/860/287 440/857/287
f 396/858/288 428/862/288 427/859/288
f 410/733/289 442/732/289 441/860/289
f 397/861/290 429/3211/290 428/862/290
f 454/863/74 486/937/74 485/864/74
f 446/866/291 478/875/291 477/867/291
f 433/869/292 465/877/292 464/870/292
f 420/872/293 452/879/293 451/796/293
f 447/874/294 479/881/294 478/875/294
f 434/876/295 466/883/295 465/877/295
f 421/878/296 453/885/296 452/879/296
f 448/880/297 480/887/297 479/881/297
f 435/882/298 467/889/298 466/883/298
f 422/884/299 454/891/299 453/885/299
f 417/886/300 449/924/300 480/887/300
f 436/888/301 468/893/301 467/889/301
f 423/890/302 455/895/302 454/891/302
f 437/892/303 469/897/303 468/893/303
f 424/894/304 456/899/304 455/895/304
f 438/896/305 470/901/305 469/897/305
f 425/898/306 457/903/306 456/899/306
f 439/900/307 471/905/307 470/901/307
f 426/902/308 458/907/308 457/903/308
f 440/904/309 472/909/309 471/905/309
f 427/906/310 459/911/310 458/907/310
f 441/908/311 473/913/311 472/909/311
f 427/906/312 428/915/312 460/910/312
f 442/912/313 474/917/313 473/913/313
f 429/914/314 461/919/314 460/910/314
f 443/916/315 475/921/315 474/917/315
f 430/918/316 462/923/316 461/919/316
f 443/916/317 444/925/317 476/920/317
f 430/918/318 431/926/318 463/922/318
f 418/795/319 450/797/319 449/924/319
f 445/868/320 477/867/320 476/920/320
f 432/871/321 464/870/321 463/922/321
f 489/927/322 521/1002/322 520/928/322
f 449/930/75 481/973/75 512/931/75
f 468/933/76 500/939/76 499/934/76
f 455/936/77 487/941/77 486/937/77
f 469/938/78 501/3212/78 500/939/78
f 456/940/79 488/946/79 487/941/79
f 470/942/80 502/948/80 501/943/80
f 457/945/81 489/950/81 488/946/81
f 471/947/82 503/952/82 502/948/82
f 458/949/83 490/954/83 489/950/83
f 472/951/84 504/956/84 503/952/84
f 459/953/85 491/958/85 490/954/85
f 473/955/86 505/960/86 504/956/86
f 460/957/87 492/962/87 491/958/87
f 474/959/88 506/964/88 505/960/88
f 461/961/89 493/3213/89 492/962/89
f 475/963/90 507/969/90 506/964/90
f 462/965/91 494/971/91 493/966/91
f 476/968/92 508/975/92 507/969/92
f 463/970/93 495/977/93 494/971/93
f 450/972/94 482/979/94 481/973/94
f 477/974/95 509/3214/95 508/975/95
f 464/976/96 496/984/96 495/977/96
f 451/978/97 483/986/97 482/979/97
f 478/980/98 510/988/98 509/981/98
f 465/983/35 497/990/35 496/984/35
f 452/985/68 484/992/68 483/986/68
f 479/987/69 511/993/69 510/988/69
f 466/989/70 498/994/70 497/990/70
f 453/991/71 485/3215/71 484/992/71
f 480/932/72 512/931/72 511/993/72
f 467/935/73 499/934/73 498/994/73
f 524/995/323 556/1066/323 555/996/323
f 503/998/324 535/1004/324 534/999/324
f 490/1001/325 522/1006/325 521/1002/325
f 503/998/326 504/1008/326 536/1003/326
f 491/1005/327 523/1010/327 522/1006/327
f 505/1007/328 537/1012/328 536/1003/328
f 491/1005/329 492/1014/329 524/1009/329
f 506/1011/330 538/1016/330 537/1012/330
f 493/1013/331 525/1018/331 524/1009/331
f 507/1015/332 539/1020/332 538/1016/332
f 494/1017/333 526/1022/333 525/1018/333
f 507/1015/334 508/1027/334 540/1019/334
f 495/1021/335 527/1029/335 526/1022/335
f 482/1023/336 514/1031/336 513/1024/336
f 509/1026/337 541/1033/337 540/1019/337
f 496/1028/338 528/1035/338 527/1029/338
f 483/1030/339 515/1037/339 514/1031/339
f 510/1032/340 542/1039/340 541/1033/340
f 497/1034/341 529/1041/341 528/1035/341
f 483/1030/342 484/1043/342 516/1036/342
f 511/1038/343 543/1045/343 542/1039/343
f 498/1040/1098 530/1047/1098 529/1041/1098
f 485/1042/345 517/1049/345 516/1036/345
f 512/1044/346 544/1050/346 543/1045/346
f 498/1040/347 499/1052/347 531/1046/347
f 486/1048/348 518/1054/348 517/1049/348
f 481/1025/349 513/1024/349 544/1050/349
f 500/1051/350 532/1056/350 531/1046/350
f 487/1053/351 519/1057/351 518/1054/351
f 501/1055/352 533/1058/352 532/1056/352
f 487/1053/353 488/929/353 520/928/353
f 502/1000/354 534/999/354 533/1058/354
f 559/1059/1099 591/1137/1099 590/1060/1099
f 537/1062/356 538/1068/356 570/1063/356
f 524/995/357 525/3216/357 557/1065/357
f 539/1067/358 571/1073/358 570/1063/358
f 525/1069/359 526/1074/359 558/1070/359
f 540/1072/360 572/1080/360 571/1073/360
f 526/1074/361 527/1082/361 559/1075/361
f 514/1076/362 546/1084/362 545/1077/362
f 541/1079/363 573/3217/363 572/1080/363
f 528/1081/364 560/1089/364 559/1075/364
f 515/1083/365 547/1091/365 546/1084/365
f 542/1085/366 574/1093/366 573/1086/366
f 528/1081/367 529/1095/367 561/1088/367
f 516/1090/368 548/1097/368 547/1091/368
f 543/1092/369 575/1099/369 574/1093/369
f 530/1094/370 562/1101/370 561/1088/370
f 517/1096/371 549/3218/371 548/1097/371
f 544/1098/372 576/1105/372 575/1099/372
f 530/1094/373 531/1106/373 563/1100/373
f 518/1102/374 550/1109/374 549/1103/374
f 513/1078/375 545/1077/375 576/1105/375
f 531/1106/376 532/1110/376 564/1107/376
f 519/1108/377 551/1113/377 550/1109/377
f 532/1110/378 533/3219/378 565/1111/378
f 520/1112/379 552/1118/379 551/1113/379
f 533/1114/380 534/1120/380 566/1115/380
f 521/1117/381 553/1122/381 552/1118/381
f 535/1119/382 567/1124/382 566/1115/382
f 522/1121/383 554/1125/383 553/1122/383
f 536/1123/384 568/1126/384 567/1124/384
f 523/997/385 555/996/385 554/1125/385
f 536/1123/386 537/1062/386 569/1064/386
f 594/1127/70 626/1201/70 625/1128/70
f 546/1130/387 578/1139/387 577/1131/387
f 572/1133/388 573/1141/388 605/1134/388
f 560/1136/389 592/1143/389 591/1137/389
f 546/1130/390 547/1145/390 579/1138/390
f 574/1140/391 606/1147/391 605/1134/391
f 560/1136/392 561/1149/392 593/1142/392
f 548/1144/1100 580/1151/1100 579/1138/1100
f 575/1146/1101 607/1153/1101 606/1147/1101
f 562/1148/395 594/1155/395 593/1142/395
f 549/1150/396 581/1157/396 580/1151/396
f 576/1152/397 608/1158/397 607/1153/397
f 562/1148/398 563/1160/398 595/1154/398
f 549/1150/399 550/1161/399 582/1156/399
f 545/1132/400 577/1131/400 608/1158/400
f 564/1159/1102 596/1164/1102 595/1154/1102
f 550/1161/1103 551/1166/1103 583/1162/1103
f 564/1159/403 565/1168/403 597/1163/403
f 552/1165/404 584/1170/404 583/1162/404
f 566/1167/405 598/1172/405 597/1163/405
f 553/1169/406 585/1174/406 584/1170/406
f 566/1167/1104 567/1176/1104 599/1171/1104
f 554/1173/408 586/1178/408 585/1174/408
f 568/1175/409 600/1180/409 599/1171/409
f 554/1173/410 555/1182/410 587/1177/410
f 569/1179/411 601/1184/411 600/1180/411
f 556/1181/1105 588/1186/1105 587/1177/1105
f 570/1183/413 602/1188/413 601/1184/413
f 556/1181/414 557/1189/414 589/1185/414
f 570/1183/415 571/1190/415 603/1187/415
f 558/1061/416 590/1060/416 589/1185/416
f 572/1133/1106 604/1135/1106 603/1187/1106
f 629/1191/418 661/1266/418 660/1192/418
f 581/1194/71 613/3220/71 612/1195/71
f 608/1197/72 640/1206/72 639/1198/72
f 595/1200/73 627/1208/73 626/1201/73
f 582/1202/74 614/1210/74 613/1203/74
f 577/1205/75 609/1246/75 640/1206/75
f 596/1207/76 628/1212/76 627/1208/76
f 583/1209/77 615/1214/77 614/1210/77
f 597/1211/78 629/3221/78 628/1212/78
f 584/1213/79 616/1219/79 615/1214/79
f 598/1215/80 630/1221/80 629/1216/80
f 585/1218/81 617/1223/81 616/1219/81
f 599/1220/82 631/1225/82 630/1221/82
f 586/1222/83 618/1227/83 617/1223/83
f 600/1224/84 632/1229/84 631/1225/84
f 587/1226/85 619/1231/85 618/1227/85
f 601/1228/86 633/1233/86 632/1229/86
f 588/1230/87 620/1235/87 619/1231/87
f 602/1232/88 634/1237/88 633/1233/88
f 589/1234/89 621/3222/89 620/1235/89
f 603/1236/90 635/1242/90 634/1237/90
f 590/1238/91 622/1244/91 621/1239/91
f 604/1241/92 636/1248/92 635/1242/92
f 591/1243/93 623/1250/93 622/1244/93
f 578/1245/94 610/1252/94 609/1246/94
f 605/1247/95 637/3223/95 636/1248/95
f 592/1249/96 624/1256/96 623/1250/96
f 579/1251/97 611/1257/97 610/1252/97
f 606/1253/98 638/1258/98 637/1254/98
f 593/1129/35 625/1128/35 624/1256/35
f 580/1196/68 612/1195/68 611/1257/68
f 607/1199/69 639/1198/69 638/1258/69
f 664/1259/419 696/1330/419 695/1260/419
f 615/1262/420 616/1268/420 648/1263/420
f 630/1265/421 662/1270/421 661/1266/421
f 617/1267/422 649/1272/422 648/1263/422
f 630/1265/423 631/1273/423 663/1269/423
f 617/1267/424 618/1276/424 650/1271/424
f 631/1273/425 632/1278/425 664/1274/425
f 619/1275/426 651/1280/426 650/1271/426
f 633/1277/427 665/1282/427 664/1274/427
f 620/1279/428 652/1284/428 651/1280/428
f 634/1281/429 666/1286/429 665/1282/429
f 621/1283/430 653/1288/430 652/1284/430
f 635/1285/431 667/1290/431 666/1286/431
f 621/1283/432 622/1291/432 654/1287/432
f 636/1289/433 668/1297/433 667/1290/433
f 622/1291/434 623/1298/434 655/1292/434
f 610/1293/435 642/1301/435 641/1294/435
f 637/1296/436 669/1303/436 668/1297/436
f 623/1298/437 624/1305/437 656/1299/437
f 611/1300/438 643/1307/438 642/1301/438
f 638/1302/439 670/1309/439 669/1303/439
f 625/1304/440 657/1311/440 656/1299/440
f 612/1306/441 644/1313/441 643/1307/441
f 638/1302/442 639/1314/442 671/1308/442
f 626/1310/443 658/1317/443 657/1311/443
f 613/1312/444 645/1319/444 644/1313/444
f 639/1314/445 640/1320/445 672/1315/445
f 627/1316/446 659/1321/446 658/1317/446
f 613/1312/447 614/1322/447 646/1318/447
f 609/1295/448 641/1294/448 672/1315/448
f 628/1193/449 660/1192/449 659/1321/449
f 615/1262/450 647/1264/450 646/1318/450
f 698/1323/451 699/1397/451 731/1324/451
f 651/1326/452 683/1332/452 682/1327/452
f 664/1259/453 665/1334/453 697/1329/453
f 652/1331/454 684/1336/454 683/1332/454
f 666/1333/455 698/1338/455 697/1329/455
f 653/1335/456 685/3224/456 684/1336/456
f 667/1337/457 699/1343/457 698/1338/457
f 654/1339/458 686/1345/458 685/1340/458
f 668/1342/459 700/1350/459 699/1343/459
f 654/1339/460 655/1352/460 687/1344/460
f 642/1346/461 674/1354/461 673/1347/461
f 669/1349/462 701/3225/462 700/1350/462
f 656/1351/463 688/1359/463 687/1344/463
f 643/1353/464 675/1361/464 674/1354/464
f 670/1355/465 702/1363/465 701/1356/465
f 657/1358/466 689/1365/466 688/1359/466
f 644/1360/467 676/1367/467 675/1361/467
f 671/1362/468 703/1369/468 702/1363/468
f 658/1364/469 690/1371/469 689/1365/469
f 645/1366/470 677/3226/470 676/1367/470
f 672/1368/471 704/1375/471 703/1369/471
f 659/1370/472 691/1377/472 690/1371/472
f 645/1372/473 646/1379/473 678/1373/473
f 641/1348/474 673/1347/474 704/1375/474
f 660/1376/475 692/1381/475 691/1377/475
f 647/1378/476 679/1383/476 678/1373/476
f 661/1380/477 693/3227/477 692/1381/477
f 648/1382/478 680/1388/478 679/1383/478
f 662/1384/479 694/1389/479 693/1385/479
f 649/1387/480 681/1390/480 680/1388/480
f 663/1261/481 695/1260/481 694/1389/481
f 649/1387/482 650/1328/482 682/1327/482
f 734/1391/98 766/1465/98 765/1392/98
f 686/1394/1107 718/1400/1107 717/1395/1107
f 699/1397/484 700/1405/484 732/1398/484
f 687/1399/485 719/1407/485 718/1400/485
f 674/1401/486 706/1409/486 705/1402/486
f 701/1404/487 733/1411/487 732/1398/487
f 688/1406/488 720/1413/488 719/1407/488
f 674/1401/489 675/1415/489 707/1408/489
f 702/1410/1108 734/1417/1108 733/1411/1108
f 688/1406/491 689/1419/491 721/1412/491
f 676/1414/492 708/1421/492 707/1408/492
f 703/1416/493 735/1423/493 734/1417/493
f 690/1418/494 722/1425/494 721/1412/494
f 676/1414/1109 677/1427/1109 709/1420/1109
f 704/1422/496 736/1428/496 735/1423/496
f 690/1418/497 691/1430/497 723/1424/497
f 678/1426/498 710/1432/498 709/1420/498
f 704/1422/499 673/1403/499 705/1402/499
f 692/1429/500 724/1434/500 723/1424/500
f 679/1431/501 711/1436/501 710/1432/501
f 693/1433/502 725/1438/502 724/1434/502
f 680/1435/503 712/1440/503 711/1436/503
f 694/1437/504 726/1442/504 725/1438/504
f 681/1439/505 713/1444/505 712/1440/505
f 695/1441/506 727/1446/506 726/1442/506
f 682/1443/507 714/1448/507 713/1444/507
f 696/1445/508 728/1450/508 727/1446/508
f 683/1447/509 715/1452/509 714/1448/509
f 697/1449/510 729/1453/510 728/1450/510
f 684/1451/511 716/1454/511 715/1452/511
f 698/1323/512 730/1325/512 729/1453/512
f 684/1451/513 685/1396/513 717/1395/513
f 737/1455/514 769/1565/514 800/1456/514
f 721/1458/35 753/1467/35 752/1459/35
f 708/1461/68 740/1469/68 739/1462/68
f 735/1464/69 767/1471/69 766/1465/69
f 722/1466/70 754/1473/70 753/1467/70
f 709/1468/71 741/3228/71 740/1469/71
f 736/1470/72 768/1478/72 767/1471/72
f 723/1472/73 755/1480/73 754/1473/73
f 710/1474/74 742/1482/74 741/1475/74
f 705/1477/75 737/1518/75 768/1478/75
f 724/1479/76 756/1484/76 755/1480/76
f 711/1481/77 743/1486/77 742/1482/77
f 725/1483/78 757/3229/78 756/1484/78
f 712/1485/79 744/1491/79 743/1486/79
f 726/1487/80 758/1493/80 757/1488/80
f 713/1490/81 745/1495/81 744/1491/81
f 727/1492/82 759/1497/82 758/1493/82
f 714/1494/83 746/1499/83 745/1495/83
f 728/1496/84 760/1501/84 759/1497/84
f 715/1498/85 747/1503/85 746/1499/85
f 729/1500/86 761/1505/86 760/1501/86
f 716/1502/87 748/1507/87 747/1503/87
f 730/1504/88 762/1509/88 761/1505/88
f 717/1506/89 749/3230/89 748/1507/89
f 731/1508/90 763/1514/90 762/1509/90
f 718/1510/91 750/1516/91 749/1511/91
f 732/1513/92 764/1520/92 763/1514/92
f 719/1515/93 751/1521/93 750/1516/93
f 706/1517/94 738/1522/94 737/1518/94
f 733/1519/95 765/3231/95 764/1520/95
f 720/1460/96 752/1459/96 751/1521/96
f 707/1463/97 739/1462/97 738/1522/97
f 791/1523/515 823/1594/515 822/1524/515
f 756/1526/516 788/1533/516 787/1527/516
f 743/1529/517 775/1535/517 774/1530/517
f 757/1532/518 789/1537/518 788/1533/518
f 744/1534/519 776/1539/519 775/1535/519
f 757/1532/520 758/1541/520 790/1536/520
f 745/1538/521 777/1543/521 776/1539/521
f 759/1540/522 791/1545/522 790/1536/522
f 745/1538/523 746/1547/523 778/1542/523
f 759/1540/524 760/1549/524 792/1544/524
f 747/1546/525 779/1551/525 778/1542/525
f 761/1548/526 793/1553/526 792/1544/526
f 748/1550/527 780/1555/527 779/1551/527
f 761/1548/528 762/1557/528 794/1552/528
f 749/1554/529 781/1559/529 780/1555/529
f 763/1556/530 795/1561/530 794/1552/530
f 749/1554/531 750/1562/531 782/1558/531
f 764/1560/532 796/1567/532 795/1561/532
f 750/1562/533 751/1569/533 783/1563/533
f 737/1455/534 738/1571/534 770/1564/534
f 765/1566/535 797/1573/535 796/1567/535
f 752/1568/536 784/1575/536 783/1563/536
f 739/1570/537 771/1577/537 770/1564/537
f 765/1566/538 766/1578/538 798/1572/538
f 753/1574/539 785/1581/539 784/1575/539
f 740/1576/540 772/1583/540 771/1577/540
f 766/1578/541 767/1584/541 799/1579/541
f 753/1574/542 754/1585/542 786/1580/542
f 741/1582/543 773/1586/543 772/1583/543
f 768/1457/544 800/1456/544 799/1579/544
f 755/1528/545 787/1527/545 786/1580/545
f 742/1531/546 774/1530/546 773/1586/546
f 832/1589/547 801/3232/547 802/3233/547
f 802/3233/547 803/3234/547 804/3235/547
f 804/3235/547 805/3236/547 806/3237/547
f 806/3237/547 807/3238/547 808/3239/547
f 808/3239/547 809/3240/547 810/3241/547
f 810/3241/547 811/3242/547 812/3243/547
f 812/3243/547 813/3244/547 814/3245/547
f 814/3245/547 815/3246/547 816/1587/547
f 816/1587/547 817/3247/547 818/3248/547
f 818/3248/547 819/3249/547 820/3250/547
f 820/3250/547 821/3251/547 822/3252/547
f 822/3252/547 823/3253/547 824/1588/547
f 824/1588/547 825/3254/547 826/3255/547
f 826/3255/547 827/3256/547 828/3257/547
f 828/3257/547 829/3258/547 830/3259/547
f 830/3259/547 831/3260/547 832/1589/547
f 832/1589/547 802/3233/547 804/3235/547
f 804/3235/547 806/3237/547 808/3239/547
f 808/3239/547 810/3241/547 812/3243/547
f 812/3243/547 814/3245/547 816/1587/547
f 816/1587/547 818/3248/547 820/3250/547
f 820/3250/547 822/3252/547 824/1588/547
f 824/1588/547 826/3255/547 828/3257/547
f 828/3257/547 830/3259/547 832/1589/547
f 832/1589/547 804/3235/547 808/3239/547
f 808/3239/547 812/3243/547 816/1587/547
f 816/1587/547 820/3250/547 824/1588/547
f 824/1588/547 828/3257/547 832/1589/547
f 832/1589/547 808/3239/547 816/1587/547
f 777/1590/548 778/1596/548 810/1591/548
f 792/1593/549 824/1598/549 823/1594/549
f 779/1595/550 811/1600/550 810/1591/550
f 793/1597/551 825/1602/551 824/1598/551
f 780/1599/552 812/1604/552 811/1600/552
f 793/1597/553 794/1606/553 826/1601/553
f 781/1603/554 813/3261/554 812/1604/554
f 795/1605/555 827/1611/555 826/1601/555
f 781/1607/556 782/1613/556 814/1608/556
f 796/1610/557 828/1618/557 827/1611/557
f 783/1612/558 815/1620/558 814/1608/558
f 770/1614/559 802/1622/559 801/1615/559
f 797/1617/560 829/3262/560 828/1618/560
f 783/1612/561 784/1626/561 816/1619/561
f 771/1621/562 803/1629/562 802/1622/562
f 798/1623/563 830/1631/563 829/1624/563
f 784/1626/564 785/1633/564 817/1627/564
f 772/1628/565 804/1635/565 803/1629/565
f 799/1630/566 831/1637/566 830/1631/566
f 786/1632/567 818/1639/567 817/1627/567
f 773/1634/568 805/3263/568 804/1635/568
f 800/1636/569 832/1643/569 831/1637/569
f 786/1632/570 787/1645/570 819/1638/570
f 774/1640/571 806/1647/571 805/1641/571
f 769/1616/572 801/1615/572 832/1643/572
f 788/1644/573 820/1649/573 819/1638/573
f 775/1646/574 807/1651/574 806/1647/574
f 788/1644/575 789/3264/575 821/1648/575
f 776/1650/576 808/1654/576 807/1651/576
f 789/1652/577 790/1525/577 822/1524/577
f 776/1650/578 777/1590/578 809/1592/578
f 834/1655/579 836/3265/579 835/1656/579
f 836/1658/580 838/3266/580 837/1659/580
f 838/1661/581 840/1664/581 839/1662/581
f 840/1664/582 842/3267/582 841/1665/582
f 838/1668/194 836/3268/194 834/1666/194
f 834/1666/194 844/3269/194 842/1667/194
f 842/1667/194 840/3270/194 838/1668/194
f 842/1669/583 844/3271/583 843/1670/583
f 844/1672/584 834/1655/584 833/1657/584
f 843/1676/547 833/3272/547 835/1674/547
f 835/1674/547 837/3273/547 839/1675/547
f 839/1675/547 841/3274/547 843/1676/547
f 846/1677/579 848/3275/579 847/1678/579
f 848/1680/580 850/3276/580 849/1681/580
f 850/1683/581 852/1686/581 851/1684/581
f 852/1686/582 854/3277/582 853/1687/582
f 850/1690/194 848/3278/194 846/1688/194
f 846/1688/194 856/3279/194 854/1689/194
f 854/1689/194 852/3280/194 850/1690/194
f 854/1691/583 856/3281/583 855/1692/583
f 856/1694/584 846/1677/584 845/1679/584
f 855/1698/547 845/3282/547 847/1696/547
f 847/1696/547 849/3283/547 851/1697/547
f 851/1697/547 853/3284/547 855/1698/547
f 858/1699/579 860/3285/579 859/1700/579
f 860/1702/580 862/3286/580 861/1703/580
f 862/1705/581 864/1708/581 863/1706/581
f 864/1708/582 866/3287/582 865/1709/582
f 862/1712/194 860/3288/194 858/1710/194
f 858/1710/194 868/3289/194 866/1711/194
f 866/1711/194 864/3290/194 862/1712/194
f 866/1713/583 868/3291/583 867/1714/583
f 868/1716/584 858/1699/584 857/1701/584
f 867/1720/547 857/3292/547 859/1718/547
f 859/1718/547 861/3293/547 863/1719/547
f 863/1719/547 865/3294/547 867/1720/547
f 870/1721/579 872/3295/579 871/1722/579
f 872/1724/580 874/3296/580 873/1725/580
f 874/1727/581 876/1730/581 875/1728/581
f 876/1730/582 878/3297/582 877/1731/582
f 874/1734/194 872/3298/194 870/1732/194
f 870/1732/194 880/3299/194 878/1733/194
f 878/1733/194 876/3300/194 874/1734/194
f 878/1735/583 880/3301/583 879/1736/583
f 880/1738/584 870/1721/584 869/1723/584
f 879/1742/547 869/3302/547 871/1740/547
f 871/1740/547 873/3303/547 875/1741/547
f 875/1741/547 877/3304/547 879/1742/547
f 882/1743/579 884/3305/579 883/1744/579
f 884/1746/580 886/3306/580 885/1747/580
f 886/1749/581 888/1752/581 887/1750/581
f 888/1752/582 890/3307/582 889/1753/582
f 886/1756/194 884/3308/194 882/1754/194
f 882/1754/194 892/3309/194 890/1755/194
f 890/1755/194 888/3310/194 886/1756/194
f 890/1757/583 892/3311/583 891/1758/583
f 892/1760/584 882/1743/584 881/1745/584
f 891/1764/547 881/3312/547 883/1762/547
f 883/1762/547 885/3313/547 887/1763/547
f 887/1763/547 889/3314/547 891/1764/547
f 894/1765/579 896/3315/579 895/1766/579
f 896/1768/580 898/3316/580 897/1769/580
f 898/1771/581 900/1774/581 899/1772/581
f 900/1774/582 902/3317/582 901/1775/582
f 898/1778/194 896/3318/194 894/1776/194
f 894/1776/194 904/3319/194 902/1777/194
f 902/1777/194 900/3320/194 898/1778/194
f 902/1779/583 904/3321/583 903/1780/583
f 904/1782/584 894/1765/584 893/1767/584
f 903/1786/547 893/3322/547 895/1784/547
f 895/1784/547 897/3323/547 899/1785/547
f 899/1785/547 901/3324/547 903/1786/547
f 906/1787/579 908/3325/579 907/1788/579
f 908/1790/580 910/3326/580 909/1791/580
f 910/1793/581 912/1796/581 911/1794/581
f 912/1796/582 914/3327/582 913/1797/582
f 910/1800/194 908/3328/194 906/1798/194
f 906/1798/194 916/3329/194 914/1799/194
f 914/1799/194 912/3330/194 910/1800/194
f 914/1801/583 916/3331/583 915/1802/583
f 916/1804/584 906/1787/584 905/1789/584
f 915/1808/547 905/3332/547 907/1806/547
f 907/1806/547 909/3333/547 911/1807/547
f 911/1807/547 913/3334/547 915/1808/547
f 918/1809/579 920/3335/579 919/1810/579
f 920/1812/580 922/3336/580 921/1813/580
f 922/1815/581 924/1818/581 923/1816/581
f 924/1818/582 926/3337/582 925/1819/582
f 922/1822/194 920/3338/194 918/1820/194
f 918/1820/194 928/3339/194 926/1821/194
f 926/1821/194 924/3340/194 922/1822/194
f 926/1823/583 928/3341/583 927/1824/583
f 928/1826/584 918/1809/584 917/1811/584
f 927/1830/547 917/3342/547 919/1828/547
f 919/1828/547 921/3343/547 923/1829/547
f 923/1829/547 925/3344/547 927/1830/547
f 930/1831/579 932/3345/579 931/1832/579
f 932/1834/580 934/3346/580 933/1835/580
f 934/1837/581 936/1840/581 935/1838/581
f 936/1840/582 938/3347/582 937/1841/582
f 934/1844/194 932/3348/194 930/1842/194
f 930/1842/194 940/3349/194 938/1843/194
f 938/1843/194 936/3350/194 934/1844/194
f 938/1845/583 940/3351/583 939/1846/583
f 940/1848/584 930/1831/584 929/1833/584
f 939/1852/547 929/3352/547 931/1850/547
f 931/1850/547 933/3353/547 935/1851/547
f 935/1851/547 937/3354/547 939/1852/547
f 941/1853/584 942/1871/584 944/1854/584
f 944/1856/583 946/3355/583 945/1857/583
f 946/1859/582 948/1862/582 947/1860/582
f 948/1862/581 950/3356/581 949/1863/581
f 946/1866/547 944/3357/547 942/1864/547
f 942/1864/547 952/3358/547 950/1865/547
f 950/1865/547 948/3359/547 946/1866/547
f 950/1867/580 952/3360/580 951/1868/580
f 951/1870/579 952/3361/579 942/1871/579
f 951/1874/194 941/3362/194 943/1872/194
f 943/1872/194 945/3363/194 947/1873/194
f 947/1873/194 949/3364/194 951/1874/194
f 954/1875/584 956/3365/584 955/1876/584
f 956/1878/583 958/3366/583 957/1879/583
f 958/1881/582 960/1884/582 959/1882/582
f 960/1884/581 962/3367/581 961/1885/581
f 958/1888/547 956/3368/547 954/1886/547
f 954/1886/547 964/3369/547 962/1887/547
f 962/1887/547 960/3370/547 958/1888/547
f 962/1889/580 964/3371/580 963/1890/580
f 963/1892/579 964/3372/579 954/1875/579
f 963/1895/194 953/3373/194 955/1893/194
f 955/1893/194 957/3374/194 959/1894/194
f 959/1894/194 961/3375/194 963/1895/194
f 965/1896/584 966/1914/584 968/1897/584
f 968/1899/583 970/3376/583 969/1900/583
f 970/1902/582 972/1905/582 971/1903/582
f 972/1905/581 974/3377/581 973/1906/581
f 970/1909/547 968/3378/547 966/1907/547
f 966/1907/547 976/3379/547 974/1908/547
f 974/1908/547 972/3380/547 970/1909/547
f 974/1910/580 976/3381/580 975/1911/580
f 975/1913/579 976/3382/579 966/1914/579
f 975/1917/194 965/3383/194 967/1915/194
f 967/1915/194 969/3384/194 971/1916/194
f 971/1916/194 973/3385/194 975/1917/194
f 977/1918/584 978/1936/584 980/1919/584
f 980/1921/583 982/3386/583 981/1922/583
f 982/1924/582 984/1927/582 983/1925/582
f 984/1927/581 986/3387/581 985/1928/581
f 982/1931/547 980/3388/547 978/1929/547
f 978/1929/547 988/3389/547 986/1930/547
f 986/1930/547 984/3390/547 982/1931/547
f 986/1932/580 988/3391/580 987/1933/580
f 987/1935/579 988/3392/579 978/1936/579
f 987/1939/194 977/3393/194 979/1937/194
f 979/1937/194 981/3394/194 983/1938/194
f 983/1938/194 985/3395/194 987/1939/194
f 989/1940/584 990/1958/584 992/1941/584
f 992/1943/583 994/3396/583 993/1944/583
f 994/1946/582 996/1949/582 995/1947/582
f 996/1949/581 998/3397/581 997/1950/581
f 994/1953/547 992/3398/547 990/1951/547
f 990/1951/547 1000/3399/547 998/1952/547
f 998/1952/547 996/3400/547 994/1953/547
f 998/1954/580 1000/3401/580 999/1955/580
f 999/1957/579 1000/3402/579 990/1958/579
f 999/1961/194 989/3403/194 991/1959/194
f 991/1959/194 993/3404/194 995/1960/194
f 995/1960/194 997/3405/194 999/1961/194
f 1001/1962/584 1002/1980/584 1004/1963/584
f 1004/1965/583 1006/3406/583 1005/1966/583
f 1006/1968/582 1008/1971/582 1007/1969/582
f 1008/1971/581 1010/3407/581 1009/1972/581
f 1006/1975/547 1004/3408/547 1002/1973/547
f 1002/1973/547 1012/3409/547 1010/1974/547
f 1010/1974/547 1008/3410/547 1006/1975/547
f 1010/1976/580 1012/3411/580 1011/1977/580
f 1011/1979/579 1012/3412/579 1002/1980/579
f 1011/1983/194 1001/3413/194 1003/1981/194
f 1003/1981/194 1005/3414/194 1007/1982/194
f 1007/1982/194 1009/3415/194 1011/1983/194
f 1014/1984/584 1016/3416/584 1015/1985/584
f 1016/1987/583 1018/3417/583 1017/1988/583
f 1018/1990/582 1020/1993/582 1019/1991/582
f 1020/1993/581 1022/3418/581 1021/1994/581
f 1018/1997/547 1016/3419/547 1014/1995/547
f 1014/1995/547 1024/3420/547 1022/1996/547
f 1022/1996/547 1020/3421/547 1018/1997/547
f 1022/1998/580 1024/3422/580 1023/1999/580
f 1023/2001/579 1024/3423/579 1014/1984/579
f 1023/2004/194 1013/3424/194 1015/2002/194
f 1015/2002/194 1017/3425/194 1019/2003/194
f 1019/2003/194 1021/3426/194 1023/2004/194
f 1026/2005/585 1028/2008/585 1027/2006/585
f 1028/2008/586 1030/2010/586 1029/2009/586
f 1030/2010/587 1032/2012/587 1031/2011/587
f 1032/2012/588 1034/2014/588 1033/2013/588
f 1034/2014/1110 1036/2016/1110 1035/2015/1110
f 1036/2016/590 1038/2018/590 1037/2017/590
f 1038/2018/591 1040/2020/591 1039/2019/591
f 1040/2020/653 1042/3427/653 1041/2021/653
f 1042/2022/1111 1044/2025/1111 1043/2023/1111
f 1044/2025/594 1046/2027/594 1045/2026/594
f 1046/2027/595 1048/2029/595 1047/2028/595
f 1048/2029/596 1050/2031/596 1049/2030/596
f 1050/2031/597 1052/2033/597 1051/2032/597
f 1052/2033/598 1054/2035/598 1053/2034/598
f 1054/2035/599 1056/2037/599 1055/2036/599
f 1056/2037/600 1058/2039/600 1057/2038/600
f 1058/2039/601 1060/2041/601 1059/2040/601
f 1060/2041/602 1062/2043/602 1061/2042/602
f 1062/2043/603 1064/2045/603 1063/2044/603
f 1064/2045/604 1066/2047/604 1065/2046/604
f 1066/2047/605 1068/2049/605 1067/2048/605
f 1068/2049/606 1070/2051/606 1069/2050/606
f 1070/2051/607 1072/2053/607 1071/2052/607
f 1072/2053/1112 1074/3428/1112 1073/2054/1112
f 1074/2055/654 1076/2058/654 1075/2056/654
f 1076/2058/610 1078/2060/610 1077/2059/610
f 1078/2060/611 1080/2062/611 1079/2061/611
f 1080/2062/612 1082/2064/612 1081/2063/612
f 1082/2064/613 1084/2066/613 1083/2065/613
f 1084/2066/614 1086/2068/614 1085/2067/614
f 1086/2068/615 1088/2070/615 1087/2069/615
f 1088/2070/616 1090/2072/616 1089/2071/616
f 1090/2072/617 1092/2074/617 1091/2073/617
f 1092/2074/618 1094/2076/618 1093/2075/618
f 1094/2076/619 1096/2078/619 1095/2077/619
f 1096/2078/620 1098/2080/620 1097/2079/620
f 1098/2080/621 1100/2082/621 1099/2081/621
f 1100/2082/622 1102/2084/622 1101/2083/622
f 1102/2084/623 1104/2086/623 1103/2085/623
f 1104/2086/649 1106/3429/649 1105/2087/649
f 1106/2088/650 1108/2091/650 1107/2089/650
f 1108/2091/626 1110/2093/626 1109/2092/626
f 1110/2093/627 1112/2095/627 1111/2094/627
f 1112/2095/628 1114/2097/628 1113/2096/628
f 1114/2097/629 1116/2099/629 1115/2098/629
f 1116/2099/630 1118/2101/630 1117/2100/630
f 1118/2101/631 1120/2103/631 1119/2102/631
f 1120/2103/632 1122/2105/632 1121/2104/632
f 1122/2105/633 1124/2107/633 1123/2106/633
f 1124/2107/634 1126/2109/634 1125/2108/634
f 1126/2109/635 1128/2111/635 1127/2110/635
f 1128/2111/636 1130/2113/636 1129/2112/636
f 1130/2113/637 1132/2115/637 1131/2114/637
f 1132/2115/638 1134/2117/638 1133/2116/638
f 1134/2117/639 1136/2119/639 1135/2118/639
f 1136/2119/651 1138/3430/651 1137/2120/651
f 1138/2121/652 1140/2124/652 1139/2122/652
f 1140/2124/642 1142/2126/642 1141/2125/642
f 1142/2126/643 1144/2128/643 1143/2127/643
f 1144/2128/1113 1146/2130/1113 1145/2129/1113
f 1146/2130/645 1148/2132/645 1147/2131/645
f 1148/2132/646 1150/2140/646 1149/2133/646
f 1189/3431/194 1192/3432/194 1038/2138/194
f 1038/2138/194 1036/3433/194 1034/3434/194
f 1034/3434/194 1032/3435/194 1030/3436/194
f 1030/3436/194 1028/3437/194 1026/3438/194
f 1026/3438/194 1152/3439/194 1150/3440/194
f 1150/3440/194 1148/3441/194 1146/3442/194
f 1146/3442/194 1144/3443/194 1142/3444/194
f 1142/3444/194 1140/3445/194 1138/3446/194
f 1138/3446/194 1136/3447/194 1134/3448/194
f 1134/3448/194 1132/3449/194 1130/3450/194
f 1130/3450/194 1128/3451/194 1126/3452/194
f 1126/3452/194 1124/3453/194 1122/3454/194
f 1122/3454/194 1120/3455/194 1118/3456/194
f 1118/3456/194 1116/3457/194 1114/3458/194
f 1114/3458/194 1112/3459/194 1110/2134/194
f 1110/2134/194 1108/3460/194 1106/3461/194
f 1106/3461/194 1104/3462/194 1102/2135/194
f 1102/2135/194 1100/3463/194 1098/3464/194
f 1098/3464/194 1096/3465/194 1094/3466/194
f 1094/3466/194 1092/3467/194 1090/3468/194
f 1090/3468/194 1088/3469/194 1086/3470/194
f 1086/3470/194 1084/3471/194 1082/3472/194
f 1082/3472/194 1080/3473/194 1078/3474/194
f 1078/3474/194 1076/3475/194 1074/3476/194
f 1074/3476/194 1072/3477/194 1070/3478/194
f 1070/3478/194 1068/3479/194 1066/3480/194
f 1066/3480/194 1064/3481/194 1062/3482/194
f 1062/3482/194 1060/3483/194 1058/3484/194
f 1058/3484/194 1056/3485/194 1054/3486/194
f 1054/3486/194 1052/3487/194 1050/3488/194
f 1050/3488/194 1048/3489/194 1046/2137/194
f 1046/2137/194 1212/3490/194 1210/3491/194
f 1046/2137/194 1210/3491/194 1183/3492/194
f 1054/3486/194 1050/3488/194 1046/2137/194
f 1062/3482/194 1058/3484/194 1054/3486/194
f 1070/3478/194 1066/3480/194 1062/3482/194
f 1078/3474/194 1074/3476/194 1070/3478/194
f 1086/3470/194 1082/3472/194 1078/3474/194
f 1094/3466/194 1090/3468/194 1086/3470/194
f 1102/2135/194 1098/3464/194 1094/3466/194
f 1110/2134/194 1106/3461/194 1102/2135/194
f 1118/3456/194 1114/3458/194 1110/2134/194
f 1126/3452/194 1122/3454/194 1118/3456/194
f 1134/3448/194 1130/3450/194 1126/3452/194
f 1142/3444/194 1138/3446/194 1134/3448/194
f 1150/3440/194 1146/3442/194 1142/3444/194
f 1030/3436/194 1026/3438/194 1150/3440/194
f 1038/2138/194 1034/3434/194 1030/3436/194
f 1188/3493/194 1189/3431/194 1038/2138/194
f 1208/3494/194 1188/3493/194 1038/2138/194
f 1054/3486/194 1046/2137/194 1183/3492/194
f 1054/3486/194 1183/3492/194 1184/3495/194
f 1208/3494/194 1038/2138/194 1030/3436/194
f 1216/3496/194 1208/3494/194 1030/3436/194
f 1054/3486/194 1184/3495/194 1187/3497/194
f 1054/3486/194 1187/3497/194 1186/3498/194
f 1196/3499/194 1216/3496/194 1030/3436/194
f 1156/3500/194 1196/3499/194 1030/3436/194
f 1062/3482/194 1054/3486/194 1186/3498/194
f 1062/3482/1114 1186/3498/1114 1185/3501/1114
f 1156/3500/194 1030/3436/194 1150/3440/194
f 1155/3502/194 1156/3500/194 1150/3440/194
f 1062/3482/194 1185/3501/194 1211/3503/194
f 1062/3482/194 1211/3503/194 1215/3504/194
f 1157/3505/194 1155/3502/194 1150/3440/194
f 1154/3506/194 1157/3505/194 1150/3440/194
f 1062/3482/194 1215/3504/194 1206/3507/194
f 1062/3482/194 1206/3507/194 1181/3508/194
f 1154/3506/194 1150/3440/194 1142/3444/194
f 1153/3509/194 1154/3506/194 1142/3444/194
f 1070/3478/194 1062/3482/194 1181/3508/194
f 1070/3478/194 1181/3508/194 1180/3510/194
f 1195/3511/194 1153/3509/194 1142/3444/194
f 1197/3512/194 1195/3511/194 1142/3444/194
f 1070/3478/194 1180/3510/194 1182/3513/194
f 1070/3478/194 1182/3513/194 1179/3514/194
f 1194/3515/194 1197/3512/194 1142/3444/194
f 1161/3516/194 1194/3515/194 1142/3444/194
f 1078/3474/194 1070/3478/194 1179/3514/194
f 1078/3474/1115 1179/3514/1115 1178/3517/1115
f 1161/3516/194 1142/3444/194 1134/3448/194
f 1160/3518/194 1161/3516/194 1134/3448/194
f 1078/3474/194 1178/3517/194 1205/3519/194
f 1078/3474/194 1205/3519/194 1207/3520/194
f 1162/3521/194 1160/3518/194 1134/3448/194
f 1159/3522/194 1162/3521/194 1134/3448/194
f 1078/3474/194 1207/3520/194 1204/3523/194
f 1078/3474/194 1204/3523/194 1176/3524/194
f 1159/3522/194 1134/3448/194 1126/3452/194
f 1158/3525/194 1159/3522/194 1126/3452/194
f 1086/3470/194 1078/3474/194 1176/3524/194
f 1086/3470/194 1176/3524/194 1175/3526/194
f 1193/3527/194 1158/3525/194 1126/3452/194
f 1213/3528/194 1193/3527/194 1126/3452/194
f 1086/3470/194 1175/3526/194 1177/3529/194
f 1086/3470/194 1177/3529/194 1174/3530/194
f 1198/3531/194 1213/3528/194 1126/3452/194
f 1163/3532/194 1198/3531/194 1126/3452/194
f 1094/3466/194 1086/3470/194 1174/3530/194
f 1094/3466/194 1174/3530/194 1173/3533/194
f 1163/3532/194 1126/3452/194 1118/3456/194
f 1164/3534/194 1163/3532/194 1118/3456/194
f 1094/3466/194 1173/3533/194 1203/3535/194
f 1094/3466/194 1203/3535/194 1214/3536/194
f 1167/3537/194 1164/3534/194 1118/3456/194
f 1165/3538/194 1167/3537/194 1118/3456/194
f 1094/3466/194 1214/3536/194 1201/3539/194
f 1094/3466/194 1201/3539/194 1171/3540/194
f 1165/3538/194 1118/3456/194 1110/2134/194
f 1166/3541/194 1165/3538/194 1110/2134/194
f 1102/2135/194 1094/3466/194 1171/3540/194
f 1102/2135/194 1171/3540/194 1170/3542/194
f 1199/3543/194 1166/3541/194 1110/2134/194
f 1202/3544/194 1199/3543/194 1110/2134/194
f 1102/2135/194 1170/3542/194 1172/3545/194
f 1102/2135/194 1172/3545/194 1169/3546/194
f 1200/3547/194 1202/3544/194 1110/2134/194
f 1102/2135/194 1169/3546/194 1168/2136/194
f 1168/2136/194 1200/3547/194 1110/2134/194
f 1209/3548/194 1212/3490/194 1046/2137/194
f 1046/2137/194 1044/3549/194 1042/3550/194
f 1042/3550/194 1040/3551/194 1038/2138/194
f 1038/2138/194 1192/3432/194 1190/3552/194
f 1191/2139/194 1209/3548/194 1046/2137/194
f 1038/2138/194 1190/3552/194 1191/2139/194
f 1046/2137/194 1042/3550/194 1038/2138/194
f 1150/2140/647 1152/2142/647 1151/2141/647
f 1152/2142/648 1026/2005/648 1025/2007/648
f 1259/3553/547 1261/3554/547 1039/3555/547
f 1039/3555/547 1041/3556/547 1043/3557/547
f 1043/3557/547 1045/3558/547 1047/3559/547
f 1047/3559/547 1049/3560/547 1051/3561/547
f 1051/3561/547 1053/3562/547 1055/2143/547
f 1055/2143/547 1057/3563/547 1059/3564/547
f 1059/3564/547 1061/3565/547 1063/3566/547
f 1063/3566/547 1065/3567/547 1067/3568/547
f 1067/3568/547 1069/3569/547 1071/3570/547
f 1071/3570/547 1266/3571/547 1264/3572/547
f 1071/3570/547 1264/3572/547 1227/3573/547
f 1063/3566/547 1067/3568/547 1071/3570/547
f 1055/2143/547 1059/3564/547 1063/3566/547
f 1047/3559/547 1051/3561/547 1055/2143/547
f 1039/3555/547 1043/3557/547 1047/3559/547
f 1222/3574/547 1259/3553/547 1039/3555/547
f 1223/3575/547 1222/3574/547 1039/3555/547
f 1063/3566/547 1071/3570/547 1227/3573/547
f 1063/3566/547 1227/3573/547 1228/3576/547
f 1223/3575/547 1039/3555/547 1047/3559/547
f 1226/3577/547 1223/3575/547 1047/3559/547
f 1063/3566/547 1228/3576/547 1231/3578/547
f 1063/3566/547 1231/3578/547 1229/3579/547
f 1224/3580/547 1226/3577/547 1047/3559/547
f 1225/3581/547 1224/3580/547 1047/3559/547
f 1055/2143/547 1063/3566/547 1229/3579/547
f 1055/2143/1116 1229/3579/1116 1230/3582/1116
f 1225/3581/547 1047/3559/547 1055/2143/547
f 1260/3583/547 1225/3581/547 1055/2143/547
f 1055/2143/547 1230/3582/547 1265/2144/547
f 1277/2145/547 1260/3583/547 1055/2143/547
f 1263/3584/547 1266/3571/547 1071/3570/547
f 1071/3570/547 1073/3585/547 1075/3586/547
f 1075/3586/547 1077/3587/547 1079/3588/547
f 1079/3588/547 1081/3589/547 1083/3590/547
f 1083/3590/547 1085/3591/547 1087/3592/547
f 1087/3592/547 1089/3593/547 1091/3594/547
f 1091/3594/547 1093/3595/547 1095/3596/547
f 1095/3596/547 1097/3597/547 1099/3598/547
f 1099/3598/547 1101/3599/547 1103/3600/547
f 1103/3600/547 1105/3601/547 1107/3602/547
f 1107/3602/547 1109/3603/547 1111/3604/547
f 1111/3604/547 1113/3605/547 1115/3606/547
f 1115/3606/547 1117/3607/547 1119/2146/547
f 1119/2146/547 1121/3608/547 1123/3609/547
f 1123/3609/547 1125/3610/547 1127/3611/547
f 1127/3611/547 1129/3612/547 1131/3613/547
f 1131/3613/547 1133/3614/547 1135/3615/547
f 1135/3615/547 1137/3616/547 1139/3617/547
f 1139/3617/547 1141/3618/547 1143/3619/547
f 1143/3619/547 1145/3620/547 1147/3621/547
f 1147/3621/547 1149/3622/547 1151/3623/547
f 1151/3623/547 1025/3624/547 1027/3625/547
f 1027/3625/547 1029/3626/547 1031/3627/547
f 1031/3627/547 1033/3628/547 1035/3629/547
f 1035/3629/547 1037/3630/547 1039/3555/547
f 1039/3555/547 1261/3554/547 1258/3631/547
f 1039/3555/547 1258/3631/547 1220/3632/547
f 1031/3627/547 1035/3629/547 1039/3555/547
f 1151/3623/547 1027/3625/547 1031/3627/547
f 1143/3619/547 1147/3621/547 1151/3623/547
f 1135/3615/547 1139/3617/547 1143/3619/547
f 1127/3611/547 1131/3613/547 1135/3615/547
f 1119/2146/547 1123/3609/547 1127/3611/547
f 1111/3604/547 1115/3606/547 1119/2146/547
f 1103/3600/547 1107/3602/547 1111/3604/547
f 1095/3596/547 1099/3598/547 1103/3600/547
f 1087/3592/547 1091/3594/547 1095/3596/547
f 1079/3588/547 1083/3590/547 1087/3592/547
f 1071/3570/547 1075/3586/547 1079/3588/547
f 1235/3633/547 1263/3584/547 1071/3570/547
f 1234/3634/1116 1235/3633/1116 1071/3570/1116
f 1031/3627/547 1039/3555/547 1220/3632/547
f 1031/3627/547 1220/3632/547 1219/3635/547
f 1234/3634/547 1071/3570/547 1079/3588/547
f 1236/3636/547 1234/3634/547 1079/3588/547
f 1031/3627/547 1219/3635/547 1221/3637/547
f 1031/3627/547 1221/3637/547 1218/3638/547
f 1233/3639/547 1236/3636/547 1079/3588/547
f 1232/3640/547 1233/3639/547 1079/3588/547
f 1151/3623/547 1031/3627/547 1218/3638/547
f 1151/3623/547 1218/3638/547 1217/3641/547
f 1232/3640/547 1079/3588/547 1087/3592/547
f 1262/3642/547 1232/3640/547 1087/3592/547
f 1151/3623/547 1217/3641/547 1257/3643/547
f 1151/3623/547 1257/3643/547 1280/3644/547
f 1278/3645/547 1262/3642/547 1087/3592/547
f 1270/3646/547 1278/3645/547 1087/3592/547
f 1151/3623/547 1280/3644/547 1275/3647/547
f 1151/3623/547 1275/3647/547 1255/3648/547
f 1270/3646/547 1087/3592/547 1095/3596/547
f 1240/3649/547 1270/3646/547 1095/3596/547
f 1143/3619/547 1151/3623/547 1255/3648/547
f 1143/3619/547 1255/3648/547 1254/3650/547
f 1239/3651/547 1240/3649/547 1095/3596/547
f 1241/3652/547 1239/3651/547 1095/3596/547
f 1143/3619/547 1254/3650/547 1256/3653/547
f 1143/3619/547 1256/3653/547 1253/3654/547
f 1238/3655/547 1241/3652/547 1095/3596/547
f 1237/3656/547 1238/3655/547 1095/3596/547
f 1135/3615/547 1143/3619/547 1253/3654/547
f 1135/3615/1117 1253/3654/1117 1252/3657/1117
f 1237/3656/547 1095/3596/547 1103/3600/547
f 1269/3658/547 1237/3656/547 1103/3600/547
f 1135/3615/547 1252/3657/547 1274/3659/547
f 1135/3615/547 1274/3659/547 1276/3660/547
f 1271/3661/547 1269/3658/547 1103/3600/547
f 1268/3662/547 1271/3661/547 1103/3600/547
f 1135/3615/547 1276/3660/547 1273/3663/547
f 1135/3615/547 1273/3663/547 1250/3664/547
f 1268/3662/547 1103/3600/547 1111/3604/547
f 1245/3665/547 1268/3662/547 1111/3604/547
f 1127/3611/547 1135/3615/547 1250/3664/547
f 1127/3611/547 1250/3664/547 1249/3666/547
f 1244/3667/547 1245/3665/547 1111/3604/547
f 1246/3668/547 1244/3667/547 1111/3604/547
f 1127/3611/547 1249/3666/547 1251/3669/547
f 1127/3611/547 1251/3669/547 1248/3670/547
f 1243/3671/547 1246/3668/547 1111/3604/547
f 1242/3672/547 1243/3671/547 1111/3604/547
f 1119/2146/547 1127/3611/547 1248/3670/547
f 1119/2146/547 1248/3670/547 1247/3673/547
f 1242/3672/547 1111/3604/547 1119/2146/547
f 1267/3674/547 1242/3672/547 1119/2146/547
f 1119/2146/547 1247/3673/547 1272/2147/547
f 1279/2148/547 1267/3674/547 1119/2146/547
f 1196/2149/617 1156/2280/617 1257/2150/617
f 1216/2152/618 1196/2149/618 1217/2151/618
f 1208/2154/619 1216/2152/619 1218/2153/619
f 1188/2156/620 1208/2154/620 1221/2155/620
f 1189/2158/621 1188/2156/621 1219/2157/621
f 1192/2160/622 1189/2158/622 1220/2159/622
f 1190/2162/623 1192/2160/623 1258/2161/623
f 1191/2164/649 1190/2162/649 1261/2163/649
f 1191/2166/625 1259/3675/625 1222/2167/625
f 1209/2168/626 1222/2167/626 1223/2169/626
f 1212/2170/627 1223/2169/627 1226/2171/627
f 1210/2172/628 1226/2171/628 1224/2173/628
f 1183/2174/629 1224/2173/629 1225/2175/629
f 1184/2176/630 1225/2175/630 1260/2177/630
f 1187/2178/631 1260/2177/631 1277/2179/631
f 1186/2180/632 1277/2179/632 1265/2181/632
f 1185/2182/633 1265/2181/633 1230/2183/633
f 1211/2184/634 1230/2183/634 1229/2185/634
f 1215/2186/635 1229/2185/635 1231/2187/635
f 1206/2188/636 1231/2187/636 1228/2189/636
f 1181/2190/637 1228/2189/637 1227/2191/637
f 1180/2192/638 1227/2191/638 1264/2193/638
f 1182/2194/639 1264/2193/639 1266/2195/639
f 1179/2196/640 1266/2195/640 1263/2197/640
f 1178/2199/652 1263/3676/652 1235/2200/652
f 1205/2201/642 1235/2200/642 1234/2202/642
f 1207/2203/643 1234/2202/643 1236/2204/643
f 1204/2205/644 1236/2204/644 1233/2206/644
f 1176/2207/645 1233/2206/645 1232/2208/645
f 1175/2209/646 1232/2208/646 1262/2210/646
f 1177/2211/647 1262/2210/647 1278/2212/647
f 1174/2213/648 1278/2212/648 1270/2214/648
f 1173/2215/585 1270/2214/585 1240/2216/585
f 1203/2217/586 1240/2216/586 1239/2218/586
f 1214/2219/587 1239/2218/587 1241/2220/587
f 1201/2221/588 1241/2220/588 1238/2222/588
f 1171/2223/589 1238/2222/589 1237/2224/589
f 1170/2225/590 1237/2224/590 1269/2226/590
f 1172/2227/591 1269/2226/591 1271/2228/591
f 1169/2229/653 1271/2228/653 1268/2230/653
f 1200/2232/1111 1168/3677/1111 1268/2233/1111
f 1202/2235/594 1200/2232/594 1245/2234/594
f 1199/2237/595 1202/2235/595 1244/2236/595
f 1166/2239/596 1199/2237/596 1246/2238/596
f 1165/2241/597 1166/2239/597 1243/2240/597
f 1167/2243/598 1165/2241/598 1242/2242/598
f 1164/2245/599 1167/2243/599 1267/2244/599
f 1163/2247/600 1164/2245/600 1279/2246/600
f 1198/2249/601 1163/2247/601 1272/2248/601
f 1213/2251/602 1198/2249/602 1247/2250/602
f 1193/2253/603 1213/2251/603 1248/2252/603
f 1158/2255/604 1193/2253/604 1251/2254/604
f 1159/2257/605 1158/2255/605 1249/2256/605
f 1162/2259/606 1159/2257/606 1250/2258/606
f 1160/2261/607 1162/2259/607 1273/2260/607
f 1161/2263/1112 1160/2261/1112 1276/2262/1112
f 1194/2265/654 1161/3678/654 1274/2266/654
f 1197/2268/610 1194/2265/610 1252/2267/610
f 1195/2270/611 1197/2268/611 1253/2269/611
f 1153/2272/612 1195/2270/612 1256/2271/612
f 1154/2274/613 1153/2272/613 1254/2273/613
f 1157/2276/614 1154/2274/614 1255/2275/614
f 1155/2278/615 1157/2276/615 1275/2277/615
f 1156/2280/616 1155/2278/616 1280/2279/616
f 1284/2281/655 1283/2285/655 1289/2282/655
f 1284/2281/656 1288/3679/656 1287/2284/656
f 1288/2286/580 1286/3680/580 1285/2287/580
f 1286/2289/657 1282/2301/657 1281/2290/657
f 1287/2292/547 1285/3681/547 1281/2293/547
f 1284/2295/658 1298/2317/658 1299/2296/658
f 1292/2298/659 1296/2330/659 1295/2299/659
f 1282/2301/660 1291/3682/660 1290/2302/660
f 1284/2295/1118 1292/3683/1118 1291/2303/1118
f 1281/2293/662 1290/3684/662 1289/2305/662
f 1294/2306/194 1302/3685/194 1301/2307/194
f 1290/2309/663 1294/2306/663 1293/2308/663
f 1289/2311/664 1293/3686/664 1296/2312/664
f 1291/2314/665 1295/3687/665 1294/2315/665
f 1298/2317/194 1297/2320/194 1300/2318/194
f 1286/2319/666 1288/2297/666 1299/2296/666
f 1284/2295/667 1282/2304/667 1297/2320/667
f 1286/2319/668 1300/2318/668 1297/2320/668
f 1303/2321/583 1304/3688/583 1301/2322/583
f 1293/2324/657 1301/3689/657 1304/2325/657
f 1295/2327/656 1303/3690/656 1302/2328/656
f 1296/2330/547 1304/3691/547 1303/2331/547
f 1306/2332/669 1308/2335/669 1307/2333/669
f 1308/2335/670 1310/2337/670 1309/2336/670
f 1310/2337/1119 1312/2339/1119 1311/2338/1119
f 1312/2339/672 1314/2341/672 1313/2340/672
f 1314/2341/673 1316/2343/673 1315/2342/673
f 1316/2343/1120 1318/3692/1120 1317/2344/1120
f 1317/2344/675 1318/3692/675 1320/2345/675
f 1320/2345/676 1322/2348/676 1321/2347/676
f 1322/2348/677 1324/2350/677 1323/2349/677
f 1324/2350/678 1326/2352/678 1325/2351/678
f 1326/2352/1121 1328/3693/1121 1327/2353/1121
f 1327/2353/680 1328/3693/680 1330/2354/680
f 1330/2354/681 1332/3694/681 1331/2356/681
f 1331/2356/682 1332/3694/682 1334/2357/682
f 1333/2358/683 1334/2357/683 1336/2359/683
f 1336/2359/684 1338/2362/684 1337/2361/684
f 1338/2362/685 1340/2364/685 1339/2363/685
f 1340/2364/686 1342/2366/686 1341/2365/686
f 1342/2366/1122 1344/3695/1122 1343/2367/1122
f 1343/2367/688 1344/3695/688 1346/2368/688
f 1346/2368/689 1348/2371/689 1347/2370/689
f 1348/2371/1123 1350/3696/1123 1349/2372/1123
f 1349/2372/691 1350/3696/691 1352/2373/691
f 1352/2373/692 1354/3697/692 1353/2375/692
f 1353/2375/693 1354/3697/693 1356/2376/693
f 1356/2376/694 1358/2379/694 1357/2378/694
f 1358/2379/1124 1360/3698/1124 1359/2380/1124
f 1359/2380/696 1360/3698/696 1362/2381/696
f 1362/2381/697 1364/2384/697 1363/2383/697
f 1364/2384/698 1366/3699/698 1365/2385/698
f 1308/2386/97 1369/2450/97 1371/2387/97
f 1365/2385/699 1366/3699/699 1368/2389/699
f 1368/2389/700 1306/2332/700 1305/2334/700
f 1367/2390/547 1305/2334/547 1307/2333/547
f 1307/2333/547 1309/2336/547 1311/2338/547
f 1311/2338/547 1313/2340/547 1315/2342/547
f 1315/2342/547 1317/2344/547 1319/2346/547
f 1319/2346/547 1321/2347/547 1323/2349/547
f 1323/2349/547 1325/2351/547 1327/2353/547
f 1327/2353/547 1329/2355/547 1331/2356/547
f 1331/2356/547 1333/2358/547 1335/2360/547
f 1335/2360/547 1337/2361/547 1339/2363/547
f 1339/2363/547 1341/2365/547 1343/2367/547
f 1343/2367/547 1345/2369/547 1347/2370/547
f 1347/2370/547 1349/2372/547 1351/2374/547
f 1351/2374/547 1353/2375/547 1355/2377/547
f 1355/2377/547 1357/2378/547 1359/2380/547
f 1359/2380/547 1361/2382/547 1363/2383/547
f 1363/2383/547 1365/2385/547 1367/2390/547
f 1367/2390/547 1307/2333/547 1311/2338/547
f 1311/2338/547 1315/2342/547 1319/2346/547
f 1319/2346/547 1323/2349/547 1327/2353/547
f 1327/2353/547 1331/2356/547 1335/2360/547
f 1335/2360/547 1339/2363/547 1343/2367/547
f 1343/2367/547 1347/2370/547 1351/2374/547
f 1351/2374/547 1355/2377/547 1359/2380/547
f 1359/2380/547 1363/2383/547 1367/2390/547
f 1367/2390/547 1311/2338/547 1319/2346/547
f 1319/2346/547 1327/2353/547 1335/2360/547
f 1335/2360/547 1343/2367/547 1351/2374/547
f 1351/2374/547 1359/2380/547 1367/2390/547
f 1367/2390/547 1319/2346/547 1335/2360/547
f 1372/2391/701 1371/2518/701 1403/2392/701
f 1326/2394/87 1379/2452/87 1380/2395/87
f 1344/2397/78 1388/2453/78 1389/2398/78
f 1362/2400/98 1397/3700/98 1398/2401/98
f 1318/2403/79 1375/2456/79 1376/2404/79
f 1336/2406/35 1384/2457/35 1385/2407/35
f 1354/2409/88 1393/2458/88 1394/2410/88
f 1310/2388/68 1371/2387/68 1372/2412/68
f 1328/2396/89 1380/2395/89 1381/2414/89
f 1346/2416/80 1389/3701/80 1390/2417/80
f 1364/2402/69 1398/2401/69 1399/2419/69
f 1320/2405/81 1376/2404/81 1377/2421/81
f 1338/2408/70 1385/2407/70 1386/2423/70
f 1356/2411/90 1394/2410/90 1395/2425/90
f 1312/2413/71 1372/2412/71 1373/2427/71
f 1330/2429/91 1381/3702/91 1382/2430/91
f 1348/2418/82 1390/2417/82 1391/2432/82
f 1366/2420/72 1399/2419/72 1400/2434/72
f 1322/2422/83 1377/2421/83 1378/2436/83
f 1340/2424/73 1386/2423/73 1387/2438/73
f 1358/2426/92 1395/2425/92 1396/2440/92
f 1314/2442/74 1373/3703/74 1374/2443/74
f 1332/2431/93 1382/2430/93 1383/2445/93
f 1350/2433/84 1391/2432/84 1392/2447/84
f 1306/2449/94 1370/2451/94 1369/2450/94
f 1368/2435/75 1400/2434/75 1370/2451/75
f 1324/2437/85 1378/2436/85 1379/2452/85
f 1342/2439/76 1387/2438/76 1388/2453/76
f 1360/2441/95 1396/2440/95 1397/2454/95
f 1316/2444/77 1374/2443/77 1375/2456/77
f 1334/2446/96 1383/2445/96 1384/2457/96
f 1352/2448/86 1392/2447/86 1393/2458/86
f 1406/2459/1125 1438/2551/1125 1439/2460/1125
f 1399/2462/703 1398/2519/703 1430/2463/703
f 1385/2465/704 1417/2520/704 1418/2466/704
f 1372/2391/1126 1404/2393/1126 1405/2468/1126
f 1400/2470/706 1399/2462/706 1431/2464/706
f 1386/2467/707 1418/2466/707 1419/2472/707
f 1373/2469/708 1405/2468/708 1406/2459/708
f 1400/2470/709 1432/2471/709 1402/2475/709
f 1387/2473/710 1419/2472/710 1420/2477/710
f 1375/2479/711 1374/2474/711 1406/2459/711
f 1388/2478/712 1420/2477/712 1421/2480/712
f 1376/2482/1127 1375/2479/1127 1407/2461/1127
f 1389/2481/714 1421/2480/714 1422/2484/714
f 1376/2482/1128 1408/2483/1128 1409/2486/1128
f 1391/2488/716 1390/2485/716 1422/2484/716
f 1378/2490/1129 1377/2487/1129 1409/2486/1129
f 1392/2492/1130 1391/2488/1130 1423/2489/1130
f 1378/2490/1131 1410/2491/1131 1411/2494/1131
f 1392/2492/1132 1424/2493/1132 1425/2496/1132
f 1379/2495/721 1411/2494/721 1412/2498/721
f 1394/2500/1133 1393/2497/1133 1425/2496/1133
f 1380/2499/723 1412/2498/723 1413/2502/723
f 1394/2500/1134 1426/2501/1134 1427/2504/1134
f 1381/2503/725 1413/2502/725 1414/2506/725
f 1395/2505/726 1427/2504/726 1428/2508/726
f 1383/2510/727 1382/2507/727 1414/2506/727
f 1370/2476/728 1402/2475/728 1401/2512/728
f 1396/2509/729 1428/2508/729 1429/2514/729
f 1384/2516/730 1383/2510/730 1415/2511/730
f 1369/2513/731 1401/2512/731 1403/2392/731
f 1397/2515/732 1429/2514/732 1430/2463/732
f 1384/2516/733 1416/2517/733 1417/2520/733
f 1441/2521/734 1473/2584/734 1474/2522/734
f 1420/2477/735 1452/2552/735 1453/2524/735
f 1407/2461/1135 1439/2460/1135 1440/2525/1135
f 1421/2480/737 1453/2524/737 1454/2526/737
f 1408/2483/738 1440/2525/738 1441/2521/738
f 1422/2484/1136 1454/2526/1136 1455/2527/1136
f 1409/2486/740 1441/2521/740 1442/2523/740
f 1423/2489/1137 1455/2527/1137 1456/2528/1137
f 1410/2491/1138 1442/2523/1138 1443/2529/1138
f 1424/2493/743 1456/2528/743 1457/2530/743
f 1411/2494/744 1443/2529/744 1444/2531/744
f 1425/2496/745 1457/2530/745 1458/2532/745
f 1412/2498/746 1444/2531/746 1445/2533/746
f 1426/2501/1139 1458/2532/1139 1459/2534/1139
f 1413/2502/748 1445/2533/748 1446/2535/748
f 1427/2504/749 1459/2534/749 1460/2536/749
f 1414/2506/750 1446/2535/750 1447/2537/750
f 1401/2512/751 1402/2475/751 1434/2538/751
f 1428/2508/752 1460/2536/752 1461/2540/752
f 1415/2511/753 1447/2537/753 1448/2541/753
f 1401/2512/754 1433/2539/754 1435/2542/754
f 1429/2514/755 1461/2540/755 1462/2543/755
f 1416/2517/756 1448/2541/756 1449/2544/756
f 1403/2392/757 1435/2542/757 1436/2545/757
f 1430/2463/758 1462/2543/758 1463/2546/758
f 1418/2466/759 1417/2520/759 1449/2544/759
f 1404/2393/760 1436/2545/760 1437/2548/760
f 1431/2464/761 1463/2546/761 1464/2549/761
f 1418/2466/762 1450/2547/762 1451/2550/762
f 1405/2468/763 1437/2548/763 1438/2551/763
f 1432/2471/764 1464/2549/764 1434/2538/764
f 1419/2472/765 1451/2550/765 1452/2552/765
f 1476/2553/766 1508/2615/766 1509/2554/766
f 1456/2528/767 1455/2527/767 1487/2556/767
f 1442/2523/768 1474/2522/768 1475/2558/768
f 1457/2530/769 1456/2528/769 1488/2557/769
f 1443/2529/770 1475/2558/770 1476/2553/770
f 1457/2530/771 1489/2559/771 1490/2560/771
f 1444/2531/772 1476/2553/772 1477/2555/772
f 1458/2532/773 1490/2560/773 1491/2561/773
f 1446/2535/774 1445/2533/774 1477/2555/774
f 1460/2536/775 1459/2534/775 1491/2561/775
f 1447/2537/776 1446/2535/776 1478/2562/776
f 1434/2538/1140 1466/2578/1140 1465/2565/1140
f 1460/2536/778 1492/2563/778 1493/2566/778
f 1447/2537/779 1479/2564/779 1480/2567/779
f 1433/2539/780 1465/2565/780 1467/2568/780
f 1462/2543/781 1461/2540/781 1493/2566/781
f 1448/2541/1141 1480/2567/1141 1481/2570/1141
f 1435/2542/783 1467/2568/783 1468/2571/783
f 1462/2543/784 1494/2569/784 1495/2572/784
f 1449/2544/1142 1481/2570/1142 1482/2573/1142
f 1436/2545/786 1468/2571/786 1469/2574/786
f 1463/2546/787 1495/2572/787 1496/2575/787
f 1450/2547/788 1482/2573/788 1483/2576/788
f 1437/2548/789 1469/2574/789 1470/2577/789
f 1434/2538/1143 1464/2549/1143 1496/2575/1143
f 1452/2552/791 1451/2550/791 1483/2576/791
f 1438/2551/792 1470/2577/792 1471/2580/792
f 1453/2524/793 1452/2552/793 1484/2579/793
f 1439/2460/794 1471/2580/794 1472/2582/794
f 1454/2526/795 1453/2524/795 1485/2581/795
f 1440/2525/796 1472/2582/796 1473/2584/796
f 1454/2526/797 1486/2583/797 1487/2556/797
f 1511/2585/1144 1543/2648/1144 1544/2586/1144
f 1490/2560/799 1522/2616/799 1523/2588/799
f 1478/2562/800 1477/2555/800 1509/2554/800
f 1491/2561/801 1523/2588/801 1524/2590/801
f 1479/2564/1145 1478/2562/1145 1510/2589/1145
f 1466/2578/803 1498/2603/803 1497/2591/803
f 1492/2563/804 1524/2590/804 1525/2592/804
f 1479/2564/805 1511/2585/805 1512/2587/805
f 1465/2565/806 1497/2591/806 1499/2593/806
f 1494/2569/807 1493/2566/807 1525/2592/807
f 1481/2570/808 1480/2567/808 1512/2587/808
f 1467/2568/1146 1499/2593/1146 1500/2596/1146
f 1494/2569/1147 1526/2594/1147 1527/2597/1147
f 1481/2570/811 1513/2595/811 1514/2598/811
f 1468/2571/812 1500/2596/812 1501/2599/812
f 1495/2572/813 1527/2597/813 1528/2600/813
f 1483/2576/814 1482/2573/814 1514/2598/814
f 1470/2577/815 1469/2574/815 1501/2599/815
f 1496/2575/816 1528/2600/816 1498/2603/816
f 1484/2579/1148 1483/2576/1148 1515/2601/1148
f 1470/2577/818 1502/2602/818 1503/2605/818
f 1484/2579/819 1516/2604/819 1517/2606/819
f 1471/2580/1149 1503/2605/1149 1504/2607/1149
f 1485/2581/821 1517/2606/821 1518/2608/821
f 1473/2584/822 1472/2582/822 1504/2607/822
f 1487/2556/823 1486/2583/823 1518/2608/823
f 1473/2584/824 1505/2609/824 1506/2611/824
f 1488/2557/825 1487/2556/825 1519/2610/825
f 1475/2558/1150 1474/2522/1150 1506/2611/1150
f 1488/2557/1151 1520/2612/1151 1521/2614/1151
f 1475/2558/828 1507/2613/828 1508/2615/828
f 1490/2560/829 1489/2559/829 1521/2614/829
f 1546/2617/1152 1578/2681/1152 1579/2618/1152
f 1499/2593/1153 1497/2591/1153 1529/2620/1153
f 1526/2594/1154 1525/2592/1154 1557/2622/1154
f 1513/2595/1155 1512/2587/1155 1544/2586/1155
f 1499/2593/1156 1531/2621/1156 1532/2625/1156
f 1527/2597/1157 1526/2594/1157 1558/2623/1157
f 1513/2595/1158 1545/2624/1158 1546/2617/1158
f 1500/2596/1159 1532/2625/1159 1533/2627/1159
f 1528/2600/1160 1527/2597/1160 1559/2626/1160
f 1514/2598/1161 1546/2617/1161 1547/2619/1161
f 1502/2602/840 1501/2599/840 1533/2627/840
f 1498/2603/1162 1528/2600/1162 1560/2628/1162
f 1515/2601/1163 1547/2619/1163 1548/2631/1163
f 1502/2602/843 1534/2629/843 1535/2632/843
f 1516/2604/1164 1548/2631/1164 1549/2633/1164
f 1503/2605/1165 1535/2632/1165 1536/2634/1165
f 1517/2606/846 1549/2633/846 1550/2635/846
f 1504/2607/847 1536/2634/847 1537/2636/847
f 1518/2608/848 1550/2635/848 1551/2637/848
f 1505/2609/849 1537/2636/849 1538/2638/849
f 1520/2612/1166 1519/2610/1166 1551/2637/1166
f 1507/2613/1167 1506/2611/1167 1538/2638/1167
f 1521/2614/852 1520/2612/852 1552/2639/852
f 1507/2613/853 1539/2640/853 1540/2642/853
f 1521/2614/1168 1553/2641/1168 1554/2643/1168
f 1508/2615/855 1540/2642/855 1541/2644/855
f 1522/2616/1169 1554/2643/1169 1555/2645/1169
f 1510/2589/1170 1509/2554/1170 1541/2644/1170
f 1523/2588/858 1555/2645/858 1556/2647/858
f 1511/2585/1171 1510/2589/1171 1542/2646/1171
f 1498/2603/1172 1530/2630/1172 1529/2620/1172
f 1524/2590/861 1556/2647/861 1557/2622/861
f 1581/2649/80 1613/3704/80 1614/2650/80
f 1534/2629/862 1533/2627/862 1565/2652/862
f 1560/2628/1173 1592/2682/1173 1562/2654/1173
f 1547/2619/1174 1579/2618/1174 1580/2655/1174
f 1534/2629/865 1566/2653/865 1567/2656/865
f 1548/2631/866 1580/2655/866 1581/2657/866
f 1535/2632/867 1567/2656/867 1568/2658/867
f 1549/2633/1175 1581/2657/1175 1582/2659/1175
f 1536/2634/869 1568/2658/869 1569/2660/869
f 1550/2635/870 1582/2659/870 1583/2661/870
f 1537/2636/871 1569/2660/871 1570/2662/871
f 1552/2639/872 1551/2637/872 1583/2661/872
f 1539/2640/873 1538/2638/873 1570/2662/873
f 1552/2639/874 1584/2663/874 1585/2665/874
f 1540/2642/875 1539/2640/875 1571/2664/875
f 1553/2641/876 1585/2665/876 1586/2667/876
f 1540/2642/877 1572/2666/877 1573/2668/877
f 1554/2643/878 1586/2667/878 1587/2669/878
f 1542/2646/879 1541/2644/879 1573/2668/879
f 1556/2647/880 1555/2645/880 1587/2669/880
f 1542/2646/1176 1574/2670/1176 1575/2672/1176
f 1530/2630/1177 1562/2654/1177 1561/2673/1177
f 1556/2647/883 1588/2671/883 1589/2674/883
f 1543/2648/1178 1575/2672/1178 1576/2675/1178
f 1531/2621/1179 1529/2620/1179 1561/2673/1179
f 1558/2623/886 1557/2622/886 1589/2674/886
f 1544/2586/1180 1576/2675/1180 1577/2678/1180
f 1532/2625/1181 1531/2621/1181 1563/2676/1181
f 1558/2623/1182 1590/2677/1182 1591/2680/1182
f 1545/2624/1183 1577/2678/1183 1578/2681/1183
f 1532/2625/891 1564/2679/891 1565/2652/891
f 1559/2626/1184 1591/2680/1184 1592/2682/1184
f 1616/2683/893 1648/2813/893 1649/2684/893
f 1568/2686/81 1600/2750/81 1601/2687/81
f 1582/2651/82 1614/2650/82 1615/2689/82
f 1569/2688/83 1601/2687/83 1602/2691/83
f 1583/2690/84 1615/2689/84 1616/2693/84
f 1570/2692/85 1602/2691/85 1603/2695/85
f 1584/2694/86 1616/2693/86 1617/2697/86
f 1572/2699/87 1571/2696/87 1603/2695/87
f 1585/2698/88 1617/2697/88 1618/2701/88
f 1572/2699/89 1604/2700/89 1605/2703/89
f 1586/2702/90 1618/2701/90 1619/2705/90
f 1573/2707/91 1605/3705/91 1606/2708/91
f 1587/2706/92 1619/2705/92 1620/2710/92
f 1574/2709/93 1606/2708/93 1607/2712/93
f 1562/2714/94 1594/2743/94 1593/2715/94
f 1588/2711/95 1620/2710/95 1621/2717/95
f 1575/2713/96 1607/2712/96 1608/2719/96
f 1561/2716/97 1593/2715/97 1595/2721/97
f 1589/2723/98 1621/3706/98 1622/2724/98
f 1576/2720/35 1608/2719/35 1609/2726/35
f 1563/2722/68 1595/2721/68 1596/2728/68
f 1590/2725/69 1622/2724/69 1623/2730/69
f 1577/2727/70 1609/2726/70 1610/2732/70
f 1564/2729/71 1596/2728/71 1597/2734/71
f 1591/2731/72 1623/2730/72 1624/2736/72
f 1578/2733/73 1610/2732/73 1611/2738/73
f 1565/2740/74 1597/3707/74 1598/2741/74
f 1592/2737/75 1624/2736/75 1594/2743/75
f 1579/2739/76 1611/2738/76 1612/2744/76
f 1566/2742/77 1598/2741/77 1599/2746/77
f 1580/2745/78 1612/2744/78 1613/2748/78
f 1567/2747/79 1599/2746/79 1600/2750/79
f 1651/2751/894 1683/2878/894 1684/2752/894
f 1603/2754/1185 1635/2814/1185 1636/2755/1185
f 1617/2685/1186 1649/2684/1186 1650/2757/1186
f 1605/2759/897 1604/2756/897 1636/2755/897
f 1619/2761/898 1618/2758/898 1650/2757/898
f 1605/2759/899 1637/2760/899 1638/2763/899
f 1619/2761/1187 1651/2762/1187 1652/2765/1187
f 1606/2764/1188 1638/2763/1188 1639/2767/1188
f 1593/2769/902 1594/2796/902 1626/2770/902
f 1621/2772/903 1620/2766/903 1652/2765/903
f 1608/2774/904 1607/2768/904 1639/2767/904
f 1593/2769/905 1625/2771/905 1627/2776/905
f 1621/2772/906 1653/2773/906 1654/2778/906
f 1608/2774/907 1640/2775/907 1641/2780/907
f 1596/2782/1189 1595/2777/1189 1627/2776/1189
f 1622/2779/1190 1654/2778/1190 1655/2784/1190
f 1609/2781/910 1641/2780/910 1642/2786/910
f 1597/2788/911 1596/2782/911 1628/2783/911
f 1624/2790/912 1623/2785/912 1655/2784/912
f 1610/2787/913 1642/2786/913 1643/2792/913
f 1597/2788/914 1629/2789/914 1630/2794/914
f 1594/2796/915 1624/2790/915 1656/2791/915
f 1611/2793/916 1643/2792/916 1644/2797/916
f 1599/2799/1191 1598/2795/1191 1630/2794/1191
f 1613/2801/918 1612/2798/918 1644/2797/918
f 1600/2803/1192 1599/2799/1192 1631/2800/1192
f 1613/2801/920 1645/2802/920 1646/2805/920
f 1600/2803/1193 1632/2804/1193 1633/2807/1193
f 1615/2809/922 1614/2806/922 1646/2805/922
f 1601/2808/923 1633/2807/923 1634/2811/923
f 1615/2809/1194 1647/2810/1194 1648/2813/1194
f 1602/2812/1195 1634/2811/1195 1635/2814/1195
f 1686/2815/1196 1718/2917/1196 1719/2816/1196
f 1638/2818/927 1670/2880/927 1671/2819/927
f 1626/2821/928 1658/2848/928 1657/2822/928
f 1652/2753/929 1684/2752/929 1685/2824/929
f 1640/2826/1197 1639/2820/1197 1671/2819/1197
f 1625/2823/1198 1657/2822/1198 1659/2828/1198
f 1653/2830/932 1685/2916/932 1686/2815/932
f 1640/2826/1199 1672/2827/1199 1673/2832/1199
f 1627/2829/934 1659/2828/934 1660/2834/934
f 1655/2836/935 1654/2831/935 1686/2815/935
f 1641/2833/936 1673/2832/936 1674/2837/936
f 1629/2839/937 1628/2835/937 1660/2834/937
f 1655/2836/1200 1687/2817/1200 1688/2841/1200
f 1642/2838/1201 1674/2837/1201 1675/2843/1201
f 1629/2845/940 1661/3708/940 1662/2846/940
f 1656/2842/1202 1688/2841/1202 1658/2848/1202
f 1643/2844/942 1675/2843/942 1676/2849/942
f 1630/2847/943 1662/2846/943 1663/2851/943
f 1645/2853/944 1644/2850/944 1676/2849/944
f 1632/2855/945 1631/2852/945 1663/2851/945
f 1645/2857/946 1677/3709/946 1678/2858/946
f 1632/2855/947 1664/2856/947 1665/2860/947
f 1646/2859/948 1678/2858/948 1679/2862/948
f 1634/2864/949 1633/2861/949 1665/2860/949
f 1647/2863/1203 1679/2862/1203 1680/2866/1203
f 1634/2864/951 1666/2865/951 1667/2868/951
f 1648/2867/952 1680/2866/952 1681/2870/952
f 1635/2869/953 1667/2868/953 1668/2872/953
f 1649/2871/954 1681/2870/954 1682/2874/954
f 1637/2876/955 1636/2873/955 1668/2872/955
f 1651/2751/956 1650/2875/956 1682/2874/956
f 1637/2879/957 1669/3710/957 1670/2880/957
f 1708/2881/1204 1740/2981/1204 1741/2882/1204
f 1674/2837/959 1673/2832/959 1705/2884/959
f 1660/2834/960 1692/2918/960 1693/2886/960
f 1687/2817/961 1719/2816/961 1720/2887/961
f 1675/2843/962 1674/2837/962 1706/2885/962
f 1662/2846/963 1661/3708/963 1693/2889/963
f 1688/2841/964 1720/2887/964 1690/2891/964
f 1676/2849/1205 1675/2843/1205 1707/2888/1205
f 1662/2846/1206 1694/2890/1206 1695/2893/1206
f 1677/2854/1207 1676/2849/1207 1708/2892/1207
f 1663/2851/968 1695/2893/968 1696/2895/968
f 1678/2858/969 1677/3709/969 1709/2896/969
f 1664/2856/970 1696/2895/970 1697/2898/970
f 1679/2862/1208 1678/2858/1208 1710/2897/1208
f 1665/2860/972 1697/2898/972 1698/2900/972
f 1680/2866/973 1679/2862/973 1711/2899/973
f 1667/2868/974 1666/2865/974 1698/2900/974
f 1681/2870/975 1680/2866/975 1712/2901/975
f 1668/2872/1209 1667/2868/1209 1699/2902/1209
f 1681/2870/977 1713/2903/977 1714/2905/977
f 1668/2872/978 1700/2904/978 1701/2906/978
f 1682/2874/979 1714/2905/979 1715/2907/979
f 1670/2880/980 1669/3710/980 1701/2908/980
f 1683/2878/1210 1715/2907/1210 1716/2910/1210
f 1671/2819/982 1670/2880/982 1702/2909/982
f 1658/2848/983 1690/2891/983 1689/2912/983
f 1684/2752/984 1716/2910/984 1717/2913/984
f 1672/2827/985 1671/2819/985 1703/2911/985
f 1657/2822/986 1689/2912/986 1691/2915/986
f 1685/2916/1211 1717/3711/1211 1718/2917/1211
f 1673/2832/988 1672/2827/988 1704/2914/988
f 1659/2828/989 1691/2915/989 1692/2918/989
f 1743/2919/84 1775/3047/84 1776/2920/84
f 1695/2922/1212 1727/2982/1212 1728/2923/1212
f 1710/2925/991 1709/2883/991 1741/2882/991
f 1696/2924/992 1728/2923/992 1729/2927/992
f 1710/2925/993 1742/2926/993 1743/2929/993
f 1698/2931/994 1697/2928/994 1729/2927/994
f 1712/2933/995 1711/2930/995 1743/2929/995
f 1699/2935/1213 1698/2931/1213 1730/2932/1213
f 1713/2937/997 1712/2933/997 1744/2934/997
f 1699/2935/998 1731/2936/998 1732/2939/998
f 1713/2937/999 1745/2938/999 1746/2941/999
f 1700/2940/1000 1732/2939/1000 1733/2943/1000
f 1714/2942/1001 1746/2941/1001 1747/2945/1001
f 1702/2947/1214 1701/2944/1214 1733/2943/1214
f 1716/2949/1003 1715/2946/1003 1747/2945/1003
f 1702/2947/1215 1734/2948/1215 1735/2951/1215
f 1689/2953/1005 1690/2980/1005 1722/2954/1005
f 1716/2949/1006 1748/2950/1006 1749/2956/1006
f 1703/2952/1007 1735/2951/1007 1736/2958/1007
f 1691/2960/1008 1689/2953/1008 1721/2955/1008
f 1718/2962/1216 1717/2957/1216 1749/2956/1216
f 1704/2959/1010 1736/2958/1010 1737/2964/1010
f 1691/2960/1011 1723/2961/1011 1724/2966/1011
f 1719/2968/1012 1718/2962/1012 1750/2963/1012
f 1705/2965/1013 1737/2964/1013 1738/2970/1013
f 1692/2967/1217 1724/2966/1217 1725/2972/1217
f 1719/2968/1015 1751/2969/1015 1752/2974/1015
f 1706/2971/1016 1738/2970/1016 1739/2976/1016
f 1694/2978/1017 1693/2973/1017 1725/2972/1017
f 1720/2975/1018 1752/2974/1018 1722/2954/1018
f 1707/2977/1019 1739/2976/1019 1740/2981/1019
f 1694/2978/1020 1726/2979/1020 1727/2982/1020
f 1778/2983/1021 1810/3099/1021 1811/2984/1021
f 1730/2986/85 1762/3048/85 1763/2987/85
f 1744/2921/86 1776/2920/86 1777/2989/86
f 1731/2988/87 1763/2987/87 1764/2991/87
f 1745/2990/88 1777/2989/88 1778/2983/88
f 1732/2992/89 1764/2991/89 1765/2994/89
f 1746/2993/90 1778/2983/90 1779/2985/90
f 1734/2997/91 1733/3712/91 1765/2998/91
f 1747/2996/92 1779/2985/92 1780/3000/92
f 1735/3002/93 1734/2997/93 1766/2999/93
f 1722/3004/94 1754/3033/94 1753/3005/94
f 1748/3001/95 1780/3000/95 1781/3007/95
f 1736/3009/96 1735/3002/96 1767/3003/96
f 1721/3006/97 1753/3005/97 1755/3011/97
f 1749/3013/98 1781/3713/98 1782/3014/98
f 1736/3009/35 1768/3010/35 1769/3016/35
f 1723/3012/68 1755/3011/68 1756/3018/68
f 1750/3015/69 1782/3014/69 1783/3020/69
f 1737/3017/70 1769/3016/70 1770/3022/70
f 1724/3019/71 1756/3018/71 1757/3024/71
f 1751/3021/72 1783/3020/72 1784/3026/72
f 1738/3023/73 1770/3022/73 1771/3028/73
f 1725/3030/74 1757/3714/74 1758/3031/74
f 1752/3027/75 1784/3026/75 1754/3033/75
f 1739/3029/76 1771/3028/76 1772/3034/76
f 1726/3032/77 1758/3031/77 1759/3036/77
f 1740/3035/78 1772/3034/78 1773/3038/78
f 1727/3037/79 1759/3036/79 1760/3040/79
f 1741/3042/80 1773/3715/80 1774/3043/80
f 1728/3041/81 1760/3040/81 1761/3045/81
f 1742/3044/82 1774/3043/82 1775/3047/82
f 1729/3046/83 1761/3045/83 1762/3048/83
f 1785/3049/1022 1817/3148/1022 1819/3050/1022
f 1766/3052/1023 1765/3101/1023 1797/3053/1023
f 1780/3055/1024 1779/3716/1024 1811/3056/1024
f 1766/3052/1025 1798/3054/1025 1799/3058/1025
f 1753/3005/1026 1754/3033/1026 1786/3060/1026
f 1781/3061/1027 1780/3055/1027 1812/3057/1027
f 1767/3003/1028 1799/3147/1028 1800/3063/1028
f 1755/3011/1029 1753/3005/1029 1785/3049/1029
f 1782/3064/1030 1781/3061/1030 1813/3062/1030
f 1768/3010/1031 1800/3063/1031 1801/3066/1031
f 1756/3067/1032 1755/3717/1032 1787/3068/1032
f 1783/3070/1033 1782/3064/1033 1814/3065/1033
f 1769/3016/1034 1801/3066/1034 1802/3072/1034
f 1756/3067/1035 1788/3069/1035 1789/3073/1035
f 1784/3026/1036 1783/3020/1036 1815/3075/1036
f 1770/3022/1037 1802/3072/1037 1803/3077/1037
f 1758/3078/1038 1757/3074/1038 1789/3073/1038
f 1754/3033/1039 1784/3026/1039 1816/3076/1039
f 1771/3080/1040 1803/3718/1040 1804/3081/1040
f 1759/3036/1041 1758/3031/1041 1790/3083/1041
f 1772/3082/1042 1804/3081/1042 1805/3085/1042
f 1759/3036/1043 1791/3084/1043 1792/3087/1043
f 1773/3086/1044 1805/3085/1044 1806/3088/1044
f 1761/3045/1045 1760/3040/1045 1792/3087/1045
f 1774/3089/1046 1806/3088/1046 1807/3091/1046
f 1761/3045/1047 1793/3090/1047 1794/3093/1047
f 1776/2920/1048 1775/3047/1048 1807/3094/1048
f 1763/2987/1049 1762/3048/1049 1794/3093/1049
f 1776/2920/1050 1808/3095/1050 1809/3097/1050
f 1763/2987/1051 1795/3096/1051 1796/3098/1051
f 1777/2989/1052 1809/3097/1052 1810/3099/1052
f 1764/3100/1053 1796/3719/1053 1797/3053/1053
f 1819/3104/194 1817/3720/194 1818/3721/194
f 1818/3721/194 1848/3722/194 1847/3723/194
f 1847/3723/1218 1846/3724/1218 1845/3725/1218
f 1845/3725/194 1844/3726/194 1843/3727/194
f 1843/3727/1219 1842/3728/1219 1841/3729/1219
f 1841/3729/1220 1840/3730/1220 1839/3731/1220
f 1839/3731/1219 1838/3732/1219 1837/3733/1219
f 1837/3733/1218 1836/3734/1218 1835/3102/1218
f 1835/3102/194 1834/3735/194 1833/3736/194
f 1833/3736/194 1832/3737/194 1831/3738/194
f 1831/3738/1221 1830/3739/1221 1829/3740/1221
f 1829/3740/1220 1828/3741/1220 1827/3103/1220
f 1827/3103/1219 1826/3742/1219 1825/3743/1219
f 1825/3743/1220 1824/3744/1220 1823/3745/1220
f 1823/3745/1218 1822/3746/1218 1821/3747/1218
f 1821/3747/1221 1820/3748/1221 1819/3104/1221
f 1819/3104/194 1818/3721/194 1847/3723/194
f 1847/3723/194 1845/3725/194 1843/3727/194
f 1843/3727/1222 1841/3729/1222 1839/3731/1222
f 1839/3731/194 1837/3733/194 1835/3102/194
f 1835/3102/194 1833/3736/194 1831/3738/194
f 1831/3738/194 1829/3740/194 1827/3103/194
f 1827/3103/1223 1825/3743/1223 1823/3745/1223
f 1823/3745/194 1821/3747/194 1819/3104/194
f 1819/3104/194 1847/3723/194 1843/3727/194
f 1843/3727/1224 1839/3731/1224 1835/3102/1224
f 1835/3102/194 1831/3738/194 1827/3103/194
f 1827/3103/1114 1823/3745/1114 1819/3104/1114
f 1819/3104/1115 1843/3727/1115 1835/3102/1115
f 1813/3105/1054 1845/3749/1054 1846/3106/1054
f 1801/3066/1055 1800/3063/1055 1832/3108/1055
f 1787/3051/1056 1819/3050/1056 1820/3110/1056
f 1814/3107/1057 1846/3106/1057 1847/3112/1057
f 1801/3066/1058 1833/3109/1058 1834/3113/1058
f 1788/3111/1059 1820/3110/1059 1821/3114/1059
f 1815/3075/1060 1847/3112/1060 1848/3116/1060
f 1803/3077/1061 1802/3072/1061 1834/3113/1061
f 1789/3118/1062 1821/3750/1062 1822/3119/1062
f 1816/3076/1063 1848/3116/1063 1818/3120/1063
f 1803/3077/1064 1835/3117/1064 1836/3121/1064
f 1790/3083/1065 1822/3119/1065 1823/3123/1065
f 1804/3122/1066 1836/3121/1066 1837/3124/1066
f 1791/3084/1067 1823/3123/1067 1824/3126/1067
f 1805/3127/1068 1837/3751/1068 1838/3128/1068
f 1792/3087/1069 1824/3126/1069 1825/3130/1069
f 1806/3129/1070 1838/3128/1070 1839/3131/1070
f 1793/3090/1071 1825/3130/1071 1826/3132/1071
f 1807/3094/1072 1839/3131/1072 1840/3133/1072
f 1794/3093/1073 1826/3132/1073 1827/3134/1073
f 1808/3095/1074 1840/3133/1074 1841/3135/1074
f 1795/3096/1075 1827/3134/1075 1828/3136/1075
f 1809/3097/1076 1841/3135/1076 1842/3137/1076
f 1796/3098/1077 1828/3136/1077 1829/3138/1077
f 1810/3099/1078 1842/3137/1078 1843/3140/1078
f 1797/3141/1079 1829/3752/1079 1830/3142/1079
f 1811/2984/1080 1843/3140/1080 1844/3144/1080
f 1798/3143/1081 1830/3142/1081 1831/3146/1081
f 1786/3060/1082 1818/3120/1082 1817/3148/1082
f 1812/3145/1083 1844/3144/1083 1845/3149/1083
f 1800/3063/1084 1799/3147/1084 1831/3146/1084
o Cylinder.001
v 0.000000 45.251381 -3.064432
v 0.000000 52.880333 -3.064432
v 1.172707 45.251381 -2.831166
v 1.172707 52.880333 -2.831166
v 2.166880 45.251381 -2.166880
v 2.166880 52.880333 -2.166880
v 2.831166 45.251381 -1.172707
v 2.831166 52.880333 -1.172707
v 3.064432 45.251381 0.000000
v 3.064432 52.880333 0.000000
v 2.831166 45.251381 1.172707
v 2.831166 52.880333 1.172707
v 2.166880 45.251381 2.166880
v 2.166880 52.880333 2.166880
v 1.172707 45.251381 2.831166
v 1.172707 52.880333 2.831166
v 0.000000 45.251381 3.064432
v 0.000000 52.880333 3.064432
v -1.172707 45.251381 2.831166
v -1.172707 52.880333 2.831166
v -2.166880 45.251381 2.166880
v -2.166880 52.880333 2.166880
v -2.831166 45.251381 1.172707
v -2.831166 52.880333 1.172707
v -3.064432 45.251381 0.000000
v -3.064432 52.880333 0.000000
v -2.831166 45.251381 -1.172707
v -2.831166 52.880333 -1.172707
v -2.166880 45.251381 -2.166880
v -2.166880 52.880333 -2.166880
v -1.172707 45.251381 -2.831166
v -1.172707 52.880333 -2.831166
vn 0.1951 -0.0000 -0.9808
vn 0.5556 -0.0000 -0.8315
vn 0.8315 -0.0000 -0.5556
vn 0.9808 -0.0000 -0.1951
vn 0.9808 -0.0000 0.1951
vn 0.8315 -0.0000 0.5556
vn 0.5556 -0.0000 0.8315
vn 0.1951 -0.0000 0.9808
vn -0.1951 -0.0000 0.9808
vn -0.5556 -0.0000 0.8315
vn -0.8315 -0.0000 0.5556
vn -0.9808 -0.0000 0.1951
vn -0.9808 -0.0000 -0.1951
vn -0.8315 -0.0000 -0.5556
vn -0.0000 1.0000 -0.0000
vn -0.5556 -0.0000 -0.8315
vn -0.1951 -0.0000 -0.9808
vn -0.0000 -1.0000 -0.0000
vt 0.641409 0.194965
vt 0.677091 0.377863
vt 0.641409 0.377863
vt 0.677091 0.194965
vt 0.710057 0.377863
vt 0.197117 0.576558
vt 0.222348 0.759456
vt 0.197117 0.759456
vt 0.222348 0.576558
vt 0.255314 0.759456
vt 0.255314 0.576558
vt 0.290995 0.759456
vt 0.290995 0.576558
vt 0.323961 0.759456
vt 0.006492 0.583214
vt 0.039457 0.766112
vt 0.006492 0.766112
vt 0.039457 0.583214
vt 0.075139 0.766112
vt 0.075139 0.583214
vt 0.108104 0.766112
vt 0.108104 0.583214
vt 0.133335 0.766112
vt 0.723040 0.194965
vt 0.756005 0.377863
vt 0.723040 0.377863
vt 0.756005 0.194965
vt 0.791687 0.377863
vt 0.791687 0.194965
vt 0.824653 0.377863
vt 0.824653 0.194965
vt 0.849883 0.377863
vt 0.146990 0.213875
vt 0.172221 0.340719
vt 0.045377 0.365950
vt 0.583213 0.194965
vt 0.608444 0.377863
vt 0.583213 0.377863
vt 0.608444 0.194965
vt 0.365949 0.239106
vt 0.340719 0.365950
vt 0.213875 0.340719
vt 0.710057 0.194965
vt 0.323961 0.576558
vt 0.133335 0.583214
vt 0.849883 0.194965
vt 0.020146 0.340719
vt 0.006492 0.307753
vt 0.006492 0.272072
vt 0.020146 0.239106
vt 0.045377 0.213875
vt 0.078343 0.200220
vt 0.114024 0.200220
vt 0.172221 0.239106
vt 0.185876 0.272072
vt 0.185876 0.307753
vt 0.146990 0.365950
vt 0.114024 0.379604
vt 0.078343 0.379604
vt 0.200220 0.307753
vt 0.200220 0.272072
vt 0.213875 0.239106
vt 0.239106 0.213875
vt 0.272071 0.200220
vt 0.307753 0.200220
vt 0.340719 0.213875
vt 0.379604 0.272072
vt 0.379604 0.307753
vt 0.365949 0.340719
vt 0.307753 0.379604
vt 0.272071 0.379604
vt 0.239106 0.365950
s 0
usemtl Material.002
f 1850/3753/1225 1851/3754/1225 1849/3755/1225
f 1852/3756/1226 1853/3757/1226 1851/3754/1226
f 1854/3758/1227 1855/3759/1227 1853/3760/1227
f 1856/3761/1228 1857/3762/1228 1855/3759/1228
f 1858/3763/1229 1859/3764/1229 1857/3762/1229
f 1860/3765/1230 1861/3766/1230 1859/3764/1230
f 1862/3767/1231 1863/3768/1231 1861/3769/1231
f 1864/3770/1232 1865/3771/1232 1863/3768/1232
f 1866/3772/1233 1867/3773/1233 1865/3771/1233
f 1868/3774/1234 1869/3775/1234 1867/3773/1234
f 1870/3776/1235 1871/3777/1235 1869/3778/1235
f 1872/3779/1236 1873/3780/1236 1871/3777/1236
f 1874/3781/1237 1875/3782/1237 1873/3780/1237
f 1876/3783/1238 1877/3784/1238 1875/3782/1238
f 1870/3785/1239 1862/3786/1239 1854/3787/1239
f 1878/3788/1240 1879/3789/1240 1877/3790/1240
f 1880/3791/1241 1849/3755/1241 1879/3789/1241
f 1863/3792/1242 1871/3793/1242 1879/3794/1242
f 1850/3753/1225 1852/3756/1225 1851/3754/1225
f 1852/3756/1226 1854/3795/1226 1853/3757/1226
f 1854/3758/1227 1856/3761/1227 1855/3759/1227
f 1856/3761/1228 1858/3763/1228 1857/3762/1228
f 1858/3763/1229 1860/3765/1229 1859/3764/1229
f 1860/3765/1230 1862/3796/1230 1861/3766/1230
f 1862/3767/1231 1864/3770/1231 1863/3768/1231
f 1864/3770/1232 1866/3772/1232 1865/3771/1232
f 1866/3772/1233 1868/3774/1233 1867/3773/1233
f 1868/3774/1234 1870/3797/1234 1869/3775/1234
f 1870/3776/1235 1872/3779/1235 1871/3777/1235
f 1872/3779/1236 1874/3781/1236 1873/3780/1236
f 1874/3781/1237 1876/3783/1237 1875/3782/1237
f 1876/3783/1238 1878/3798/1238 1877/3784/1238
f 1854/3787/1239 1852/3799/1239 1850/3800/1239
f 1850/3800/1239 1880/3801/1239 1878/3802/1239
f 1878/3802/1239 1876/3803/1239 1874/3804/1239
f 1874/3804/1239 1872/3805/1239 1870/3785/1239
f 1870/3785/1239 1868/3806/1239 1866/3807/1239
f 1866/3807/1239 1864/3808/1239 1862/3786/1239
f 1862/3786/1239 1860/3809/1239 1858/3810/1239
f 1858/3810/1239 1856/3811/1239 1854/3787/1239
f 1854/3787/1239 1850/3800/1239 1878/3802/1239
f 1878/3802/1239 1874/3804/1239 1870/3785/1239
f 1870/3785/1239 1866/3807/1239 1862/3786/1239
f 1862/3786/1239 1858/3810/1239 1854/3787/1239
f 1854/3787/1239 1878/3802/1239 1870/3785/1239
f 1878/3788/1240 1880/3791/1240 1879/3789/1240
f 1880/3791/1241 1850/3753/1241 1849/3755/1241
f 1879/3794/1242 1849/3812/1242 1851/3813/1242
f 1851/3813/1242 1853/3814/1242 1855/3815/1242
f 1855/3815/1242 1857/3816/1242 1859/3817/1242
f 1859/3817/1242 1861/3818/1242 1863/3792/1242
f 1863/3792/1242 1865/3819/1242 1867/3820/1242
f 1867/3820/1242 1869/3821/1242 1871/3793/1242
f 1871/3793/1242 1873/3822/1242 1875/3823/1242
f 1875/3823/1242 1877/3824/1242 1879/3794/1242
f 1879/3794/1242 1851/3813/1242 1855/3815/1242
f 1855/3815/1242 1859/3817/1242 1863/3792/1242
f 1863/3792/1242 1867/3820/1242 1871/3793/1242
f 1871/3793/1242 1875/3823/1242 1879/3794/1242
f 1879/3794/1242 1855/3815/1242 1863/3792/1242
